"ed2016_ed11form","ed2016_ed11form-2","ed2016_ed11form-3","s0101104","s020100","s020105","s020106","s060100","s060101","s060105","s060106","s060107","s060111","s060800","s060804"
"E01001","E01001","E01001",4560,3471,355,4463,1364,558,2006,3170,963,4322,2041,2415
"E01002","E01002","E01002",1405,1255,28,1401,451,129,610,1081,245,1388,609,747
"E01003","E01003","E01003",526,489,8,524,181,0,185,534,0,541,185,223
"E01004","E01004","E01004",1117,1026,13,1110,379,7,398,1075,20,1122,396,461
"E01005","E01005","E01005",296,275,4,294,96,1,100,289,1,297,100,111
"E01006","E01006","E01006",343,312,3,342,118,0,120,335,0,340,120,138
"E01007","E01007","E01007",729,654,14,725,247,3,253,723,3,733,255,296
"E01008","E01008","E01008",875,794,14,872,302,4,311,851,12,874,311,356
"E01009","E01009","E01009",332,313,7,331,109,0,112,325,0,332,113,130
"E01010","E01010","E01010",283,261,4,279,101,0,101,283,0,283,101,130
"E01011","E01011","E01011",395,374,6,394,125,0,129,386,0,395,128,140
"E01012","E01012","E01012",1025,934,24,1021,343,9,356,1016,16,1040,356,388
"E01013","E01013","E01013",562,507,8,558,195,0,197,573,0,580,197,215
"E01014","E01014","E01014",717,635,14,717,219,6,237,667,10,697,237,257
"E01015","E01015","E01015",425,386,8,423,147,0,149,437,0,441,148,161
"E01016","E01016","E01016",344,325,4,342,116,1,118,343,2,347,119,129
"E01017","E01017","E01017",1051,882,25,1035,348,6,361,951,10,972,361,442
"E01018","E01018","E01018",525,482,10,525,165,1,168,530,1,536,167,177
"E01019","E01019","E01019",14546,11362,718,14429,4924,171,5207,13877,281,14480,5239,5696
"E01020","E01020","E01020",1038,951,11,1034,337,0,352,1011,0,1049,345,377
"E01021","E01021","E01021",1001,907,12,995,345,1,352,1001,1,1016,353,420
"E01022","E01022","E01022",537,492,8,532,182,0,187,538,0,546,185,199
"E01023","E01023","E01023",1103,930,18,1093,350,24,386,1029,47,1116,387,431
"E01024","E01024","E01024",781,706,12,773,257,4,266,764,6,794,267,297
"E01025","E01025","E01025",580,545,3,577,197,3,202,578,9,590,203,247
"E01026","E01026","E01026",465,400,23,464,181,0,183,474,0,476,182,201
"E01027","E01027","E01027",589,550,6,586,198,1,199,598,2,600,199,215
"E01028","E01028","E01028",974,894,20,966,334,3,341,975,8,994,340,375
"E01029","E01029","E01029",438,397,6,430,148,1,150,432,2,439,152,167
"E01030","E01030","E01030",405,369,2,403,138,0,142,400,0,409,140,177
"E01031","E01031","E01031",373,337,9,368,114,0,115,378,0,379,115,119
"E01032","E01032","E01032",1641,1430,35,1612,573,32,608,1542,65,1611,608,702
"E01033","E01033","E01033",654,606,7,651,219,0,226,633,0,658,226,254
"E01034","E01034","E01034",2752,2339,67,2743,983,64,1074,2622,110,2791,1075,1203
"E01035","E01035","E01035",593,534,4,592,192,0,202,574,0,603,202,224
"E01036","E01036","E01036",855,816,3,855,279,1,286,862,3,876,282,309
"E01037","E01037","E01037",576,531,6,575,191,2,194,585,8,594,196,214
"E01038","E01038","E01038",122,104,4,121,49,0,51,117,0,120,51,68
"E01039","E01039","E01039",445,412,5,441,123,0,126,394,0,397,123,136
"E01040","E01040","E01040",1110,1025,7,1102,323,3,338,1055,12,1107,336,376
"E01041","E01041","E01041",292,270,3,292,86,1,91,282,2,294,87,103
"E01042","E01042","E01042",513,453,15,512,161,1,169,499,1,522,169,190
"E01043","E01043","E01043",506,466,2,500,172,0,177,488,0,507,176,197
"E01044","E01044","E01044",437,387,19,436,140,1,143,438,2,443,142,169
"E01045","E01045","E01045",419,392,8,417,142,1,146,416,1,424,145,164
"E01046","E01046","E01046",622,549,6,620,192,1,196,590,6,605,196,212
"E01047","E01047","E01047",846,706,17,815,255,1,259,679,3,693,263,330
"E01048","E01048","E01048",3978,3076,93,3964,1327,95,1469,3656,211,4001,1469,1658
"E01049","E01049","E01049",275,260,0,274,90,0,92,263,0,269,93,112
"E01050","E01050","E01050",208,185,4,208,73,0,76,208,0,214,74,82
"E01051","E01051","E01051",379,344,4,375,127,0,130,370,0,376,129,157
"E01052","E01052","E01052",320,310,2,320,111,1,113,322,1,324,113,128
"E01053","E01053","E01053",401,380,1,400,127,0,128,399,0,402,127,139
"E01054","E01054","E01054",648,578,16,645,239,7,250,634,10,650,251,310
"E02001","E02001","E02001",1785,1057,320,1721,464,217,713,1168,477,1708,729,800
"E02002","E02002","E02002",4166,2133,858,4069,451,1192,1686,1030,2729,3814,1702,1927
"E02003","E02003","E02003",4471,2000,811,3952,139,1581,1745,390,3485,3933,1775,2119
"E02004","E02004","E02004",3109,2066,270,2806,897,266,1209,2032,470,2579,1219,1417
"E02005","E02005","E02005",3293,2491,248,3261,1222,333,1600,2666,603,3352,1608,1797
"E02006","E02006","E02006",10566,8135,802,10508,2163,1791,3983,6373,4125,10582,3995,4373
"E02007","E02007","E02007",2643,2222,146,2616,893,146,1043,2369,296,2680,1047,1151
"E02008","E02008","E02008",5639,4974,196,5610,1509,515,2036,4551,1121,5708,2039,2163
"E02009","E02009","E02009",3718,2866,319,3695,922,573,1547,2273,1292,3689,1555,1821
"E02010","E02010","E02010",3698,2105,584,3398,751,636,1463,1887,1281,3318,1476,1784
"E02011","E02011","E02011",3606,2940,265,3593,867,388,1272,2577,1011,3642,1276,1368
"E02012","E02012","E02012",1887,1727,60,1877,607,77,697,1538,130,1705,698,785
"E02013","E02013","E02013",3521,3143,118,3484,1205,81,1297,3158,148,3334,1303,1400
"E02014","E02014","E02014",2531,2212,105,2505,870,58,948,2391,98,2555,949,1028
"E02015","E02015","E02015",4765,3602,529,4753,905,668,1629,3054,1624,4853,1631,1787
"E02016","E02016","E02016",4379,3649,200,4284,1008,323,1415,3195,792,4306,1385,1452
"E02017","E02017","E02017",6112,5085,273,6005,1431,627,2140,4380,1373,6018,2166,2301
"E02018","E02018","E02018",2458,2014,139,2450,524,366,925,1630,774,2504,927,1002
"E02019","E02019","E02019",1562,1402,37,1551,582,4,591,1521,8,1538,594,635
"E02020","E02020","E02020",2350,2131,52,2328,875,13,899,2291,24,2346,900,951
"E02021","E02021","E02021",2463,2172,77,2447,987,3,1003,2455,6,2494,1005,1087
"E02022","E02022","E02022",4962,4022,507,4943,1289,244,1542,3720,545,4293,1543,1630
"E02023","E02023","E02023",3242,2765,149,3218,1063,223,1318,2704,458,3224,1322,1439
"E02024","E02024","E02024",2135,1864,100,2115,725,0,729,2146,0,2161,729,761
"E02025","E02025","E02025",2051,1783,60,2033,765,24,796,1989,66,2078,797,843
"E02026","E02026","E02026",3590,2948,237,3552,1218,41,1292,3481,50,3608,1293,1398
"E02027","E02027","E02027",3174,2591,211,3141,859,416,1313,2246,761,3096,1317,1474
"E02028","E02028","E02028",3481,2653,281,3369,969,352,1386,2643,702,3433,1398,1567
"E02029","E02029","E02029",2222,1628,210,2163,606,231,879,1699,412,2184,890,1036
"E02030","E02030","E02030",5650,4010,606,5551,1508,728,2444,3990,1318,5655,2453,2773
"E02031","E02031","E02031",3737,3125,215,3719,1370,126,1529,3365,272,3707,1529,1652
"E02032","E02032","E02032",4085,2675,575,4027,1069,624,1800,2735,1151,4065,1809,2049
"E02033","E02033","E02033",1478,1359,33,1474,523,12,536,1472,17,1493,538,567
"E02034","E02034","E02034",2577,2286,98,2570,872,138,1043,2322,180,2602,1044,1119
"E02035","E02035","E02035",2953,2562,126,2939,996,56,1084,2685,112,2892,1088,1159
"E02036","E02036","E02036",2845,2339,147,2824,811,290,1124,2260,540,2872,1126,1201
"E02037","E02037","E02037",3438,3057,106,3400,1141,148,1301,3159,195,3385,1303,1396
"E02038","E02038","E02038",7107,5896,382,7007,2035,629,2704,5752,1227,7084,2720,3058
"E02039","E02039","E02039",3183,2756,151,3152,918,239,1170,2629,412,3076,1173,1281
"E02040","E02040","E02040",2766,2248,116,2599,823,151,993,2307,222,2551,1000,1150
"E02041","E02041","E02041",1791,1548,68,1764,519,90,611,1517,155,1675,613,668
"E02042","E02042","E02042",3658,3140,142,3619,1241,162,1426,3286,309,3643,1434,1549
"E02043","E02043","E02043",2411,2131,71,2399,932,81,1025,2301,114,2444,1026,1093
"E02044","E02044","E02044",3659,2782,254,3584,836,707,1596,2266,1225,3580,1610,1839
"E02045","E02045","E02045",2297,1633,203,2253,686,259,972,1765,449,2266,980,1091
"E02046","E02046","E02046",2468,2123,90,2443,889,27,923,2389,50,2451,927,1028
"E02047","E02047","E02047",5064,3816,388,4986,1181,716,1956,3173,1565,4854,1973,2224
"E02048","E02048","E02048",1697,1276,150,1665,385,353,777,921,666,1661,788,883
"E02049","E02049","E02049",3517,2884,134,3368,1206,92,1314,3055,147,3240,1324,1459
"E02050","E02050","E02050",2836,2543,93,2820,907,78,1000,2475,163,2682,1001,1065
"E02051","E02051","E02051",3319,3102,43,3304,1083,18,1149,3160,34,3332,1133,1191
"E02052","E02052","E02052",2874,2657,48,2869,932,120,1082,2642,174,2908,1085,1179
"E02053","E02053","E02053",3464,3013,101,3448,1186,146,1345,3080,367,3488,1347,1449
"E02054","E02054","E02054",2904,2641,56,2895,994,24,1059,2764,31,2931,1058,1134
"E02055","E02055","E02055",4206,3418,230,4188,943,519,1494,2902,1186,4196,1496,1685
"E02056","E02056","E02056",2645,2485,28,2640,857,18,897,2527,46,2644,899,928
"E02057","E02057","E02057",2427,2270,31,2424,777,30,830,2310,46,2433,832,864
"E02058","E02058","E02058",5806,5024,218,5752,1900,216,2135,5246,408,5708,2145,2353
"E02059","E02059","E02059",9696,8135,466,9654,2345,694,3076,7804,1797,9740,3082,3544
"E02060","E02060","E02060",5326,3864,440,5296,1019,844,1882,3247,2075,5375,1885,2066
"E02061","E02061","E02061",3082,2814,56,3073,1085,21,1124,3020,52,3118,1124,1178
"E02062","E02062","E02062",4005,3502,141,3973,1380,53,1454,3835,126,4024,1456,1537
"E02063","E02063","E02063",2680,2350,77,2665,893,109,1015,2471,202,2702,1016,1060
"E02064","E02064","E02064",2808,2520,70,2794,1010,44,1068,2682,53,2779,1070,1147
"E02065","E02065","E02065",2758,2436,101,2741,945,16,981,2685,37,2777,986,1092
"E02066","E02066","E02066",3919,2604,596,3827,575,362,1004,1397,859,2374,1018,1158
"E02067","E02067","E02067",3666,1800,855,3451,663,765,1597,1566,1482,3358,1624,1897
"E02068","E02068","E02068",2757,1763,519,2708,344,805,1170,752,1915,2715,1179,1342
"E02069","E02069","E02069",3660,3059,215,3642,908,284,1207,2929,721,3707,1210,1285
"E02070","E02070","E02070",2681,2429,132,2677,795,175,985,2332,364,2726,986,1052
"E02071","E02071","E02071",1490,1379,27,1485,454,43,513,1341,109,1497,517,539
"E02072","E02072","E02072",2032,1843,53,2016,746,34,793,1960,48,2040,796,844
"E02073","E02073","E02073",5389,2554,857,4723,300,1383,1759,872,3180,4246,1777,2044
"E02074","E02074","E02074",3963,1518,1313,3896,301,1083,1571,839,2635,3876,1579,1909
"E02075","E02075","E02075",5654,2188,1523,4814,77,1568,1787,217,3592,4158,1816,2319
"E02076","E02076","E02076",1365,995,126,1346,493,103,609,1146,199,1367,613,696
"E02077","E02077","E02077",7695,4481,876,7049,1328,1703,3067,3301,3753,7137,3109,3649
"E02078","E02078","E02078",4214,2641,584,3979,507,1078,1616,1414,2336,3818,1636,1928
"E02079","E02079","E02079",1534,1020,211,1506,74,514,606,197,1026,1250,610,703
"E02080","E02080","E02080",1618,1465,33,1615,432,90,525,1387,195,1591,525,553
"E02081","E02081","E02081",2728,2564,62,2728,700,11,778,2502,41,2780,748,764
"E02082","E02082","E02082",4854,4007,206,4776,848,672,1573,2997,1603,4746,1551,1659
"E02083","E02083","E02083",2756,2484,79,2749,839,76,936,2574,160,2787,937,995
"E02084","E02084","E02084",2839,2618,65,2831,929,1,951,2792,4,2859,952,973
"E02085","E02085","E02085",2488,2228,62,2447,828,28,864,2416,53,2487,863,909
"E02086","E02086","E02086",2169,1903,77,2151,741,51,805,2070,87,2194,807,860
"E02087","E02087","E02087",3672,3195,147,3644,1191,292,1492,3125,540,3685,1496,1630
"E02088","E02088","E02088",5965,2713,1289,5123,122,1766,1964,319,4072,4585,1976,2279
"E02089","E02089","E02089",2458,1093,560,2220,32,948,999,78,1931,2047,1009,1227
"E02090","E02090","E02090",3286,2656,220,3127,927,277,1217,2537,559,3124,1262,1513
"E02091","E02091","E02091",4128,3295,331,4046,1362,228,1638,3428,593,4146,1657,1841
"E02092","E02092","E02092",2153,1783,133,2121,753,57,824,2015,116,2166,830,913
"E02093","E02093","E02093",3456,2692,261,3325,784,329,1183,1905,762,2874,1199,1310
"E02094","E02094","E02094",3056,2422,239,3020,626,682,1317,1591,1323,2935,1322,1533
"E02095","E02095","E02095",3254,2695,210,3226,397,320,743,1371,754,2218,734,761
"E02096","E02096","E02096",2836,2678,47,2833,930,69,1064,2611,80,2856,1067,1113
"E02097","E02097","E02097",4545,3694,258,4413,925,440,1397,3273,1059,4465,1398,1485
"E02098","E02098","E02098",3714,3238,156,3692,1338,62,1440,3539,109,3755,1443,1540
"E02099","E02099","E02099",2968,2623,116,2955,1105,52,1183,2848,80,2993,1185,1273
"E02100","E02100","E02100",2331,1979,166,2319,758,135,919,1979,318,2362,924,1010
"E02101","E02101","E02101",4089,3505,265,4069,1460,151,1638,3751,305,4140,1643,1763
"E02102","E02102","E02102",2793,2437,147,2784,1011,42,1070,2678,99,2827,1073,1164
"E02103","E02103","E02103",2985,2476,295,2971,995,96,1099,2539,263,2827,1103,1211
"E02104","E02104","E02104",2677,2534,36,2675,992,9,1043,2575,25,2700,1044,1110
"E02105","E02105","E02105",3588,3355,62,3555,1251,82,1342,3419,119,3557,1341,1424
"E02106","E02106","E02106",2392,1854,158,2380,810,197,1025,1875,451,2384,1027,1170
"E02107","E02107","E02107",2218,1841,112,2161,541,235,815,1511,474,2070,820,896
"E02108","E02108","E02108",2534,2227,92,2521,803,272,1099,1986,500,2546,1104,1201
"E02109","E02109","E02109",2414,1647,253,2279,340,682,1032,880,1343,2246,1038,1241
"E02110","E02110","E02110",5186,3642,721,5130,1017,1062,2106,2603,2434,5115,2117,2320
"E02111","E02111","E02111",1944,1747,59,1937,712,6,731,1883,18,1951,732,774
"E02112","E02112","E02112",3572,3190,148,3560,1371,42,1423,3517,61,3606,1428,1535
"E02113","E02113","E02113",3043,2356,282,3014,815,344,1182,2209,694,2956,1185,1303
"E02114","E02114","E02114",2462,2099,135,2443,872,109,1002,2265,186,2507,1003,1103
"E02115","E02115","E02115",3395,2881,189,3369,1149,160,1338,3066,261,3410,1342,1463
"E02116","E02116","E02116",2657,2526,31,2655,960,5,991,2565,11,2678,978,1016
"E02117","E02117","E02117",4665,2950,456,3993,177,1380,1579,393,2819,3252,1605,1917
"E02118","E02118","E02118",1311,565,107,811,62,200,290,141,357,530,308,449
"E02119","E02119","E02119",2513,1721,315,2455,40,886,934,91,1874,1983,944,1106
"E02120","E02120","E02120",3966,2122,793,3866,510,1201,1749,1033,2666,3785,1774,2110
"E02121","E02121","E02121",3566,2226,672,3516,407,1180,1608,989,2529,3559,1615,1782
"E02122","E02122","E02122",2185,1636,226,2139,788,123,924,1881,260,2172,929,1035
"E02123","E02123","E02123",2489,1252,602,2258,406,570,993,1028,1206,2262,1033,1149
"E02124","E02124","E02124",2158,1261,400,2095,463,355,871,1102,740,1937,889,1061
"E02125","E02125","E02125",5078,4361,239,5029,1082,996,2102,2852,2214,5129,2118,2296
"E02126","E02126","E02126",3818,2940,273,3656,1061,351,1433,2971,631,3636,1447,1662
"E02127","E02127","E02127",3920,3090,318,3863,1199,398,1609,3086,735,3846,1627,1938
"E02128","E02128","E02128",5263,3845,719,5118,873,975,1854,2422,1973,4408,1877,2218
"E02129","E02129","E02129",3902,2545,509,3510,698,690,1393,1930,1283,3225,1421,1840
"E02130","E02130","E02130",4992,3433,483,4655,1142,1016,2178,2776,1929,4751,2205,2543
"E02131","E02131","E02131",3003,1884,368,2683,542,610,1179,1390,1151,2606,1215,1677
"E02132","E02132","E02132",4852,2788,690,4210,731,1142,1921,1847,1943,3869,1952,2488
"E02133","E02133","E02133",4683,3388,461,4437,1143,401,1580,3150,696,3926,1599,1861
"E02134","E02134","E02134",4836,3274,584,4671,992,1112,2167,2544,1907,4558,2188,2641
"E02135","E02135","E02135",6058,4530,600,5830,1202,1175,2410,3264,2273,5605,2453,2864
"E02136","E02136","E02136",3351,2633,225,3287,904,371,1318,2610,654,3317,1329,1506
"E02137","E02137","E02137",2757,1980,288,2714,749,350,1136,2163,590,2801,1150,1349
"E02138","E02138","E02138",5461,3597,745,5373,1035,1484,2698,2437,2525,5229,2727,3142
"E02139","E02139","E02139",3713,2230,624,3603,751,959,1810,1853,1628,3649,1832,2088
"E02140","E02140","E02140",2681,1899,285,2614,563,478,1091,1711,825,2613,1103,1293
"E02141","E02141","E02141",3106,2181,371,3048,616,673,1348,1829,1183,3097,1362,1631
"E02142","E02142","E02142",3390,2460,385,3327,853,515,1445,2342,904,3359,1454,1749
"E02143","E02143","E02143",2859,1871,387,2807,641,530,1256,1812,927,2865,1273,1527
"E02144","E02144","E02144",4329,1976,568,3012,68,1077,1167,170,1974,2192,1224,1790
"E02145","E02145","E02145",2082,1188,254,1613,17,574,606,39,1107,1171,639,842
"E02146","E02146","E02146",5122,2627,879,4335,581,1018,1696,1333,1918,3412,1732,2086
"E02147","E02147","E02147",7004,4148,967,6462,372,2639,3035,943,5267,6258,3117,4000
"E02148","E02148","E02148",3741,2952,270,3705,1247,252,1531,3324,419,3797,1537,1722
"E02149","E02149","E02149",3490,2914,213,3453,1133,266,1414,2994,499,3520,1416,1571
"E02150","E02150","E02150",1854,1639,74,1837,584,48,633,1722,90,1814,637,690
"E02151","E02151","E02151",792,697,28,783,272,5,279,785,10,798,279,315
"E02152","E02152","E02152",3930,2123,845,3858,188,1471,1675,405,3232,3673,1695,1928
"E02153","E02153","E02153",1312,736,237,1302,19,604,630,52,1242,1308,637,761
"E02154","E02154","E02154",3983,2743,530,3963,494,1130,1643,1240,2661,3942,1649,1950
"E02155","E02155","E02155",2188,1493,304,2168,472,471,976,1088,1037,2200,986,1231
"E02156","E02156","E02156",1790,1394,191,1774,337,444,789,835,959,1808,792,854
"E02157","E02157","E02157",3484,2714,341,3436,711,481,1234,1700,953,2711,1240,1344
"E02158","E02158","E02158",2765,2024,389,2748,728,312,1043,1895,879,2784,1045,1134
"E02159","E02159","E02159",1885,1648,96,1877,716,19,751,1818,45,1898,751,809
"E02160","E02160","E02160",2169,1882,95,2153,817,74,906,2024,116,2166,908,1006
"E02161","E02161","E02161",2606,2029,190,2489,164,1018,1195,405,1825,2259,1205,1330
"E02162","E02162","E02162",3414,2153,569,3345,965,555,1621,2165,999,3337,1632,2061
"E03001","E03001","E03001",921,757,50,918,230,64,307,740,138,914,303,323
"E03002","E03002","E03002",5028,4505,177,4982,1558,120,1694,4780,243,5082,1691,1832
"E03003","E03003","E03003",4496,4081,122,4486,1274,42,1368,4259,101,4472,1367,1458
"E03004","E03004","E03004",2047,1727,76,1963,587,19,612,1783,47,1842,612,635
"E03005","E03005","E03005",2581,2257,203,2577,607,147,779,2071,394,2549,778,820
"E03006","E03006","E03006",11323,9168,845,11291,3157,441,3733,10051,1039,11496,3717,3889
"E03007","E03007","E03007",11316,8128,873,11037,3000,754,3793,8802,2022,10935,3797,4030
"E03008","E03008","E03008",6376,5602,310,6339,1844,131,2030,5931,390,6489,2031,2112
"E03009","E03009","E03009",4096,3786,83,4091,1232,66,1331,3906,163,4169,1331,1360
"E03010","E03010","E03010",9152,7383,407,8903,2773,216,3065,8003,507,8746,3066,3265
"E03011","E03011","E03011",5757,5037,283,5718,1805,89,1906,5500,155,5693,1909,2006
"E03012","E03012","E03012",8230,7089,521,8182,2272,299,2591,7634,659,8364,2596,2746
"E03013","E03013","E03013",3505,3208,100,3475,1230,18,1258,3494,33,3562,1253,1324
"E03014","E03014","E03014",12214,10230,938,12130,3412,474,3920,11058,1063,12232,3925,4079
"E03015","E03015","E03015",32236,23253,4585,32079,8378,1079,9598,29255,2848,32648,9600,10056
"E03016","E03016","E03016",5196,4416,300,5139,1738,147,1897,4833,273,5148,1905,2022
"E03017","E03017","E03017",10658,7553,1586,10493,2562,876,3481,7942,2469,10566,3496,3766
"E03018","E03018","E03018",4257,3566,211,4218,1131,212,1400,3454,478,4093,1382,1493
"E03019","E03019","E03019",3625,3183,152,3598,1397,22,1429,3562,47,3635,1431,1527
"E03020","E03020","E03020",7521,6622,280,7355,2033,67,2151,6514,179,6877,2151,2242
"E03021","E03021","E03021",5009,4147,287,4983,1389,348,1766,4078,820,4976,1769,1918
"E03022","E03022","E03022",2612,2345,74,2569,944,7,960,2567,19,2606,961,1038
"E03023","E03023","E03023",3288,2891,146,3232,1096,143,1240,2976,272,3250,1247,1346
"E03024","E03024","E03024",4602,3868,302,4552,1330,264,1599,4084,544,4644,1603,1690
"E03025","E03025","E03025",3877,3403,168,3853,1310,89,1412,3669,167,3865,1416,1527
"E03026","E03026","E03026",3099,2584,176,3049,932,303,1239,2554,530,3094,1247,1381
"E03027","E03027","E03027",4640,3198,516,4542,754,639,1443,2397,1634,4188,1425,1698
"E03028","E03028","E03028",1538,1413,46,1535,527,50,579,1478,89,1571,579,608
"E03029","E03029","E03029",1692,1410,64,1677,561,3,574,1651,10,1708,570,588
"E03030","E03030","E03030",8380,6972,696,8329,1920,305,2368,6894,799,8245,2365,2440
"E03031","E03031","E03031",1934,1406,160,1913,383,363,758,1079,823,1940,761,951
"E03032","E03032","E03032",17824,13942,1848,17775,4042,1358,5528,14205,3414,18080,5530,5831
"E03033","E03033","E03033",3958,3583,105,3955,1135,41,1235,3716,105,4024,1234,1276
"E03034","E03034","E03034",4386,4040,102,4374,1513,7,1532,4429,15,4483,1534,1588
"E03035","E03035","E03035",8478,7086,554,8459,1988,685,2751,6703,1664,8599,2751,2941
"E03036","E03036","E03036",3996,3311,197,3938,1225,181,1411,3514,471,3998,1417,1488
"E03037","E03037","E03037",3386,3023,112,3359,1248,26,1288,3333,47,3412,1289,1354
"E03038","E03038","E03038",4579,3757,233,4504,1336,232,1603,3916,516,4545,1601,1680
"E03039","E03039","E03039",11012,6922,1435,10825,1962,1670,3676,5942,4299,10404,3687,4021
"E03040","E03040","E03040",4956,4487,131,4935,1689,113,1816,4679,263,4982,1822,1919
"E03041","E03041","E03041",2714,2414,104,2679,924,32,961,2585,66,2661,962,1037
"E03042","E03042","E03042",4856,4242,228,4800,1567,177,1750,4511,303,4828,1751,1900
"E03043","E03043","E03043",3449,3152,82,3427,1262,24,1289,3423,37,3472,1289,1355
"E03044","E03044","E03044",2056,1890,59,2034,719,0,724,2026,0,2046,724,779
"E03045","E03045","E03045",2246,2080,55,2226,804,1,809,2267,2,2280,811,857
"E03046","E03046","E03046",2074,1777,102,2035,551,254,807,1567,500,2074,810,910
"E03047","E03047","E03047",2151,1896,76,2140,751,104,869,1976,185,2199,871,942
"E03048","E03048","E03048",2872,2594,96,2843,1087,19,1112,2829,43,2890,1115,1195
"E03049","E03049","E03049",2568,2380,52,2550,1063,8,1081,2550,17,2592,1082,1144
"E04001","E04001","E04001",5018,2720,595,4467,27,1474,1518,60,3557,3681,1547,1757
"E04002","E04002","E04002",16495,11916,1944,16430,4246,893,5259,13771,2306,16513,5261,5753
"E04003","E04003","E04003",8116,6337,536,8040,2396,465,2896,6941,1048,8087,2908,3176
"E04004","E04004","E04004",7524,6340,325,7475,2241,454,2704,6492,996,7511,2706,2873
"E04005","E04005","E04005",3113,2236,189,2794,594,82,712,2178,178,2493,719,778
"E04006","E04006","E04006",1162,1034,48,1153,342,10,359,1094,23,1131,358,409
"E04007","E04007","E04007",707,652,8,706,213,0,224,711,0,727,216,236
"E04008","E04008","E04008",6195,3631,1235,6123,794,1045,1928,2610,2830,5703,1880,2047
"E04009","E04009","E04009",38894,27259,4911,38696,10164,1419,11755,34859,3732,39245,11767,12388
"E04010","E04010","E04010",11320,8229,1406,11205,2859,629,3567,9246,1699,11229,3577,3747
"E04011","E04011","E04011",3871,3260,249,3862,1226,23,1271,3785,65,3929,1272,1310
"E04012","E04012","E04012",5153,3734,502,5105,1431,442,1893,4012,1145,5209,1897,1994
"E04013","E04013","E04013",4123,2489,744,4100,1037,169,1247,3667,341,4181,1250,1311
"E04014","E04014","E04014",1688,1435,107,1675,624,24,650,1635,51,1695,650,688
"E04015","E04015","E04015",3257,2173,604,3242,642,276,965,2365,758,3269,966,1010
"E04016","E04016","E04016",19027,14644,1735,18840,5046,1101,6200,16219,2592,18989,6207,6761
"E04017","E04017","E04017",5329,4219,381,5182,1328,561,1911,3884,1250,5216,1923,2163
"E04018","E04018","E04018",837,752,31,834,249,1,261,797,2,842,261,280
"E04019","E04019","E04019",9399,7838,450,9333,2520,501,3102,8103,977,9323,3083,3345
"E04020","E04020","E04020",7372,4634,1043,7332,933,1460,2468,3092,3834,7177,2460,2655
"E04021","E04021","E04021",1628,1370,85,1571,473,4,489,1529,11,1574,482,519
"E04022","E04022","E04022",1397,1273,23,1391,432,17,455,1339,39,1397,451,483
"E04023","E04023","E04023",3458,3124,64,3426,1119,47,1180,3348,87,3473,1180,1278
"E04024","E04024","E04024",8294,6887,403,8148,2665,384,3069,7463,732,8248,3085,3527
"E04025","E04025","E04025",2263,2047,47,2246,679,6,707,2081,12,2160,705,762
"E04026","E04026","E04026",9621,7295,662,9457,2173,963,3193,6880,2255,9289,3201,3492
"E04027","E04027","E04027",1436,1205,76,1422,357,19,380,1295,55,1357,379,413
"E04028","E04028","E04028",9623,7881,490,9572,2838,131,3020,9204,309,9652,3012,3201
"E04029","E04029","E04029",7429,5934,435,7247,1998,679,2702,5916,1355,7333,2725,3193
"E04030","E04030","E04030",6149,5114,287,6071,1884,246,2148,5667,493,6224,2157,2353
"E04031","E04031","E04031",4109,3531,113,3947,1370,29,1411,3919,49,3998,1415,1499
"E04032","E04032","E04032",3621,3031,151,3576,966,387,1375,2744,802,3628,1376,1476
"E04033","E04033","E04033",9921,8069,374,9861,2941,228,3222,9204,557,9925,3220,3542
"E04034","E04034","E04034",8501,7207,339,8439,2668,255,2949,7989,541,8609,2954,3261
"E04035","E04035","E04035",5680,4808,282,5609,2069,133,2215,5405,254,5688,2220,2390
"E04036","E04036","E04036",15153,11512,1025,15066,4112,815,5006,12994,2073,15320,5017,5335
"E04037","E04037","E04037",7711,6287,322,7620,2357,31,2430,7486,71,7700,2433,2548
"E04038","E04038","E04038",10447,7587,779,10366,2750,578,3401,8780,1481,10502,3404,3728
"E04039","E04039","E04039",7003,5536,354,6860,1871,332,2265,6042,729,6958,2264,2472
"E04040","E04040","E04040",2674,1763,251,2612,691,311,1006,1891,694,2594,1012,1116
"E04041","E04041","E04041",9602,6120,1454,9534,2290,381,2735,8221,1051,9506,2735,2981
"E04042","E04042","E04042",1700,1408,95,1692,549,10,564,1662,29,1704,564,601
"E05001","E05001","E05001",2537,2236,121,2511,947,3,957,2538,10,2565,957,993
"E05002","E05002","E05002",2028,1792,71,1987,765,7,779,1990,10,2018,779,826
"E05003","E05003","E05003",2253,1984,92,2231,805,12,820,2237,19,2268,822,877
"E05004","E05004","E05004",1639,1384,74,1605,589,2,593,1563,3,1574,597,633
"E05005","E05005","E05005",1848,1635,70,1828,659,16,683,1809,18,1854,685,720
"E05006","E05006","E05006",5405,4597,303,5363,1404,614,2024,4135,1309,5464,2029,2195
"E05007","E05007","E05007",2962,2685,87,2927,980,9,995,2874,22,2916,995,1038
"E05008","E05008","E05008",3436,2573,332,3335,806,556,1364,2215,1112,3333,1385,1578
"E05009","E05009","E05009",6318,4929,633,6229,1750,443,2195,5027,993,6029,2205,2397
"E05010","E05010","E05010",3733,2828,368,3654,977,355,1337,2968,687,3670,1353,1534
"E05011","E05011","E05011",2083,1564,263,1982,542,140,683,1665,274,1941,695,771
"E05012","E05012","E05012",3239,2569,214,3191,1072,283,1358,2731,495,3235,1365,1533
"E05013","E05013","E05013",2316,1887,132,2283,745,32,782,2125,44,2178,782,831
"E05014","E05014","E05014",1450,1104,114,1419,413,113,529,1237,216,1457,534,624
"E05015","E05015","E05015",2462,2066,126,2442,809,125,942,2238,221,2486,946,1024
"E05016","E05016","E05016",2658,2106,239,2626,790,238,1034,2135,487,2633,1040,1180
"E05017","E05017","E05017",2982,2147,384,2861,535,484,1023,1554,996,2573,1038,1177
"E05018","E05018","E05018",2702,2220,176,2656,790,186,981,2215,429,2662,984,1069
"E05019","E05019","E05019",2686,2440,82,2664,901,9,913,2676,19,2700,911,950
"E05020","E05020","E05020",4280,2856,648,4233,493,1106,1619,1665,2605,4325,1628,1910
"E05021","E05021","E05021",4997,4205,260,4930,1484,201,1703,4317,445,4818,1703,1824
"E05022","E05022","E05022",1476,1230,83,1461,452,151,606,1170,290,1471,609,668
"E05023","E05023","E05023",1411,1211,70,1393,441,39,482,1337,76,1419,483,520
"E05024","E05024","E05024",3165,2683,191,3133,1127,30,1165,3129,50,3201,1166,1241
"E05025","E05025","E05025",1943,1678,109,1919,636,43,684,1706,74,1791,688,760
"E05026","E05026","E05026",1481,1260,61,1457,492,44,537,1376,90,1471,541,592
"E05027","E05027","E05027",3122,1667,607,2561,330,416,765,1005,1153,2208,866,897
"E05028","E05028","E05028",1615,1363,100,1592,594,87,687,1424,173,1610,697,758
"E05029","E05029","E05029",2049,1616,186,2027,586,126,714,1800,248,2056,718,796
"E05030","E05030","E05030",2699,2075,236,2656,664,354,1024,1958,739,2717,1032,1193
"E05031","E05031","E05031",2736,2084,311,2697,824,175,1011,2175,387,2596,1021,1140
"E05032","E05032","E05032",1357,1165,51,1337,485,5,490,1329,12,1341,490,522
"E05033","E05033","E05033",1756,1420,89,1730,498,157,660,1367,266,1648,662,787
"E05034","E05034","E05034",1341,1093,82,1324,499,69,577,1215,107,1339,581,703
"E05035","E05035","E05035",1617,1146,117,1435,509,84,600,1218,150,1383,605,708
"E05036","E05036","E05036",2118,1753,86,2081,698,52,752,2030,99,2133,755,827
"E05037","E05037","E05037",8035,5361,1236,7851,1625,1467,3119,4529,3282,7895,3154,3465
"E05038","E05038","E05038",3274,2503,331,3226,795,438,1238,2325,950,3290,1247,1384
"E05039","E05039","E05039",7688,5747,679,7530,1396,1557,2975,4034,3518,7616,2991,3265
"E05040","E05040","E05040",2165,1763,153,2106,713,95,812,1918,218,2145,817,867
"E05041","E05041","E05041",2491,2068,149,2444,824,77,908,2297,152,2467,913,989
"E05042","E05042","E05042",2489,1480,303,2188,442,448,930,1231,805,2100,941,1165
"E05043","E05043","E05043",2807,2256,196,2765,942,143,1102,2418,233,2681,1108,1253
"E05044","E05044","E05044",1929,1467,165,1892,545,137,697,1607,283,1911,702,790
"E05045","E05045","E05045",2225,1739,208,2199,673,169,852,1815,390,2235,855,939
"E05046","E05046","E05046",1779,1548,69,1773,552,73,636,1600,151,1783,638,675
"E05047","E05047","E05047",2860,2474,112,2800,952,72,1031,2675,136,2830,1034,1082
"E05048","E05048","E05048",1441,1251,65,1430,476,100,581,1227,203,1441,585,612
"E05049","E05049","E05049",2886,2330,202,2851,899,157,1066,2512,371,2903,1067,1180
"E05050","E05050","E05050",3690,2892,239,3636,1179,219,1411,3351,330,3698,1414,1612
"E05051","E05051","E05051",1729,1224,200,1704,333,407,745,920,770,1704,748,906
"E05052","E05052","E05052",2690,1825,364,2653,589,515,1111,1418,1116,2554,1119,1294
"E05053","E05053","E05053",1680,1434,83,1662,601,1,602,1711,1,1712,602,637
"E05054","E05054","E05054",5951,4963,319,5861,1897,103,2007,5765,196,5980,2020,2235
"E05055","E05055","E05055",2448,2059,127,2415,821,16,842,2408,31,2458,844,895
"E05056","E05056","E05056",1445,1162,84,1417,448,56,510,1325,119,1461,513,580
"E05057","E05057","E05057",19773,15056,1829,19292,4116,2271,6450,13826,5218,19251,6474,7185
"E05058","E05058","E05058",3330,2692,194,3280,1117,50,1182,3252,98,3385,1194,1332
"E05059","E05059","E05059",6386,5642,215,6343,2008,187,2213,5936,409,6393,2214,2360
"E05060","E05060","E05060",5623,4638,321,5576,1602,307,1939,4891,636,5619,1935,2071
"E05061","E05061","E05061",3268,2843,152,3241,1004,110,1134,2964,202,3222,1135,1196
"E05062","E05062","E05062",5488,4485,341,5440,1730,170,1904,5142,404,5557,1907,2024
"E05063","E05063","E05063",2955,2517,133,2897,967,15,990,2845,43,2907,992,1076
"E05064","E05064","E05064",3973,3338,231,3934,1336,103,1456,3706,217,3968,1462,1583
"E05065","E05065","E05065",2714,2112,239,2669,661,410,1075,1836,855,2703,1082,1188
"E05066","E05066","E05066",3217,2503,307,3154,863,240,1109,2619,539,3171,1114,1208
"E05067","E05067","E05067",2383,2022,156,2352,789,15,809,2354,34,2403,814,902
"E05068","E05068","E05068",2195,1740,187,2163,599,235,835,1756,433,2192,837,910
"E05069","E05069","E05069",1111,775,73,1015,158,100,262,526,217,750,262,306
"E06001","E06001","E06001",3910,3117,226,3890,1247,248,1520,3413,424,3897,1523,1779
"E06002","E06002","E06002",2971,2570,139,2960,997,122,1140,2636,185,2876,1140,1339
"E06003","E06003","E06003",21597,16658,1567,21395,6246,883,7183,19254,1953,21374,7196,7818
"E06004","E06004","E06004",3834,3099,210,3803,1233,64,1323,3520,133,3727,1324,1526
"E06005","E06005","E06005",203,185,4,203,75,0,81,201,0,210,78,85
"E06006","E06006","E06006",1133,1013,27,1129,384,8,397,1117,16,1144,397,450
"E06007","E06007","E06007",614,567,7,612,203,2,223,563,4,607,214,229
"E06008","E06008","E06008",1789,1576,49,1777,530,6,542,1795,10,1822,541,575
"E06009","E06009","E06009",266,241,2,266,93,3,98,261,5,273,96,103
"E06010","E06010","E06010",167,157,2,167,57,6,65,158,7,167,66,72
"E06011","E06011","E06011",413,352,10,395,135,8,147,380,12,398,145,151
"E06012","E06012","E06012",624,544,15,612,208,5,217,606,8,629,216,250
"E06013","E06013","E06013",1637,1452,37,1631,564,29,601,1592,56,1672,600,687
"E06014","E06014","E06014",528,491,3,527,172,4,179,514,6,527,178,198
"E06015","E06015","E06015",479,438,1,476,152,0,159,475,0,494,156,169
"E06016","E06016","E06016",410,380,9,410,129,0,131,403,0,410,130,144
"E06017","E06017","E06017",775,696,21,768,260,2,265,764,3,780,266,298
"E06018","E06018","E06018",624,581,7,621,208,2,216,595,5,620,215,245
"E06019","E06019","E06019",477,426,7,472,144,1,153,461,2,478,148,163
"E06020","E06020","E06020",231,215,5,229,76,0,77,227,0,229,77,89
"E06021","E06021","E06021",172,155,6,172,61,0,62,172,0,173,61,69
"E06022","E06022","E06022",634,600,1,623,197,2,204,607,5,618,204,214
"E06023","E06023","E06023",742,664,20,734,217,5,232,713,11,749,233,253
"E06024","E06024","E06024",392,351,9,388,128,5,134,384,6,392,134,162
"E06025","E06025","E06025",677,627,8,670,198,4,205,668,5,676,203,224
"E06026","E06026","E06026",859,776,24,852,253,1,262,830,3,851,258,282
"E06027","E06027","E06027",4897,4214,248,4885,1462,187,1685,4346,357,4787,1685,1919
"E06028","E06028","E06028",487,440,6,484,156,2,161,487,3,500,163,180
"E06029","E06029","E06029",823,744,10,817,233,5,240,804,13,830,240,264
"E06030","E06030","E06030",1081,1005,11,1074,323,2,336,1059,2,1100,331,352
"E06031","E06031","E06031",160,142,4,159,50,1,52,153,1,157,51,55
"E06032","E06032","E06032",660,608,14,660,220,1,226,666,1,675,222,232
"E06033","E06033","E06033",2403,2068,95,2363,606,11,630,1992,23,2044,628,660
"E06034","E06034","E06034",15653,12713,876,15534,4719,254,5009,14968,555,15643,5016,5318
"E06035","E06035","E06035",1571,1405,35,1560,465,3,474,1563,12,1588,472,508
"E06036","E06036","E06036",793,708,27,787,256,6,264,794,10,810,262,281
"E06037","E06037","E06037",6257,5024,474,6202,1628,440,2081,5151,1035,6223,2087,2263
"E06038","E06038","E06038",6930,5491,350,6870,1849,306,2174,5954,730,6740,2181,2416
"E06039","E06039","E06039",15576,12884,1088,15452,4765,433,5232,14585,941,15640,5243,5529
"E06040","E06040","E06040",15998,11917,1343,15508,4138,841,5043,12983,1915,15083,5154,5590
"E06041","E06041","E06041",2035,1759,65,1994,619,28,654,1941,51,2005,658,764
"E06042","E06042","E06042",576,514,12,574,199,7,209,572,11,588,209,231
"E06043","E06043","E06043",1414,1196,63,1373,413,27,443,1315,52,1377,445,480
"E06044","E06044","E06044",1913,1769,28,1899,594,13,616,1872,45,1943,613,688
"E06045","E06045","E06045",290,264,0,287,88,3,95,278,6,290,93,104
"E06046","E06046","E06046",399,370,7,397,122,4,129,394,6,409,127,140
"E06047","E06047","E06047",270,243,11,267,81,1,84,266,1,272,84,92
"E06048","E06048","E06048",733,693,9,732,234,5,241,732,9,746,239,257
"E06049","E06049","E06049",331,313,6,329,104,2,106,333,2,335,107,117
"E06050","E06050","E06050",871,798,10,865,282,2,296,861,2,888,284,300
"E06051","E06051","E06051",753,676,18,752,232,1,234,745,3,753,234,250
"E06052","E06052","E06052",187,175,4,187,63,1,65,184,1,186,64,68
"E06053","E06053","E06053",2508,2240,67,2498,826,42,880,2423,64,2512,880,981
"E06054","E06054","E06054",929,850,12,927,268,1,270,928,4,934,269,290
"E06055","E06055","E06055",1182,1049,28,1182,383,5,394,1168,9,1188,389,409
"E06056","E06056","E06056",1517,1370,29,1513,530,10,545,1519,15,1547,543,613
"E06057","E06057","E06057",1945,1784,51,1937,592,40,645,1795,94,1922,648,714
"E06058","E06058","E06058",1058,961,22,1055,342,6,363,982,10,1035,361,417
"E06059","E06059","E06059",4940,4066,208,4917,1359,210,1590,4500,454,5009,1585,1736
"E06060","E06060","E06060",1991,1714,63,1968,596,81,688,1846,146,2020,690,740
"E06061","E06061","E06061",1823,1648,24,1817,495,15,521,1774,33,1835,516,547
"E06062","E06062","E06062",8142,6509,435,8045,2124,618,2767,6694,1301,8079,2780,3043
"E06063","E06063","E06063",785,724,19,782,245,1,247,787,1,789,249,277
"E06064","E06064","E06064",2962,2591,111,2949,943,20,973,2941,41,3005,970,1034
"E06065","E06065","E06065",2732,2438,88,2713,799,24,832,2676,57,2759,832,870
"E06066","E06066","E06066",7762,6034,409,7727,2274,529,2852,6473,1091,7709,2848,3109
"E06067","E06067","E06067",472,434,15,471,136,1,139,421,3,431,138,154
"E06068","E06068","E06068",616,569,11,612,205,0,206,615,0,617,205,222
"E06069","E06069","E06069",947,835,30,938,310,3,320,921,4,942,318,354
"E06070","E06070","E06070",3499,3025,128,3475,1093,56,1163,3340,105,3488,1164,1263
"E06071","E06071","E06071",9874,8183,594,9819,2884,424,3357,8795,861,9809,3358,3591
"E06072","E06072","E06072",4692,4178,122,4677,1376,155,1533,4406,332,4745,1535,1664
"E06073","E06073","E06073",265,227,4,251,87,5,92,231,5,236,92,105
"E06074","E06074","E06074",2256,2024,39,2251,699,15,733,2201,32,2276,715,768
"E06075","E06075","E06075",2114,1893,64,2109,634,40,694,2017,67,2132,691,736
"E06076","E06076","E06076",571,519,15,569,181,1,183,574,1,578,183,196
"E06077","E06077","E06077",964,849,44,955,288,4,296,970,9,991,296,326
"E06078","E06078","E06078",14781,11821,798,14676,4313,432,4792,13779,967,14878,4791,5136
"E06079","E06079","E06079",2739,2062,118,2719,732,200,942,2277,480,2783,944,1025
"E06080","E06080","E06080",920,814,15,917,295,0,299,930,0,941,299,325
"E06081","E06081","E06081",983,899,12,975,265,10,293,860,24,936,280,310
"E06082","E06082","E06082",743,677,13,738,232,0,233,756,0,759,232,250
"E06083","E06083","E06083",314,281,5,309,104,10,115,301,17,320,115,130
"E06084","E06084","E06084",598,530,19,595,190,5,204,571,15,612,198,216
"E06085","E06085","E06085",1142,1013,23,1131,349,1,353,1161,2,1170,351,377
"E06086","E06086","E06086",1983,1832,33,1981,656,14,682,1921,24,1978,676,744
"E06087","E06087","E06087",1161,1086,14,1161,361,0,370,1164,0,1185,363,391
"E06088","E06088","E06088",845,743,26,835,262,0,263,838,0,843,263,275
"E06089","E06089","E06089",530,498,6,529,167,0,172,509,0,525,171,188
"E07001","E07001","E07001",5782,4286,378,5621,1786,410,2246,4591,763,5460,2256,2603
"E07002","E07002","E07002",4060,2992,211,3803,1197,364,1578,2802,656,3497,1586,1867
"E07003","E07003","E07003",598,532,9,575,183,1,186,574,1,580,187,198
"E07004","E07004","E07004",1641,1442,32,1630,527,1,534,1589,3,1611,531,586
"E07005","E07005","E07005",1784,1450,52,1768,654,25,687,1655,35,1714,689,806
"E07006","E07006","E07006",496,436,16,489,144,1,145,459,1,460,145,161
"E07007","E07007","E07007",400,361,4,399,138,2,141,397,2,402,140,155
"E07008","E07008","E07008",218,194,4,218,75,0,76,224,0,226,76,84
"E07009","E07009","E07009",646,583,13,642,214,2,220,645,5,661,220,251
"E07010","E07010","E07010",210,191,1,210,80,1,83,209,2,215,83,91
"E07011","E07011","E07011",716,640,11,712,247,2,253,694,3,706,251,282
"E07012","E07012","E07012",508,473,6,508,169,1,174,519,5,534,172,196
"E07013","E07013","E07013",252,193,13,249,72,2,76,195,3,204,77,93
"E07014","E07014","E07014",165,144,0,165,59,0,59,167,0,167,59,73
"E07015","E07015","E07015",466,421,4,463,155,0,157,473,0,480,156,182
"E07016","E07016","E07016",135,124,4,133,48,0,48,135,0,135,48,55
"E07017","E07017","E07017",981,872,21,978,340,2,346,970,4,988,346,390
"E07018","E07018","E07018",170,166,1,170,54,1,56,167,1,169,55,66
"E07019","E07019","E07019",1835,1613,38,1827,672,2,682,1800,3,1823,684,761
"E07020","E07020","E07020",448,392,9,444,149,0,151,448,0,455,151,173
"E07021","E07021","E07021",433,388,6,429,139,0,142,423,0,428,142,168
"E07022","E07022","E07022",195,181,5,195,70,0,71,196,0,200,71,87
"E07023","E07023","E07023",417,369,3,413,146,1,150,416,1,421,151,174
"E07024","E07024","E07024",385,362,4,383,115,0,116,379,0,380,117,154
"E07025","E07025","E07025",1513,1355,42,1512,500,13,528,1393,21,1456,527,597
"E07026","E07026","E07026",2318,2073,41,2302,849,13,869,2290,19,2325,867,987
"E07027","E07027","E07027",1221,1143,8,1220,436,3,449,1215,3,1240,448,505
"E07028","E07028","E07028",246,237,1,246,83,1,86,248,1,251,85,92
"E07029","E07029","E07029",449,420,5,442,148,0,150,443,0,448,150,161
"E07030","E07030","E07030",1270,1161,15,1269,435,0,448,1234,0,1279,445,505
"E07031","E07031","E07031",450,396,24,450,147,1,153,448,4,462,152,167
"E07032","E07032","E07032",559,524,8,555,169,1,171,554,3,559,171,193
"E07033","E07033","E07033",150,145,1,149,46,0,47,150,0,151,46,56
"E07034","E07034","E07034",279,250,2,277,92,0,93,276,0,278,92,106
"E07035","E07035","E07035",269,239,0,268,80,0,83,266,0,278,80,87
"E07036","E07036","E07036",373,349,1,371,116,0,119,365,0,371,117,138
"E07037","E07037","E07037",684,593,7,681,226,0,239,653,0,694,228,252
"E07038","E07038","E07038",486,455,5,485,153,0,157,473,0,484,155,178
"E07039","E07039","E07039",810,758,7,807,274,0,276,824,0,830,277,325
"E07040","E07040","E07040",343,314,2,342,114,0,116,355,0,362,115,129
"E07041","E07041","E07041",291,268,3,289,89,4,94,280,11,294,95,102
"E07042","E07042","E07042",440,414,7,439,144,0,145,449,0,450,145,153
"E07043","E07043","E07043",657,620,3,646,184,3,191,576,3,587,191,210
"E07044","E07044","E07044",520,465,5,506,173,2,178,508,4,519,178,197
"E07045","E07045","E07045",522,495,11,517,179,4,184,515,11,529,183,199
"E07046","E07046","E07046",638,568,15,635,206,17,227,600,38,648,226,246
"E07047","E07047","E07047",1001,897,15,1000,372,6,380,962,11,978,380,428
"E07048","E07048","E07048",1518,1371,24,1513,486,4,498,1457,10,1490,499,568
"E07049","E07049","E07049",868,788,18,857,260,3,263,834,4,838,263,290
"E07050","E07050","E07050",17876,14454,760,17649,5665,469,6227,15935,989,17192,6228,6705
"E07051","E07051","E07051",670,615,10,667,209,2,211,689,2,691,211,223
"E07052","E07052","E07052",456,414,14,452,158,2,160,462,2,464,160,172
"E07053","E07053","E07053",689,636,11,685,229,1,232,698,1,701,230,274
"E07054","E07054","E07054",1025,887,14,1012,338,1,339,1028,3,1031,341,391
"E07055","E07055","E07055",521,479,8,519,158,4,163,524,12,537,162,177
"E07056","E07056","E07056",206,189,6,206,65,0,66,210,0,212,65,71
"E07057","E07057","E07057",595,553,8,590,194,1,196,604,1,607,196,208
"E07058","E07058","E07058",866,792,13,857,284,5,292,859,6,873,291,325
"E07059","E07059","E07059",488,420,6,483,149,0,150,496,0,500,150,167
"E07060","E07060","E07060",298,281,3,298,94,1,99,291,5,302,99,115
"E07061","E07061","E07061",424,388,4,423,141,1,144,419,6,429,143,173
"E07062","E07062","E07062",424,368,11,421,149,0,155,414,0,425,155,177
"E07063","E07063","E07063",189,173,1,185,61,0,62,192,0,194,64,72
"E07064","E07064","E07064",1098,1008,8,1092,393,3,398,1095,5,1105,398,440
"E07065","E07065","E07065",271,250,4,269,81,0,81,273,0,273,81,94
"E07066","E07066","E07066",150,134,1,150,43,0,44,150,0,152,44,54
"E07067","E07067","E07067",118,110,1,118,41,0,41,121,0,121,41,49
"E07068","E07068","E07068",270,264,0,270,86,0,86,277,0,277,86,99
"E07069","E07069","E07069",470,419,20,470,168,1,169,490,1,491,169,186
"E07070","E07070","E07070",518,456,12,511,178,1,179,510,2,512,179,198
"E07071","E07071","E07071",299,267,6,295,109,0,110,302,0,304,110,133
"E07072","E07072","E07072",245,226,4,243,75,0,77,243,0,247,77,90
"E07073","E07073","E07073",566,527,4,566,226,2,229,575,3,579,228,249
"E07074","E07074","E07074",1817,1646,17,1808,649,12,676,1745,22,1795,678,827
"E07075","E07075","E07075",816,704,20,812,328,3,339,814,3,836,338,422
"E07076","E07076","E07076",923,827,15,919,306,4,319,911,7,945,321,364
"E07077","E07077","E07077",274,258,5,272,98,1,99,270,6,276,99,115
"E07078","E07078","E07078",346,323,1,343,109,1,112,338,1,345,112,131
"E07079","E07079","E07079",175,164,0,174,47,0,47,175,0,175,47,56
"E07080","E07080","E07080",551,508,11,547,192,3,197,549,3,554,197,221
"E07081","E07081","E07081",200,185,4,200,65,0,67,199,0,201,67,80
"E07082","E07082","E07082",481,428,7,478,157,0,161,476,0,486,160,188
"E07083","E07083","E07083",660,552,14,617,213,2,215,572,3,575,225,336
"E07084","E07084","E07084",2347,1945,76,2339,798,45,848,2199,82,2297,850,970
"E07085","E07085","E07085",224,189,8,220,76,0,76,224,0,224,76,86
"E07086","E07086","E07086",285,243,5,282,90,3,95,270,6,281,95,123
"E07087","E07087","E07087",322,288,2,315,112,1,114,322,1,324,115,131
"E07088","E07088","E07088",459,435,2,458,152,0,157,464,0,474,155,174
"E07089","E07089","E07089",239,229,0,237,82,0,83,234,0,238,83,106
"E07090","E07090","E07090",134,124,1,133,46,0,48,136,0,142,49,55
"E07091","E07091","E07091",327,303,2,320,112,1,115,317,3,326,114,126
"E07092","E07092","E07092",312,298,5,311,106,0,114,302,0,316,112,135
"E07093","E07093","E07093",332,314,3,331,105,1,108,331,1,336,107,115
"E07094","E07094","E07094",851,798,14,850,303,2,310,819,2,832,310,349
"E07095","E07095","E07095",252,231,4,252,85,0,90,241,0,250,89,102
"E07096","E07096","E07096",283,249,2,274,87,0,87,275,0,275,87,100
"E07097","E07097","E07097",319,299,1,319,96,0,97,317,0,324,99,110
"E07098","E07098","E07098",1288,1083,47,1280,434,22,465,1239,50,1311,465,515
"E07099","E07099","E07099",883,820,13,881,323,0,325,884,0,892,323,362
"E07100","E07100","E07100",313,292,0,312,103,0,107,299,0,310,107,125
"E07101","E07101","E07101",1015,967,7,1011,361,3,365,1015,8,1025,364,383
"E07102","E07102","E07102",304,289,3,303,99,1,101,306,1,309,101,110
"E07103","E07103","E07103",200,195,0,200,65,0,65,205,0,205,65,70
"E07104","E07104","E07104",400,379,2,396,131,0,131,413,0,413,131,143
"E07105","E07105","E07105",585,542,7,585,192,0,192,596,0,596,192,211
"E07106","E07106","E07106",5246,4037,284,5223,1773,48,1836,5042,94,5192,1837,2045
"E07107","E07107","E07107",651,603,12,647,236,3,239,662,6,668,240,282
"E07108","E07108","E07108",433,409,4,433,150,1,151,436,2,438,151,167
"E07109","E07109","E07109",1461,1318,23,1460,480,3,488,1393,7,1409,487,524
"E07110","E07110","E07110",1119,1033,12,1114,373,1,378,1120,1,1132,378,408
"E07111","E07111","E07111",1095,1020,13,1084,381,4,393,1067,9,1098,392,431
"E07112","E07112","E07112",744,693,14,741,239,0,241,759,0,761,240,260
"E07113","E07113","E07113",1018,932,12,1011,368,4,373,1008,5,1014,373,399
"E08001","E08001","E08001",2780,2444,62,2760,1010,48,1075,2694,64,2804,1076,1270
"E08002","E08002","E08002",375,342,6,374,114,0,116,377,0,384,116,131
"E08003","E08003","E08003",826,761,11,826,280,1,289,829,1,850,288,324
"E08004","E08004","E08004",1071,994,16,1058,342,8,354,1054,12,1073,355,401
"E08005","E08005","E08005",306,289,1,306,105,0,108,307,0,310,108,116
"E08006","E08006","E08006",98,83,2,96,33,1,35,92,2,95,35,35
"E08007","E08007","E08007",775,710,12,773,270,2,277,758,2,767,276,310
"E08008","E08008","E08008",370,348,5,370,111,2,117,368,5,380,116,130
"E08009","E08009","E08009",668,625,6,663,208,0,209,679,0,680,208,226
"E08010","E08010","E08010",174,170,0,171,61,0,61,176,0,176,61,71
"E08011","E08011","E08011",332,306,5,329,108,0,109,331,0,335,109,118
"E08012","E08012","E08012",359,349,2,359,116,0,118,363,0,366,118,132
"E08013","E08013","E08013",144,132,2,142,45,0,46,143,0,145,46,49
"E08014","E08014","E08014",260,228,7,260,89,0,91,260,0,264,90,110
"E08015","E08015","E08015",456,430,2,455,148,0,152,464,0,468,151,167
"E08016","E08016","E08016",269,245,0,267,84,1,87,267,2,273,87,94
"E08017","E08017","E08017",1258,1088,24,1245,459,7,476,1216,24,1263,478,564
"E08018","E08018","E08018",255,243,3,254,82,1,85,249,1,254,84,90
"E08019","E08019","E08019",167,158,1,167,54,0,56,162,0,166,54,63
"E08020","E08020","E08020",368,340,9,362,117,1,122,364,1,374,122,139
"E08021","E08021","E08021",134,125,3,134,46,0,48,133,0,141,47,55
"E08022","E08022","E08022",280,262,6,280,84,1,85,280,1,281,85,102
"E08023","E08023","E08023",349,319,5,348,124,1,130,339,1,349,131,145
"E08024","E08024","E08024",309,292,2,307,101,0,104,309,0,315,106,117
"E08025","E08025","E08025",465,440,6,462,136,1,140,449,1,461,139,156
"E08026","E08026","E08026",1206,1038,40,1200,489,9,505,1192,17,1223,511,606
"E08027","E08027","E08027",590,560,15,590,184,3,189,592,6,600,188,207
"E08028","E08028","E08028",427,401,7,426,126,0,128,419,0,424,127,147
"E08029","E08029","E08029",1455,1316,24,1453,486,4,502,1439,11,1470,501,555
"E08030","E08030","E08030",484,441,1,482,148,0,162,475,0,507,160,174
"E08031","E08031","E08031",266,242,3,253,79,0,82,253,0,257,79,93
"E08032","E08032","E08032",433,391,5,430,148,0,149,430,0,431,151,172
"E08033","E08033","E08033",300,272,14,298,97,4,101,299,6,305,101,124
"E08034","E08034","E08034",380,358,7,380,114,0,115,380,0,382,115,120
"E08035","E08035","E08035",239,221,2,239,83,0,86,238,0,245,86,101
"E08036","E08036","E08036",1807,1657,22,1801,623,17,647,1695,31,1739,647,742
"E08037","E08037","E08037",368,347,3,368,113,0,115,374,0,378,115,123
"E08038","E08038","E08038",356,341,6,353,114,0,116,352,0,355,116,129
"E08039","E08039","E08039",192,177,8,192,67,1,70,183,2,188,68,77
"E08040","E08040","E08040",279,263,0,279,82,0,84,275,0,277,83,92
"E08041","E08041","E08041",1283,1121,28,1236,374,9,392,1181,16,1219,399,480
"E08042","E08042","E08042",337,318,9,337,113,4,120,336,6,347,118,129
"E08043","E08043","E08043",661,601,9,642,210,1,217,636,1,650,215,243
"E08044","E08044","E08044",1686,1118,132,1680,487,79,579,1489,171,1693,580,650
"E08045/08046","E08045/08046","E08045/08046",321,298,0,316,100,0,105,300,0,319,105,117
"E08047","E08047","E08047",340,314,4,340,112,0,112,346,0,346,112,123
"E08048","E08048","E08048",171,159,2,169,49,0,51,162,0,165,50,61
"E08049","E08049","E08049",399,377,6,399,135,0,137,404,0,406,136,149
"E08050","E08050","E08050",939,876,9,934,331,2,336,928,3,936,337,374
"E08051","E08051","E08051",1872,1390,115,1865,590,5,621,1802,20,1907,623,711
"E08052","E08052","E08052",227,207,3,227,77,0,79,230,0,233,77,88
"E08053","E08053","E08053",300,268,4,299,105,0,105,304,0,304,105,121
"E08054","E08054","E08054",1660,1447,95,1659,480,10,505,1594,17,1674,504,548
"E08055","E08055","E08055",1252,1035,156,1245,343,2,351,1082,2,1097,350,389
"E08056","E08056","E08056",235,217,4,234,64,0,65,237,0,239,65,84
"E08057","E08057","E08057",183,171,3,183,68,0,70,188,0,190,69,78
"E08058","E08058","E08058",465,431,12,462,142,6,151,452,7,469,150,176
"E08059","E08059","E08059",642,598,12,639,198,1,201,648,1,653,201,209
"E08060","E08060","E08060",564,507,8,562,171,1,176,576,2,582,173,186
"E08061","E08061","E08061",267,248,2,265,77,0,81,263,0,271,81,85
"E08062","E08062","E08062",256,235,4,256,87,0,90,265,0,268,87,96
"E08063","E08063","E08063",138,126,0,138,49,0,49,146,0,146,49,56
"E08064","E08064","E08064",419,389,7,416,132,1,133,420,5,425,133,148
"E08065","E08065","E08065",974,923,9,967,318,0,325,960,0,985,324,358
"E08066","E08066","E08066",2994,2671,98,2982,1070,84,1173,2722,165,2941,1173,1378
"E08067","E08067","E08067",2378,2037,59,2371,842,46,911,2271,68,2404,909,1068
"E08068","E08068","E08068",89,85,2,89,30,0,31,89,0,90,30,31
"E08069","E08069","E08069",492,463,3,488,150,1,158,470,1,495,157,169
"E08070","E08070","E08070",7138,5936,280,7112,2300,193,2535,6764,305,7182,2532,2935
"E08071","E08071","E08071",16105,12480,1247,16013,4659,380,5131,13870,690,14846,5141,5602
"E08072","E08072","E08072",3878,2731,296,3856,1272,303,1608,3207,548,3845,1609,1828
"E08073","E08073","E08073",286,263,6,285,92,0,96,282,0,287,94,103
"E08074","E08074","E08074",425,399,9,423,135,4,140,423,12,438,140,152
"E08075","E08075","E08075",572,538,8,571,184,0,189,558,0,574,188,200
"E08076","E08076","E08076",922,859,16,922,288,1,298,896,2,922,292,325
"E08077","E08077","E08077",165,151,5,165,63,0,64,162,0,166,63,77
"E08078","E08078","E08078",231,217,3,231,87,0,88,232,0,237,88,104
"E08079","E08079","E08079",192,186,0,192,64,0,65,195,0,196,64,69
"E08080","E08080","E08080",832,750,5,826,320,4,327,828,4,841,326,397
"E08081","E08081","E08081",211,180,6,210,70,1,75,207,1,221,73,85
"E08082","E08082","E08082",407,376,9,404,140,1,144,396,1,406,144,181
"E08083","E08083","E08083",235,207,5,230,85,1,88,227,2,234,87,104
"E08084","E08084","E08084",291,278,1,290,98,0,102,285,0,293,103,114
"E08085","E08085","E08085",150,138,0,149,47,0,47,149,0,149,47,59
"E08086","E08086","E08086",138,125,1,136,46,0,49,133,0,143,46,52
"E08087","E08087","E08087",591,536,11,590,214,0,217,588,0,596,217,234
"E08088","E08088","E08088",345,321,5,345,110,0,112,345,0,350,110,119
"E08089","E08089","E08089",421,374,4,417,130,0,134,412,0,420,137,144
"E08090","E08090","E08090",651,610,2,647,227,1,234,638,1,660,236,250
"E08091","E08091","E08091",166,150,4,166,59,0,62,167,0,173,61,69
"E08092","E08092","E08092",771,680,15,769,268,4,274,768,6,779,275,304
"E08093","E08093","E08093",186,169,4,185,67,0,69,186,0,188,67,80
"E08094","E08094","E08094",4786,3923,147,4692,1559,17,1611,4611,34,4756,1612,1803
"E08095","E08095","E08095",306,286,6,305,106,0,109,298,0,305,109,121
"E08096","E08096","E08096",455,416,3,452,137,1,144,438,1,449,139,155
"E08097","E08097","E08097",305,284,2,305,99,2,104,292,2,299,103,111
"E08098","E08098","E08098",362,334,5,362,123,0,126,367,0,370,126,135
"E09001","E09001","E09001",3592,2346,327,3567,1186,309,1541,2759,617,3500,1542,1932
"E09002","E09002","E09002",1029,772,59,1026,385,27,421,977,39,1038,422,500
"E09003","E09003","E09003",444,398,12,442,162,0,166,437,0,447,166,209
"E09004","E09004","E09004",2674,1950,139,2655,927,72,1021,2443,127,2619,1025,1214
"E09005","E09005","E09005",302,285,4,302,114,0,116,292,0,296,116,136
"E09006","E09006","E09006",589,537,7,588,216,0,224,582,0,598,225,304
"E09007","E09007","E09007",424,380,7,423,147,0,152,418,0,430,152,179
"E09008","E09008","E09008",491,432,12,488,160,0,161,487,0,488,161,199
"E09009","E09009","E09009",528,460,2,527,205,0,211,511,0,523,211,265
"E09010","E09010","E09010",1062,915,22,1057,361,3,374,1038,7,1076,374,454
"E09011","E09011","E09011",709,620,18,709,254,0,258,697,0,702,255,299
"E09012","E09012","E09012",363,314,4,361,129,1,134,349,1,360,136,159
"E09013","E09013","E09013",298,269,7,298,117,3,120,300,3,303,120,167
"E09014","E09014","E09014",625,558,10,623,235,1,241,622,2,637,241,288
"E09015","E09015","E09015",250,225,4,250,95,1,99,252,1,256,99,118
"E09016","E09016","E09016",195,181,1,193,68,0,70,190,0,194,71,94
"E09017","E09017","E09017",592,548,5,592,209,1,214,589,2,601,214,270
"E09018","E09018","E09018",382,361,3,381,120,2,122,381,3,384,123,148
"E09019","E09019","E09019",308,290,4,306,111,1,112,313,1,314,112,154
"E09020","E09020","E09020",247,216,4,244,86,0,87,247,0,249,87,107
"E09021","E09021","E09021",139,120,1,139,47,0,47,139,0,139,47,61
"E09022","E09022","E09022",196,182,2,196,66,0,66,191,0,191,66,80
"E09023","E09023","E09023",116,111,0,116,49,0,49,117,0,117,49,55
"E09024/09035","E09024/09035","E09024/09035",196,176,4,195,79,1,83,201,1,205,82,102
"E09025","E09025","E09025",351,321,3,347,119,0,120,350,0,352,121,155
"E09026","E09026","E09026",301,279,1,300,102,1,103,305,1,306,104,119
"E09027","E09027","E09027",1096,799,18,1093,416,12,432,1064,28,1101,433,564
"E09028","E09028","E09028",169,157,1,166,55,1,56,163,6,169,56,68
"E09029","E09029","E09029",145,133,0,141,49,0,52,136,0,145,53,69
"E09030","E09030","E09030",2335,1536,213,2322,732,61,821,2078,128,2290,821,967
"E09031","E09031","E09031",344,314,11,342,121,0,122,347,0,348,122,143
"E09032","E09032","E09032",217,198,4,217,71,0,72,221,0,226,72,81
"E09033","E09033","E09033",326,288,5,320,117,4,126,307,7,321,128,177
"E09034","E09034","E09034",298,280,2,296,106,0,106,301,0,301,106,141
"E09036","E09036","E09036",245,220,3,244,101,0,103,242,0,248,103,153
"E09037","E09037","E09037",681,603,9,677,237,0,241,684,0,693,241,285
"E09038","E09038","E09038",670,606,12,668,233,0,235,682,0,684,234,279
"E09039","E09039","E09039",450,405,6,449,149,0,151,455,0,460,151,189
"E09040","E09040","E09040",599,528,22,596,204,0,206,599,0,601,205,262
"E09041","E09041","E09041",437,379,4,435,172,1,177,442,1,448,178,250
"E09042","E09042","E09042",839,742,12,836,296,0,299,841,0,853,299,351
"E09043","E09043","E09043",2172,1774,107,2159,719,0,727,2184,0,2211,728,831
"E09044","E09044","E09044",687,585,16,667,229,6,238,641,35,680,240,299
"E09045","E09045","E09045",738,642,17,733,260,1,266,734,4,749,266,302
"E09046","E09046","E09046",388,346,5,388,137,0,139,395,0,398,139,168
"E09047","E09047","E09047",422,372,6,421,161,2,164,422,2,425,163,208
"E09048","E09048","E09048",1475,1170,68,1467,532,5,547,1452,8,1482,549,679
"E09049","E09049","E09049",437,367,16,431,172,0,174,442,0,446,174,212
"E09050","E09050","E09050",274,246,0,271,103,0,110,257,0,273,108,147
"E09051","E09051","E09051",5704,4017,436,5683,1852,71,1963,5293,145,5565,1963,2349
"E09052","E09052","E09052",252,222,0,250,82,0,82,250,0,250,83,107
"E09053","E09053","E09053",730,663,12,727,245,2,247,732,3,735,247,300
"E09054","E09054","E09054",897,716,41,893,332,26,359,837,50,892,367,489
"E09055","E09055","E09055",1443,1178,34,1438,571,13,595,1415,24,1456,596,753
"E10001","E10001","E10001",10424,8039,797,10345,3371,688,4108,8493,1347,9962,4112,4818
"E10002","E10002","E10002",4068,3182,222,4055,1294,201,1528,3508,471,4075,1529,1662
"E10003","E10003","E10003",6305,5198,334,6254,2092,260,2424,5543,537,6258,2431,2641
"E10004","E10004","E10004",2176,1708,170,2167,842,62,941,1836,103,2022,947,1113
"E10005","E10005","E10005",1140,785,83,1134,350,154,510,831,305,1151,512,646
"E10006","E10006","E10006",1710,1091,190,1630,612,129,749,1303,260,1586,759,914
"E10007","E10007","E10007",6130,4776,259,6091,2252,158,2437,5816,262,6154,2445,2744
"E10008","E10008","E10008",2935,2618,53,2903,936,8,965,2854,16,2931,963,1053
"E10009","E10009","E10009",4919,4168,177,4896,1639,149,1808,4450,288,4784,1815,2001
"E10010","E10010","E10010",1716,1480,45,1708,603,56,671,1576,89,1695,672,779
"E10011","E10011","E10011",677,625,7,675,212,1,222,653,2,681,219,251
"E10012","E10012","E10012",1881,1646,52,1873,575,26,622,1801,47,1906,616,695
"E10013","E10013","E10013",626,565,5,619,198,1,200,621,2,625,199,218
"E10014","E10014","E10014",2229,1908,55,2220,732,4,753,2196,8,2261,749,815
"E10015","E10015","E10015",1447,1291,32,1443,435,35,475,1277,66,1358,476,566
"E10016","E10016","E10016",2855,2490,76,2833,920,48,985,2764,76,2878,985,1066
"E10017","E10017","E10017",619,568,6,618,196,2,199,622,5,630,199,216
"E10018","E10018","E10018",1036,929,12,1033,353,2,358,1035,10,1056,361,402
"E10019","E10019","E10019",2200,1630,31,2163,705,4,719,2149,5,2178,719,810
"E10020","E10020","E10020",747,581,6,744,241,1,244,758,1,765,244,271
"E10021","E10021","E10021",2185,1572,68,2106,678,32,725,1795,61,1895,735,1190
"E10022","E10022","E10022",1031,850,20,1021,324,1,327,1035,2,1044,329,371
"E10023","E10023","E10023",4264,3554,199,4243,1329,106,1475,3895,221,4259,1473,1630
"E10024","E10024","E10024",846,599,2,827,273,3,280,816,4,834,284,330
"E10025","E10025","E10025",675,600,6,666,209,0,211,625,0,628,210,231
"E10026","E10026","E10026",1356,787,32,1305,438,19,476,1271,41,1347,484,680
"E10027","E10027","E10027",19265,14294,1601,19097,6284,339,6763,18019,785,19223,6778,7374
"E10028","E10028","E10028",953,760,2,946,318,1,320,954,3,962,321,362
"E10029","E10029","E10029",1200,988,16,1194,386,5,397,1188,11,1214,399,528
"E10030","E10030","E10030",6932,5422,187,6868,2351,87,2464,6674,169,6919,2474,2894
"E10031","E10031","E10031",1281,1000,30,1273,392,0,395,1272,0,1277,395,462
"E10032","E10032","E10032",820,736,2,814,255,0,259,816,0,829,261,294
"E10033","E10033","E10033",1573,1352,34,1569,532,11,555,1552,17,1603,553,603
"E10034","E10034","E10034",857,774,11,854,265,1,268,860,3,868,267,280
"E10035","E10035","E10035",1374,1119,18,1365,420,1,438,1346,1,1397,432,511
"E10036","E10036","E10036",1016,682,41,992,330,3,339,987,4,1010,339,388
"E10037","E10037","E10037",3237,2809,109,3223,1040,17,1070,3190,34,3259,1068,1271
"E10038","E10038","E10038",924,821,14,919,297,1,298,941,1,942,300,331
"E10039","E10039","E10039",1373,1227,23,1348,451,2,457,1347,5,1362,458,494
"E10040","E10040","E10040",1757,1601,26,1753,528,1,536,1762,4,1787,534,566
"E10041","E10041","E10041",9721,7857,717,9671,2963,96,3100,9455,191,9776,3101,3256
"E10042","E10042","E10042",3545,3090,105,3489,1082,17,1113,3411,23,3465,1112,1286
"E10047","E10047","E10047",6859,5463,386,6815,2105,116,2264,6524,243,6895,2269,2386
"E11001","E11001","E11001",2133,1727,69,2109,760,96,883,1894,147,2109,883,1056
"E11002","E11002","E11002",3619,2282,340,3591,919,566,1517,2300,1182,3570,1522,1771
"E11003","E11003","E11003",1386,1100,45,1357,421,124,561,966,249,1251,565,663
"E11004","E11004","E11004",1303,1197,12,1295,451,5,463,1268,8,1298,463,535
"E11005","E11005","E11005",659,609,13,653,211,1,215,649,1,657,214,229
"E11006","E11006","E11006",1248,1142,17,1242,436,6,444,1239,13,1257,443,478
"E11007","E11007","E11007",1142,1035,28,1135,337,1,339,1095,1,1100,342,377
"E11008","E11008","E11008",11758,9252,532,11639,3017,781,3837,9802,1859,11786,3843,4261
"E11009","E11009","E11009",10094,8245,467,9895,2636,502,3184,8761,1171,10072,3190,3537
"E11010","E11010","E11010",5840,4981,203,5802,1764,167,1956,5472,358,5900,1957,2152
"E11011","E11011","E11011",3635,2822,197,3618,977,136,1131,3132,333,3517,1130,1218
"E11012","E11012","E11012",1160,1057,16,1151,377,4,387,1149,12,1176,386,423
"E11013","E11013","E11013",1560,1376,39,1543,516,16,544,1511,26,1571,543,592
"E11014","E11014","E11014",1589,1460,27,1582,496,5,512,1581,14,1612,505,558
"E11015","E11015","E11015",988,888,14,978,305,2,308,978,4,984,309,340
"E11016","E11016","E11016",11082,9549,464,11017,2938,331,3310,10254,721,11128,3310,3528
"E11017","E11017","E11017",1123,987,29,1104,356,7,366,1112,14,1134,366,408
"E11018","E11018","E11018",1481,1350,27,1477,486,2,492,1488,3,1503,492,555
"E11019","E11019","E11019",644,593,7,644,227,0,230,648,0,654,231,266
"E11020","E11020","E11020",215,199,2,215,65,0,69,205,0,218,68,77
"E11021","E11021","E11021",526,470,21,523,174,1,175,546,2,548,175,191
"E11022","E11022","E11022",317,272,6,317,104,0,104,324,0,324,104,114
"E11023","E11023","E11023",272,254,3,272,88,1,89,277,1,278,89,96
"E11024","E11024","E11024",458,420,11,452,152,1,160,453,2,467,157,174
"E11025","E11025","E11025",480,436,8,476,148,2,155,468,4,486,156,186
"E11026","E11026","E11026",4653,3810,143,4631,1513,18,1561,4499,38,4630,1561,1741
"E11027","E11027","E11027",402,360,10,401,126,1,131,402,2,414,131,150
"E11028","E11028","E11028",364,320,6,363,128,3,136,359,5,375,135,161
"E11029","E11029","E11029",778,715,11,776,268,2,275,729,3,743,274,313
"E11030","E11030","E11030",427,387,10,426,135,0,137,430,0,437,135,153
"E11031","E11031","E11031",399,378,3,399,135,1,140,395,1,406,139,171
"E11032","E11032","E11032",472,427,5,467,167,0,171,469,0,476,169,195
"E11033","E11033","E11033",708,646,7,701,221,5,228,700,10,713,228,251
"E11034","E11034","E11034",245,224,5,244,82,1,83,243,2,245,83,91
"E11035","E11035","E11035",635,597,5,634,223,0,231,623,0,643,229,245
"E11036","E11036","E11036",442,405,6,441,151,0,151,456,0,456,152,162
"E11037","E11037","E11037",911,806,33,908,276,11,295,888,24,934,295,335
"E11038","E11038","E11038",763,659,10,752,262,5,275,736,11,768,277,315
"E11039","E11039","E11039",222,198,6,220,64,0,67,212,0,219,67,75
"E11040","E11040","E11040",408,379,3,408,132,5,138,399,10,411,138,146
"E11041","E11041","E11041",913,822,13,904,313,1,325,910,2,944,318,348
"E11042","E11042","E11042",323,302,3,321,111,1,113,323,1,325,112,125
"E11043","E11043","E11043",1949,1767,31,1935,643,8,669,1894,22,1961,668,737
"E11044","E11044","E11044",5565,4854,206,5494,1678,87,1780,5311,180,5535,1781,1943
"E11045","E11045","E11045",10176,8357,604,10110,2837,324,3390,8824,708,9915,3195,3709
"E11046","E11046","E11046",541,496,6,537,189,2,191,529,5,534,193,216
"E11047","E11047","E11047",11864,9604,640,11798,3541,349,3922,11069,742,11908,3917,4324
"E11048","E11048","E11048",5009,4320,145,4926,1440,29,1499,4684,78,4857,1496,1594
"E11049","E11049","E11049",2076,1892,39,2066,667,3,676,2088,4,2107,675,736
"E11050","E11050","E11050",979,896,14,966,323,3,331,984,6,997,329,350
"E11051","E11051","E11051",1119,1010,16,1103,355,4,361,1122,4,1130,362,391
"E11052","E11052","E11052",995,913,10,991,310,3,328,956,7,1014,325,354
"E11053","E11053","E11053",1800,1670,20,1795,567,3,577,1820,10,1853,575,625
"E11054","E11054","E11054",2152,1948,52,2136,640,3,653,2056,12,2089,649,700
"E11055","E11055","E11055",28117,22131,1601,27964,8350,598,9084,26470,1270,28196,9085,9775
"E11056","E11056","E11056",1185,1091,12,1176,389,2,393,1181,5,1189,394,431
"E11057","E11057","E11057",635,592,5,632,220,1,221,640,3,643,221,234
"E11058","E11058","E11058",1853,1609,58,1828,578,84,669,1664,179,1858,668,741
"E11059","E11059","E11059",661,576,10,621,199,3,204,598,7,607,204,230
"E11060","E11060","E11060",1227,1115,20,1206,365,9,382,1074,23,1119,380,413
"E11061","E11061","E11061",511,459,6,502,167,0,170,468,0,474,171,212
"E11062","E11062","E11062",325,298,10,324,118,1,122,321,4,332,120,147
"E11063","E11063","E11063",301,281,3,299,106,0,107,290,0,291,106,118
"E11064","E11064","E11064",427,383,4,418,149,1,154,417,1,425,155,192
"E11065","E11065","E11065",212,191,1,211,74,1,76,208,2,217,76,94
"E11066","E11066","E11066",395,352,7,393,153,2,157,400,2,405,155,199
"E11067","E11067","E11067",2297,1797,47,2279,781,44,839,2176,95,2296,840,976
"E11068","E11068","E11068",216,199,3,213,77,0,80,212,0,220,81,103
"E11069","E11069","E11069",864,758,24,861,281,3,291,839,6,869,291,322
"E11070","E11070","E11070",2588,2067,117,2566,814,120,941,2282,264,2571,944,1055
"E11071","E11071","E11071",528,489,5,528,147,6,156,471,16,497,156,178
"E11072","E11072","E11072",743,693,10,743,244,6,253,746,10,768,251,266
"E11073","E11073","E11073",427,408,1,426,131,4,140,410,5,430,139,151
"E11074","E11074","E11074",2122,1876,77,2112,648,12,667,2091,33,2144,666,723
"E11075","E11075","E11075",502,466,10,499,158,1,169,489,2,511,161,181
"E11076","E11076","E11076",480,434,7,475,145,0,146,471,0,475,146,158
"E11077","E11077","E11077",961,889,27,957,309,6,320,962,11,990,317,337
"E11078","E11078","E11078",736,638,21,730,234,3,240,737,4,750,239,263
"E11079","E11079","E11079",1259,1122,32,1257,380,13,399,1222,24,1267,396,435
"E11080","E11080","E11080",550,505,15,549,170,0,172,549,0,556,170,199
"E11081","E11081","E11081",4343,3680,210,4323,1265,76,1368,4089,150,4318,1369,1471
"E11082","E11082","E11082",468,426,5,467,159,0,159,487,0,487,159,167
"E11083","E11083","E11083",359,317,9,358,120,0,121,365,0,366,120,127
"E11084","E11084","E11084",1299,1165,34,1294,409,8,423,1279,12,1304,420,467
"E11085","E11085","E11085",2234,1978,62,2227,694,26,735,2170,48,2258,733,829
"E11086","E11086","E11086",532,501,8,525,178,1,180,541,1,543,179,208
"E11087","E11087","E11087",631,576,5,619,184,4,192,617,8,635,192,211
"E11088","E11088","E11088",496,460,6,493,158,0,162,485,0,503,161,176
"E11089","E11089","E11089",1407,1315,17,1403,459,2,467,1404,3,1425,463,534
"E11090","E11090","E11090",1024,907,33,1019,313,1,320,1013,2,1033,319,348
"E11091","E11091","E11091",1334,1160,43,1332,418,38,466,1253,76,1354,467,507
"E11092","E11092","E11092",8793,7168,308,8650,2601,190,2824,7955,387,8435,2824,3030
"E12001","E12001","E12001",4415,3609,118,4392,1492,167,1716,3896,336,4363,1699,1999
"E12002","E12002","E12002",11437,9202,470,11374,3704,422,4273,9971,696,11104,4278,4779
"E12003","E12003","E12003",741,691,4,739,247,2,253,736,7,751,251,287
"E12004","E12004","E12004",2106,1744,42,2076,708,46,761,1950,85,2048,767,900
"E12005","E12005","E12005",1227,1088,7,1217,452,0,456,1240,0,1247,457,522
"E12006","E12006","E12006",117,110,0,116,44,0,45,116,0,117,44,46
"E12007","E12007","E12007",980,903,7,976,362,2,370,978,7,999,369,408
"E12008","E12008","E12008",341,323,3,341,112,0,117,335,0,344,117,145
"E12009","E12009","E12009",305,289,2,302,95,0,100,298,0,306,99,127
"E12010","E12010","E12010",252,229,4,249,89,0,92,254,0,261,90,99
"E12011","E12011","E12011",465,436,9,463,155,0,156,478,0,479,156,179
"E12012","E12012","E12012",337,305,3,337,108,0,110,341,0,347,110,121
"E12013","E12013","E12013",397,371,7,392,135,0,139,387,0,398,136,160
"E12014","E12014","E12014",147,139,0,146,55,0,56,150,0,155,56,59
"E12015","E12015","E12015",1223,1118,26,1213,452,6,464,1199,12,1226,465,542
"E12016","E12016","E12016",543,515,2,540,183,1,188,498,1,509,188,213
"E12017","E12017","E12017",307,281,8,305,113,0,114,310,0,313,114,138
"E12018","E12018","E12018",357,337,4,357,123,0,128,358,0,371,127,146
"E12019","E12019","E12019",377,363,4,376,137,0,140,385,0,390,140,159
"E12020","E12020","E12020",1385,1276,13,1384,491,2,514,1341,3,1404,506,596
"E12021","E12021","E12021",258,246,1,258,85,0,89,251,0,262,89,102
"E12022","E12022","E12022",544,495,7,534,191,0,195,529,0,537,193,239
"E12023","E12023","E12023",199,183,4,199,64,0,67,193,0,199,66,76
"E12024","E12024","E12024",342,320,3,342,114,0,119,337,0,350,119,133
"E12025","E12025","E12025",158,144,1,158,51,0,52,164,0,166,52,56
"E12026","E12026","E12026",349,307,8,341,128,3,132,341,3,348,132,155
"E12027","E12027","E12027",538,483,7,533,189,0,191,537,0,545,193,213
"E12028","E12028","E12028",249,233,6,249,81,0,83,251,0,255,82,93
"E12029","E12029","E12029",635,597,9,633,223,0,225,638,0,641,225,259
"E12030","E12030","E12030",466,437,2,465,152,0,152,489,0,489,152,164
"E12031","E12031","E12031",267,243,2,259,105,2,110,261,2,266,110,145
"E12032","E12032","E12032",324,300,4,319,111,0,118,309,0,322,112,133
"E12033","E12033","E12033",704,660,1,704,238,2,248,686,4,707,244,265
"E12035","E12035","E12035",1364,1238,22,1361,453,1,467,1333,4,1373,468,510
"E12036","E12036","E12036",636,571,14,636,201,0,204,649,0,654,203,222
"E12037","E12037","E12037",1050,967,22,1048,339,1,349,1029,1,1058,345,379
"E12038","E12038","E12038",772,726,3,771,246,1,257,738,4,779,254,272
"E12039","E12039","E12039",433,389,12,433,153,0,157,438,0,443,156,168
"E12040","E12040","E12040",547,529,3,547,165,0,168,541,0,548,166,180
"E12041","E12041","E12041",816,762,6,816,269,1,272,829,1,834,273,292
"E12042","E12042","E12042",7001,5289,330,6974,2127,229,2397,6395,488,7014,2401,2662
"E12043/12034","E12043/12034","E12043/12034",474,448,3,466,151,0,158,448,0,469,156,176
"E12044","E12044","E12044",204,181,5,203,59,0,61,201,0,203,59,64
"E12045","E12045","E12045",806,729,16,803,271,1,276,817,2,824,275,299
"E12046","E12046","E12046",378,342,2,376,133,0,137,370,0,376,136,153
"E12047","E12047","E12047",156,147,0,156,57,0,58,156,0,158,58,64
"E12048","E12048","E12048",165,151,3,165,59,0,60,164,0,166,59,70
"E12049","E12049","E12049",202,190,3,202,62,1,63,210,1,211,63,78
"E12050","E12050","E12050",680,644,2,675,247,1,252,688,1,700,251,294
"E12051","E12051","E12051",357,335,0,356,122,0,122,361,0,361,122,145
"E12052","E12052","E12052",523,491,2,519,163,0,167,499,0,512,168,181
"E12053","E12053","E12053",282,254,5,281,93,3,100,272,5,282,98,112
"E12054","E12054","E12054",693,626,9,668,171,0,171,513,0,513,171,192
"E12055","E12055","E12055",153,149,0,153,47,0,50,151,0,156,50,55
"E12056","E12056","E12056",965,887,12,961,346,4,357,904,4,930,359,443
"E12057","E12057","E12057",229,195,4,229,84,0,84,228,0,228,84,100
"E12058","E12058","E12058",109,108,0,109,35,0,36,108,0,111,37,45
"E12059","E12059","E12059",599,558,9,597,196,0,197,609,0,612,196,208
"E12060","E12060","E12060",396,364,7,395,126,0,129,398,0,406,128,138
"E12061","E12061","E12061",369,345,6,368,110,0,111,370,0,371,110,126
"E12062","E12062","E12062",1531,1407,25,1527,529,1,538,1534,1,1549,533,581
"E12063","E12063","E12063",3956,3636,47,3943,1383,14,1414,3848,20,3917,1414,1584
"E12064","E12064","E12064",567,539,3,566,186,1,188,570,4,575,187,205
"E12065","E12065","E12065",1486,1388,15,1480,514,6,524,1493,12,1515,525,580
"E12066","E12066","E12066",261,252,2,260,86,0,87,265,0,267,86,96
"E12067","E12067","E12067",759,687,25,753,242,0,244,775,0,778,243,253
"E12068","E12068","E12068",1607,1510,14,1603,530,3,541,1593,5,1621,539,593
"E12069","E12069","E12069",356,336,7,356,112,0,112,361,0,361,112,129
"E12070","E12070","E12070",555,520,6,555,178,1,186,544,3,566,182,203
"E12071","E12071","E12071",368,337,2,366,117,1,118,371,1,372,118,137
"E12072","E12072","E12072",532,494,5,532,178,0,180,536,0,540,179,199
"E12073","E12073","E12073",1231,1161,6,1231,405,3,425,1218,4,1257,420,442
"E12074","E12074","E12074",270,254,3,269,86,0,88,268,0,276,88,105
"E12075","E12075","E12075",711,668,18,710,242,0,245,725,0,734,244,267
"E12076","E12076","E12076",244,238,2,244,70,0,74,240,0,251,72,78
"E12077","E12077","E12077",166,148,3,165,50,0,50,164,0,164,51,54
"E12078","E12078","E12078",2404,2059,71,2397,789,35,840,2250,88,2378,839,1011
"E12079","E12079","E12079",714,658,9,711,228,1,235,703,1,720,234,255
"E12080","E12080","E12080",399,356,5,398,146,0,149,390,0,395,148,166
"E12081","E12081","E12081",432,415,4,432,142,1,146,435,1,440,144,156
"E12082","E12082","E12082",404,380,5,404,132,0,134,404,0,408,133,155
"E12083","E12083","E12083",1457,1343,30,1454,455,0,460,1405,0,1423,460,502
"E12084","E12084","E12084",772,716,10,760,232,0,241,734,0,771,238,291
"E12085","E12085","E12085",277,249,4,276,92,0,93,282,0,283,92,101
"E12086","E12086","E12086",433,409,4,432,140,1,141,438,1,439,141,153
"E12087","E12087","E12087",3218,2270,283,3190,1035,1,1057,3176,2,3244,1054,1158
"E13001","E13001","E13001",4382,3045,622,4199,1170,584,1784,2695,1180,3940,1817,2259
"E13002","E13002","E13002",3260,2568,215,3223,1056,316,1403,2544,560,3174,1411,1708
"E13003","E13003","E13003",7560,5310,906,7436,2286,318,2694,6435,617,7316,2688,3152
"E13004","E13004","E13004",724,659,17,719,246,2,249,722,4,728,250,279
"E13005","E13005","E13005",249,238,0,244,72,1,74,239,1,243,75,82
"E13006","E13006","E13006",579,520,12,576,192,2,199,570,2,587,198,219
"E13007","E13007","E13007",774,727,11,769,258,0,260,777,0,784,259,275
"E13008","E13008","E13008",715,653,14,708,229,4,240,676,7,710,240,281
"E13009","E13009","E13009",846,740,21,834,273,5,285,780,8,805,284,338
"E13010","E13010","E13010",362,345,3,360,123,0,126,361,0,373,128,150
"E13011","E13011","E13011",416,357,14,395,120,0,122,372,0,376,125,161
"E13012","E13012","E13012",3088,2636,125,3078,1061,98,1185,2876,149,3077,1187,1426
"E13013","E13013","E13013",651,591,20,647,204,3,212,646,8,666,211,231
"E13014","E13014","E13014",2922,2402,148,2873,961,15,990,2845,24,2910,988,1077
"E13015","E13015","E13015",170,152,4,170,58,0,59,173,0,181,58,69
"E13016","E13016","E13016",689,632,14,686,228,2,231,686,2,689,230,264
"E13017","E13017","E13017",272,247,5,272,94,1,96,276,1,280,96,104
"E13018","E13018","E13018",412,357,8,408,128,1,131,412,2,423,130,144
"E13019","E13019","E13019",734,636,14,731,257,1,263,719,1,732,264,292
"E13020","E13020","E13020",234,210,4,234,85,0,87,236,0,239,87,103
"E13021","E13021","E13021",273,255,5,272,83,1,87,271,3,280,88,97
"E13022","E13022","E13022",398,365,3,396,125,0,128,398,0,405,128,138
"E13023","E13023","E13023",111,106,0,111,38,0,39,104,0,110,39,49
"E13024","E13024","E13024",185,170,4,181,70,0,71,182,0,186,71,84
"E13025","E13025","E13025",132,113,4,131,44,0,45,133,0,135,45,54
"E13026","E13026","E13026",152,125,3,151,53,0,54,152,0,153,54,70
"E13027","E13027","E13027",239,217,5,239,86,1,88,239,2,243,88,112
"E13028","E13028","E13028",301,267,4,298,109,5,117,296,9,311,117,155
"E13029","E13029","E13029",265,237,4,261,98,0,98,264,0,264,99,127
"E13030","E13030","E13030",182,167,4,181,64,0,66,184,0,190,66,75
"E13031","E13031","E13031",109,102,0,109,44,0,45,106,0,110,45,60
"E13032","E13032","E13032",363,324,4,362,136,3,140,361,5,367,140,168
"E13033","E13033","E13033",269,234,7,267,104,0,104,278,0,278,105,137
"E13034","E13034","E13034",163,149,2,162,55,1,58,150,4,158,58,69
"E13035","E13035","E13035",293,261,7,292,97,0,102,282,0,295,101,115
"E13036","E13036","E13036",282,253,4,281,94,1,95,289,1,290,96,106
"E13037","E13037","E13037",259,231,2,259,89,0,90,267,0,269,89,102
"E13038","E13038","E13038",504,465,11,501,159,1,162,502,1,507,161,191
"E13039","E13039","E13039",501,423,11,500,183,4,191,499,4,509,191,228
"E13040","E13040","E13040",278,245,8,278,101,0,102,277,0,278,102,112
"E13041","E13041","E13041",1072,892,57,1070,369,9,378,1079,14,1093,378,444
"E13042","E13042","E13042",237,216,4,236,83,0,83,241,0,241,83,104
"E13043","E13043","E13043",392,350,3,391,138,0,140,393,0,400,138,172
"E13044","E13044","E13044",386,332,9,383,129,3,135,377,4,390,136,169
"E13045","E13045","E13045",268,243,5,268,96,0,104,262,0,276,102,124
"E13046","E13046","E13046",202,175,4,200,80,2,84,199,2,207,82,108
"E13047","E13047","E13047",1046,946,19,1044,357,1,361,1046,4,1060,362,421
"E13048","E13048","E13048",469,411,13,465,156,0,157,480,0,481,157,182
"E13049","E13049","E13049",212,198,4,211,72,1,74,215,1,218,74,91
"E13050","E13050","E13050",1344,1148,32,1331,495,13,520,1265,21,1313,523,624
"E13051","E13051","E13051",461,410,7,456,144,1,147,460,5,468,146,160
"E13052","E13052","E13052",312,282,4,312,104,0,104,316,0,316,104,113
"E13053","E13053","E13053",276,252,3,273,86,0,87,276,0,280,87,99
"E13054/13085","E13054/13085","E13054/13085",599,464,25,534,170,2,173,474,6,481,172,197
"E13055","E13055","E13055",732,673,10,732,253,6,261,717,9,730,259,299
"E13056","E13056","E13056",326,294,2,321,106,0,106,326,0,326,106,127
"E13057","E13057","E13057",511,478,6,509,183,3,189,505,9,526,190,217
"E13058","E13058","E13058",707,637,18,697,240,7,250,694,13,713,251,282
"E13059","E13059","E13059",332,306,6,329,112,1,115,329,1,337,114,125
"E13060","E13060","E13060",876,766,29,868,276,45,323,809,73,884,324,364
"E13061","E13061","E13061",1692,1539,54,1690,571,3,576,1711,8,1729,576,617
"E13062","E13062","E13062",737,668,8,731,250,1,253,739,2,751,255,287
"E13063","E13063","E13063",341,317,4,338,101,1,103,343,2,346,103,118
"E13064","E13064","E13064",359,327,0,358,111,0,116,353,0,365,114,124
"E13065","E13065","E13065",638,591,9,638,209,3,214,608,3,615,215,243
"E13066","E13066","E13066",448,416,4,448,158,0,161,444,0,449,158,183
"E13067","E13067","E13067",272,247,6,272,94,1,96,268,1,270,98,108
"E13068","E13068","E13068",239,214,8,239,79,0,84,228,0,239,83,100
"E13069","E13069","E13069",210,190,4,210,73,1,75,212,1,214,74,93
"E13070","E13070","E13070",446,397,16,444,139,2,143,447,2,454,144,161
"E13071","E13071","E13071",439,401,3,438,128,0,130,452,0,454,130,140
"E13072","E13072","E13072",171,150,4,171,69,0,70,178,0,179,69,94
"E13073","E13073","E13073",256,237,4,255,85,5,90,260,6,266,90,106
"E13074","E13074","E13074",574,521,15,571,172,0,178,561,0,580,179,206
"E13075","E13075","E13075",703,646,8,701,232,2,235,716,2,722,235,271
"E13076","E13076","E13076",560,506,9,554,173,1,177,563,5,573,179,203
"E13077","E13077","E13077",432,380,18,425,141,0,142,430,0,431,141,158
"E13078","E13078","E13078",127,122,2,127,50,0,50,129,0,129,50,68
"E13079","E13079","E13079",1604,1203,108,1589,532,73,613,1422,175,1615,611,734
"E13080","E13080","E13080",603,568,2,602,215,3,221,598,6,610,219,262
"E13081","E13081","E13081",361,321,5,350,117,0,119,342,0,353,120,145
"E13082","E13082","E13082",1826,1585,54,1821,574,26,607,1667,48,1739,608,687
"E13083","E13083","E13083",2915,2426,178,2909,898,48,962,2802,88,2947,964,1101
"E13084","E13084","E13084",588,526,11,585,188,0,193,589,0,599,193,211
"E13086","E13086","E13086",205,188,2,205,72,0,73,208,0,212,73,88
"E13087","E13087","E13087",362,344,3,362,123,1,124,362,1,363,124,136
"E13088","E13088","E13088",299,257,7,299,92,0,93,297,0,300,92,112
"E13089","E13089","E13089",10783,8425,643,10730,3455,103,3614,10324,200,10694,3612,3962
"E13090","E13090","E13090",5610,4254,371,5582,1714,429,2178,4662,720,5461,2185,2507
"E13091","E13091","E13091",4422,3364,245,4371,1336,516,1870,3306,1022,4373,1881,2200
"E13092","E13092","E13092",629,536,37,618,200,2,209,563,2,576,206,248
"E13093","E13093","E13093",229,215,3,226,76,0,77,229,0,230,78,101
"E13094","E13094","E13094",440,405,5,434,161,0,163,440,0,447,163,176
"E13095","E13095","E13095",318,298,5,318,112,1,113,329,1,330,113,129
"E13096","E13096","E13096",506,456,3,502,172,1,175,512,4,522,175,195
"E13097","E13097","E13097",273,263,2,272,101,0,102,268,0,272,101,114
"E13098","E13098","E13098",351,340,1,350,123,0,126,351,0,360,125,140
"E13099","E13099","E13099",495,456,12,495,155,0,156,501,0,506,156,179
"E13100","E13100","E13100",243,232,2,243,86,1,89,249,1,253,89,107
"E13101","E13101","E13101",322,288,7,321,109,0,111,321,0,326,111,128
"E13102","E13102","E13102",213,183,3,212,71,0,71,215,0,215,71,87
"E13103","E13103","E13103",378,350,7,374,128,2,133,377,2,388,134,148
"E13104","E13104","E13104",392,365,4,391,135,1,138,390,4,397,138,157
"E13105","E13105","E13105",417,379,8,415,128,0,132,427,0,433,131,145
"E13106","E13106","E13106",284,261,5,281,94,0,95,288,0,289,95,126
"E14001","E14001","E14001",2666,2058,70,2530,955,124,1095,2089,212,2336,1099,1474
"E14002","E14002","E14002",3768,3156,77,3759,1425,189,1647,3258,345,3675,1653,2104
"E14003","E14003","E14003",643,362,31,638,136,160,299,332,308,650,303,375
"E14004","E14004","E14004",1613,1291,57,1603,555,242,811,1146,354,1527,815,1063
"E14005","E14005","E14005",4087,3502,91,4050,1525,209,1757,3567,342,3956,1763,2209
"E14006","E14006","E14006",1243,875,76,1218,343,229,583,770,374,1160,590,807
"E14007","E14007","E14007",799,744,7,797,277,2,292,773,4,810,290,321
"E14008","E14008","E14008",429,391,2,424,138,3,142,437,7,447,142,156
"E14009","E14009","E14009",1237,1086,14,1233,425,2,435,1225,7,1252,434,489
"E14010","E14010","E14010",1579,1448,13,1572,542,3,548,1589,7,1603,546,629
"E14011","E14011","E14011",480,418,10,478,157,0,161,488,0,492,158,178
"E14012","E14012","E14012",728,628,10,723,248,1,253,722,3,739,253,431
"E14013","E14013","E14013",1222,1100,10,1214,415,3,422,1223,4,1239,421,486
"E14014","E14014","E14014",1361,1215,18,1355,446,7,463,1348,14,1384,461,529
"E14015","E14015","E14015",940,873,4,938,312,2,322,921,4,942,318,361
"E14016","E14016","E14016",426,407,2,426,147,0,153,427,0,442,152,172
"E14017","E14017","E14017",1111,998,20,1109,383,9,394,1113,10,1129,395,583
"E14018","E14018","E14018",853,749,17,852,299,5,310,844,5,863,310,552
"E14019","E14019","E14019",1252,1152,11,1242,429,1,442,1211,2,1251,437,494
"E14020","E14020","E14020",1491,1344,8,1487,503,1,512,1439,2,1459,512,575
"E14021","E14021","E14021",9985,8393,215,9943,3500,142,3680,9559,241,9916,3683,4088
"E14022","E14022","E14022",1560,1374,52,1552,540,54,606,1470,78,1582,602,675
"E14023","E14023","E14023",387,369,5,385,131,0,134,396,0,403,134,152
"E14024","E14024","E14024",688,628,6,687,218,1,225,689,2,697,222,262
"E14025","E14025","E14025",1015,930,12,1006,356,1,361,1013,3,1024,364,417
"E14026","E14026","E14026",1437,1325,10,1434,464,2,470,1424,7,1443,470,536
"E14027","E14027","E14027",846,767,4,837,236,3,244,700,4,720,244,268
"E14028","E14028","E14028",460,436,0,460,159,1,163,456,3,469,163,180
"E14029","E14029","E14029",456,426,0,455,168,2,170,460,3,463,170,211
"E14030","E14030","E14030",1088,1000,14,1083,369,1,370,1112,2,1114,370,411
"E14031","E14031","E14031",409,385,3,407,139,1,142,411,2,421,142,182
"E14032","E14032","E14032",2284,1905,38,2268,753,42,827,2082,80,2257,813,959
"E14033","E14033","E14033",457,428,3,454,149,0,149,464,0,464,149,173
"E14034","E14034","E14034",689,635,6,688,226,2,230,707,4,715,229,263
"E14035","E14035","E14035",475,445,5,474,156,0,163,465,0,484,161,182
"E14036","E14036","E14036",984,924,4,979,332,0,336,983,0,992,336,364
"E14037","E14037","E14037",986,903,9,976,317,3,325,981,4,1003,325,367
"E14038","E14038","E14038",730,662,3,728,248,0,254,728,0,744,251,278
"E14039","E14039","E14039",3685,3045,115,3660,1236,53,1313,3379,106,3561,1318,2270
"E14040","E14040","E14040",504,469,4,503,168,0,172,506,0,518,171,198
"E14041","E14041","E14041",586,530,3,580,181,1,184,590,3,599,185,210
"E14042","E14042","E14042",1159,1046,25,1156,392,7,408,1126,17,1161,399,466
"E14043","E14043","E14043",411,383,2,408,138,0,139,416,0,418,140,156
"E14044","E14044","E14044",832,758,18,832,281,0,290,827,0,848,287,453
"E14045","E14045","E14045",855,774,19,850,269,4,281,821,8,859,278,335
"E14046","E14046","E14046",1197,1078,18,1187,368,3,373,1196,5,1205,371,424
"E14047","E14047","E14047",439,392,7,438,164,4,171,432,9,444,171,335
"E14048","E14048","E14048",1149,1065,13,1146,375,4,387,1128,6,1165,384,422
"E14049","E14049","E14049",2639,2185,89,2583,844,39,890,2365,78,2463,899,1756
"E14050","E14050","E14050",536,471,6,531,196,3,202,525,5,539,201,432
"E14051","E14051","E14051",6876,5466,182,6818,2206,77,2329,6561,171,6851,2334,2575
"E14052","E14052","E14052",3570,2900,137,3536,1205,209,1453,2998,341,3438,1458,1772
"E14053","E14053","E14053",316,284,6,315,103,2,105,315,4,319,106,134
"E14054","E14054","E14054",1090,998,14,1088,351,2,363,1019,2,1049,360,417
"E14055","E14055","E14055",828,757,11,824,247,5,263,796,10,832,257,381
"E14056","E14056","E14056",549,497,8,548,191,4,199,553,6,564,196,242
"E14057","E14057","E14057",610,530,15,606,210,2,223,575,5,603,219,341
"E14058","E14058","E14058",456,415,7,451,140,0,143,441,0,448,143,160
"E14059","E14059","E14059",943,848,30,936,295,1,303,935,2,951,300,334
"E14060","E14060","E14060",785,728,8,785,277,1,281,801,2,807,278,340
"E14061","E14061","E14061",682,614,16,681,213,2,220,665,7,688,220,249
"E14062","E14062","E14062",607,554,4,605,191,1,196,596,1,609,195,221
"E14063","E14063","E14063",765,687,12,762,250,1,261,742,1,771,258,324
"E14064","E14064","E14064",957,863,15,955,301,2,316,950,2,984,312,358
"E14065","E14065","E14065",594,542,8,589,205,3,208,594,8,602,208,228
"E14066","E14066","E14066",790,751,7,790,258,2,272,761,5,795,271,294
"E14067","E14067","E14067",1241,1090,17,1226,472,2,484,1199,4,1224,487,846
"E14068","E14068","E14068",92,90,0,92,31,0,31,95,0,95,31,35
"E14069","E14069","E14069",582,514,5,579,198,0,201,591,0,597,198,227
"E14070","E14070","E14070",523,486,3,523,184,1,188,522,2,530,186,211
"E14071","E14071","E14071",549,473,7,546,180,2,185,554,2,568,184,210
"E14072","E14072","E14072",886,797,7,882,325,3,336,887,6,910,337,391
"E14073","E14073","E14073",421,404,3,421,137,0,139,429,0,431,139,164
"E14074","E14074","E14074",330,299,0,329,106,0,106,332,0,332,106,121
"E14075","E14075","E14075",850,718,20,843,331,3,340,835,3,856,342,654
"E14076","E14076","E14076",563,496,12,563,193,2,200,568,4,580,198,257
"E14077","E14077","E14077",559,499,3,558,179,0,186,537,0,558,182,216
"E14078","E14078","E14078",374,353,5,373,125,0,126,382,0,385,125,146
"E14079","E14079","E14079",686,594,8,679,257,2,263,685,2,700,262,331
"E14080","E14080","E14080",853,778,2,849,284,0,288,797,0,805,291,333
"E14081","E14081","E14081",568,525,4,562,201,0,209,559,0,576,206,228
"E14082","E14082","E14082",3942,3031,77,3925,1326,32,1386,3791,60,3939,1383,1568
"E14083","E14083","E14083",737,667,8,726,228,1,233,723,2,739,232,263
"E14084","E14084","E14084",475,433,7,473,139,1,141,485,2,488,140,154
"E14085","E14085","E14085",824,731,12,819,303,3,314,818,8,845,313,396
"E14086","E14086","E14086",246,224,2,246,81,0,82,248,0,253,81,88
"E14087","E14087","E14087",443,420,4,443,141,1,143,452,1,456,143,157
"E14088","E14088","E14088",577,494,5,565,211,0,213,580,0,584,212,487
"E14089","E14089","E14089",1593,1381,17,1574,557,4,577,1541,9,1590,575,699
"E14090","E14090","E14090",628,576,4,617,204,0,206,620,0,626,206,243
"E14091","E14091","E14091",581,542,5,577,189,2,191,585,3,588,191,208
"E14092","E14092","E14092",2841,2475,47,2814,991,28,1040,2768,46,2871,1041,1168
"E14093","E14093","E14093",942,851,6,929,325,10,342,893,16,925,346,541
"E14094","E14094","E14094",642,585,8,642,227,3,233,636,10,653,232,261
"E14095","E14095","E14095",536,480,7,531,188,0,188,551,0,551,189,213
"E14096","E14096","E14096",524,472,3,522,183,1,189,519,2,529,188,226
"E14097","E14097","E14097",1116,988,8,1107,394,7,408,1079,11,1110,408,573
"E14098","E14098","E14098",865,772,7,863,293,0,300,875,0,883,297,340
"E14099","E14099","E14099",1779,1554,62,1751,585,6,594,1764,12,1783,593,659
"E14100","E14100","E14100",1139,1021,19,1122,394,2,399,1134,7,1146,401,440
"E14101","E14101","E14101",634,533,20,630,225,0,233,621,0,637,230,289
"E14102","E14102","E14102",831,737,16,830,254,1,256,794,1,796,255,289
"E14103","E14103","E14103",584,502,15,582,196,0,197,598,0,600,197,218
"E14104","E14104","E14104",525,455,3,524,170,0,173,530,0,534,171,191
"E14105","E14105","E14105",515,483,6,515,188,3,199,504,3,520,198,224
"E14106","E14106","E14106",312,282,1,309,115,0,116,320,0,322,115,126
"E14107","E14107","E14107",492,443,10,492,174,1,175,511,3,514,175,213
"E14108","E14108","E14108",448,387,12,441,151,0,151,458,0,458,152,193
"E14109","E14109","E14109",871,749,15,861,313,0,314,872,0,875,313,369
"E14110","E14110","E14110",710,656,6,705,233,0,235,713,0,720,235,265
"E14111","E14111","E14111",2246,1937,36,2219,817,6,839,2205,12,2250,835,1185
"E14112","E14112","E14112",807,706,13,773,235,5,243,689,8,709,242,269
"E14113","E14113","E14113",954,806,19,947,364,1,369,957,3,964,368,452
"E14114","E14114","E14114",620,514,10,591,219,0,223,577,0,581,224,405
"E14115","E14115","E14115",617,563,5,617,216,1,218,617,2,620,217,233
"E14116","E14116","E14116",522,476,4,521,171,0,179,502,0,531,174,190
"E14117","E14117","E14117",1760,1579,32,1750,597,4,609,1775,4,1795,608,670
"E14118","E14118","E14118",2112,1720,45,2070,676,46,731,1747,84,1850,745,1858
"E14119","E14119","E14119",2240,1839,43,2183,878,9,894,2158,22,2192,901,1508
"E14120","E14120","E14120",528,472,3,527,189,5,198,519,6,529,194,238
"E14121","E14121","E14121",1026,939,7,1021,372,9,394,994,15,1043,390,442
"E14122","E14122","E14122",582,510,10,576,210,1,215,579,5,590,212,252
"E14123","E14123","E14123",12505,10410,388,12413,4360,232,4654,11521,446,12129,4661,5103
"E14124","E14124","E14124",500,461,5,497,172,0,178,496,0,508,176,187
"E15001","E15001","E15001",9976,8341,311,9921,3390,246,3696,9478,445,10065,3701,4095
"E15002","E15002","E15002",3013,2391,110,2966,903,173,1092,2575,332,2944,1090,1221
"E15003","E15003","E15003",1839,1383,204,1822,550,169,749,1369,371,1826,749,832
"E15004","E15004","E15004",6414,4680,539,6210,1718,517,2284,4732,1024,5834,2300,2599
"E15005","E15005","E15005",6459,5222,417,6396,2159,242,2437,5879,543,6498,2433,2636
"E15006","E15006","E15006",2415,2156,60,2407,676,104,806,2133,221,2433,806,849
"E15007","E15007","E15007",6762,5667,210,6693,2342,204,2576,6358,377,6813,2581,2908
"E15008","E15008","E15008",136,121,5,136,47,0,48,139,0,142,47,55
"E15009","E15009","E15009",2720,2328,90,2705,841,84,940,2495,142,2678,940,1049
"E15010","E15010","E15010",4606,3806,156,4579,1315,238,1577,4077,525,4669,1580,1745
"E15011","E15011","E15011",2065,1721,66,2014,608,2,616,1975,2,1999,623,711
"E15012","E15012","E15012",439,385,13,433,135,0,138,428,0,433,137,159
"E15013","E15013","E15013",510,455,14,500,180,9,191,496,13,514,191,223
"E15014","E15014","E15014",1359,1241,25,1353,449,28,482,1321,48,1381,481,526
"E15015","E15015","E15015",194,174,4,192,67,0,68,196,0,201,68,80
"E15016","E15016","E15016",267,250,3,267,93,0,94,266,0,271,94,109
"E15017","E15017","E15017",766,684,17,758,253,4,258,777,6,785,260,287
"E15018","E15018","E15018",314,293,8,312,121,0,128,308,0,319,127,160
"E15019","E15019","E15019",258,231,5,253,83,0,85,249,0,253,85,97
"E15020","E15020","E15020",253,229,4,250,85,0,88,250,0,253,88,102
"E15021","E15021","E15021",968,843,26,965,315,5,328,948,14,979,322,363
"E15022","E15022","E15022",805,678,27,794,273,3,280,798,6,808,278,324
"E15023","E15023","E15023",171,155,3,168,52,0,52,171,0,171,52,69
"E15024","E15024","E15024",460,417,9,458,144,0,150,402,0,416,148,170
"E15025","E15025","E15025",292,231,8,268,88,0,88,263,0,263,88,102
"E15026","E15026","E15026",468,427,2,467,160,2,165,471,4,480,165,189
"E15027","E15027","E15027",416,386,7,413,141,0,143,420,0,425,143,165
"E15028","E15028","E15028",435,392,1,433,147,3,153,425,8,440,152,181
"E15029","E15029","E15029",512,470,8,510,158,1,159,512,2,514,161,175
"E15030","E15030","E15030",341,306,2,341,112,3,118,341,6,353,115,141
"E15031","E15031","E15031",279,258,0,279,96,2,98,286,2,288,99,108
"E15032","E15032","E15032",5980,4990,227,5911,1861,169,2042,5679,331,6044,2043,2211
"E15033","E15033","E15033",2910,2381,109,2791,867,26,911,2678,50,2781,911,982
"E15034","E15034","E15034",7258,6094,277,7145,2344,124,2515,6837,261,7171,2485,2746
"E15035","E15035","E15035",14706,12087,750,14437,4246,446,4762,13148,1021,14378,4760,5008
"E15036","E15036","E15036",788,648,43,780,253,4,260,793,6,802,259,301
"E15037","E15037","E15037",365,319,6,365,127,4,134,361,8,376,133,143
"E15038","E15038","E15038",1367,1239,18,1350,444,6,464,1300,14,1360,454,542
"E15039","E15039","E15039",1858,1597,33,1814,625,11,641,1775,14,1797,644,756
"E15040","E15040","E15040",744,628,22,721,245,6,257,680,10,705,254,294
"E15041","E15041","E15041",633,552,21,628,214,2,219,638,5,650,219,254
"E15042","E15042","E15042",346,304,12,344,113,3,118,349,4,358,118,144
"E15043","E15043","E15043",466,409,11,458,161,0,163,454,0,458,163,212
"E15044","E15044","E15044",1102,965,29,1090,361,8,378,1055,17,1098,377,419
"E15045","E15045","E15045",330,269,20,325,109,10,123,279,19,305,123,131
"E15046","E15046","E15046",733,591,21,691,234,7,246,633,15,667,246,284
"E15047","E15047","E15047",333,283,9,329,108,1,110,333,1,337,112,130
"E15048","E15048","E15048",469,417,16,467,166,1,175,456,2,476,168,202
"E15049","E15049","E15049",832,687,43,820,261,3,273,760,3,779,270,388
"E15050","E15050","E15050",903,791,22,898,293,4,307,870,8,905,310,480
"E15051","E15051","E15051",458,394,13,454,154,1,159,460,1,469,159,187
"E15052","E15052","E15052",411,350,15,403,138,5,147,392,9,409,145,180
"E15053","E15053","E15053",274,230,5,260,95,1,98,243,1,248,99,116
"E15054","E15054","E15054",2724,2339,105,2708,903,29,949,2640,53,2736,948,1051
"E15055","E15055","E15055",889,780,21,883,275,2,287,747,3,764,283,335
"E15056","E15056","E15056",10731,8666,567,10637,2753,786,3592,8804,1841,10815,3591,3859
"E15057","E15057","E15057",1062,898,35,1042,344,7,357,1025,13,1056,361,423
"E15058","E15058","E15058",246,209,4,227,69,4,76,216,6,225,77,106
"E15059","E15059","E15059",304,272,6,304,102,1,105,307,1,312,104,121
"E15060","E15060","E15060",2354,1986,83,2293,704,33,745,2062,65,2143,743,838
"E15061","E15061","E15061",4009,3390,145,3965,1197,127,1337,3651,309,3993,1339,1424
"E15062","E15062","E15062",615,552,15,614,204,3,210,604,5,619,208,228
"E15063","E15063","E15063",2529,2233,105,2500,799,57,873,2292,96,2428,868,1007
"E15064","E15064","E15064",1378,1207,36,1373,440,26,469,1331,49,1385,469,528
"E15065","E15065","E15065",335,289,9,331,108,0,110,333,0,336,113,127
"E15066","E15066","E15066",8163,6975,295,8093,2441,156,2632,7700,334,8139,2630,2983
"E15067","E15067","E15067",242,219,8,239,86,0,92,232,0,246,88,110
"E15068","E15068","E15068",404,383,3,402,145,1,149,401,1,409,146,170
"E15069","E15069","E15069",210,198,1,207,67,1,70,206,3,214,70,91
"E15070","E15070","E15070",184,168,5,180,58,0,58,184,0,184,58,82
"E15071","E15071","E15071",1701,1562,17,1699,619,17,653,1647,28,1724,653,753
"E15072","E15072","E15072",278,246,9,277,83,2,91,234,4,257,90,120
"E15073","E15073","E15073",491,462,5,488,165,2,170,480,6,492,169,204
"E15074","E15074","E15074",597,544,7,594,189,4,197,575,8,596,197,222
"E15075","E15075","E15075",178,154,6,178,65,1,66,183,1,184,66,79
"E15076","E15076","E15076",348,317,3,346,126,1,127,356,4,360,128,142
"E15077","E15077","E15077",334,305,9,333,117,1,122,333,1,342,119,146
"E15078","E15078","E15078",427,394,5,426,145,0,147,422,0,428,148,179
"E15079","E15079","E15079",141,127,4,139,45,0,47,132,0,137,47,60
"E15080","E15080","E15080",277,263,3,277,97,0,98,275,0,279,97,109
"E15081","E15081","E15081",589,538,6,586,213,8,223,586,10,604,223,272
"E15082","E15082","E15082",1507,1350,28,1501,535,20,570,1469,30,1550,572,677
"E16001","E16001","E16001",1452,1189,105,1426,554,39,606,1325,71,1440,608,754
"E16002","E16002","E16002",1810,1406,169,1799,534,305,855,1292,497,1825,858,1105
"E16003","E16003","E16003",222,168,15,216,84,14,98,195,16,211,100,145
"E16004","E16004","E16004",1478,1096,107,1361,523,118,645,1074,223,1305,646,766
"E16005","E16005","E16005",2571,2171,76,2551,932,64,1022,2250,124,2459,1031,1468
"E16006","E16006","E16006",454,385,20,448,176,1,178,438,1,442,182,338
"E16007","E16007","E16007",117,95,6,114,41,0,43,116,0,122,43,59
"E16009","E16009","E16009",111,89,3,104,48,0,50,100,0,103,50,105
"E16010","E16010","E16010",423,334,16,407,167,7,178,397,12,413,180,348
"E16011","E16011","E16011",158,136,3,153,56,0,62,146,0,160,62,118
"E16012","E16012","E16012",951,579,32,727,228,1,244,563,1,603,249,371
"E16013","E16013","E16013",82,69,3,78,33,0,33,81,0,81,33,55
"E16014/16008","E16014/16008","E16014/16008",198,188,0,195,68,1,72,192,1,198,72,99
"E16015","E16015","E16015",120,110,0,120,52,0,52,125,0,125,53,70
"E16016","E16016","E16016",90,57,5,72,27,0,27,65,0,65,28,48
"E16018","E16018","E16018",288,247,4,287,115,1,119,295,1,301,118,147
"E16019","E16019","E16019",1335,1103,31,1302,489,9,502,1278,23,1309,509,627
"E16020/16017","E16020/16017","E16020/16017",195,174,1,195,72,1,74,189,1,195,74,100
"E16021","E16021","E16021",349,314,6,349,121,1,123,354,1,357,125,150
"E16022","E16022","E16022",193,165,2,190,74,0,76,193,0,195,77,104
"E16023","E16023","E16023",300,266,2,299,112,0,116,293,0,306,116,144
"E16024","E16024","E16024",249,213,8,248,101,0,102,243,0,245,103,136
"E16025","E16025","E16025",728,655,13,726,253,0,259,734,0,744,260,295
"E16026","E16026","E16026",2984,2662,55,2961,1046,74,1139,2859,116,3020,1141,1275
"E16027","E16027","E16027",10299,7294,845,10133,3309,488,3841,9067,1063,10264,3851,4259
"E16028","E16028","E16028",952,840,23,942,330,2,336,951,2,963,337,378
"E16029","E16029","E16029",1986,1713,63,1968,648,12,676,1940,21,2007,668,730
"E16030","E16030","E16030",983,735,66,872,295,2,301,812,5,829,311,355
"E16031","E16031","E16031",314,280,10,310,116,0,118,311,0,313,117,142
"E16032","E16032","E16032",17709,13849,1216,17523,6053,400,6506,16547,716,17452,6525,7470
"E16033","E16033","E16033",280,243,0,272,93,0,96,262,0,275,97,127
"E16034","E16034","E16034",709,647,7,696,229,0,232,710,0,717,232,269
"E16035","E16035","E16035",763,667,20,761,265,13,282,759,21,788,282,333
"E16036","E16036","E16036",614,579,10,614,193,1,194,624,1,625,194,216
"E16037","E16037","E16037",883,802,14,877,288,1,290,884,1,890,290,319
"E16038","E16038","E16038",497,438,12,489,157,4,162,491,7,499,162,184
"E16039","E16039","E16039",248,212,9,248,105,1,106,258,1,259,106,128
"E16040","E16040","E16040",1966,1566,44,1783,631,39,679,1660,56,1745,681,768
"E16041","E16041","E16041",2681,2276,86,2655,879,31,918,2610,59,2691,923,1017
"E16042","E16042","E16042",688,631,11,685,238,3,244,695,4,704,242,256
"E16043","E16043","E16043",1201,1074,34,1193,386,0,392,1232,0,1242,392,437
"E16044","E16044","E16044",654,589,12,654,224,1,225,668,1,669,225,253
"E16045","E16045","E16045",963,850,17,957,293,33,329,806,57,866,329,383
"E16046","E16046","E16046",504,428,10,491,192,0,196,483,0,494,198,253
"E16047","E16047","E16047",190,170,1,189,78,0,78,194,0,194,79,104
"E16048","E16048","E16048",749,660,17,745,272,2,278,748,2,764,279,327
"E16049","E16049","E16049",339,298,5,331,138,1,145,323,1,333,148,317
"E16050","E16050","E16050",399,344,14,397,148,2,153,393,3,403,156,229
"E16051","E16051","E16051",202,149,4,193,72,0,74,188,0,193,75,124
"E16052","E16052","E16052",267,247,2,264,96,1,100,257,2,263,102,131
"E16053","E16053","E16053",260,218,12,258,94,0,95,259,0,262,95,116
"E16054","E16054","E16054",2331,1883,68,2244,820,79,916,1991,134,2172,924,1624
"E16055","E16055","E16055",212,198,2,212,76,0,77,218,0,222,77,95
"E16056","E16056","E16056",408,357,17,399,165,1,171,404,2,415,174,231
"E16057","E16057","E16057",277,229,8,275,111,0,111,287,0,287,111,154
"E16058","E16058","E16058",820,494,43,635,227,1,235,593,1,604,236,405
"E16059","E16059","E16059",139,118,7,136,53,1,55,133,3,138,56,72
"E16060","E16060","E16060",353,307,11,349,140,1,142,329,2,332,143,360
"E16061","E16061","E16061",259,210,12,253,93,1,95,253,2,256,98,142
"E16062","E16062","E16062",289,257,5,288,111,0,113,305,0,307,113,137
"E16063","E16063","E16063",1633,1383,33,1593,617,26,661,1469,45,1549,673,1129
"E16064","E16064","E16064",692,608,18,675,263,2,272,657,5,685,271,501
"E16065","E16065","E16065",146,114,4,138,52,0,58,130,0,144,58,80
"E16066","E16066","E16066",238,222,0,236,85,0,85,243,0,243,85,106
"E16067","E16067","E16067",650,583,14,646,211,1,216,645,1,657,216,250
"E16068","E16068","E16068",235,216,5,232,89,0,89,234,0,234,91,114
"E16069","E16069","E16069",441,404,3,437,154,0,154,450,0,450,155,200
"E16070","E16070","E16070",325,294,6,324,124,0,124,327,0,327,125,164
"E16071","E16071","E16071",905,823,31,900,341,9,359,888,13,920,357,440
"E16072","E16072","E16072",328,299,9,328,121,0,121,328,0,328,121,186
"E16073","E16073","E16073",286,248,10,285,107,0,107,289,0,289,107,141
"E16074","E16074","E16074",574,540,2,573,196,0,197,577,0,578,197,235
"E16075","E16075","E16075",596,546,17,591,203,0,203,607,0,607,203,240
"E16076","E16076","E16076",183,171,2,181,71,1,74,179,1,182,73,95
"E16077","E16077","E16077",201,175,10,201,82,0,82,203,0,203,83,111
"E16078","E16078","E16078",471,402,10,468,169,0,173,465,0,474,176,247
"E16079","E16079","E16079",378,357,6,377,127,0,131,378,0,384,130,172
"E16080","E16080","E16080",525,482,12,517,193,0,196,519,0,530,197,248
"E16081","E16081","E16081",427,395,8,426,152,1,158,417,5,434,157,189
"E16082","E16082","E16082",765,615,16,733,262,1,270,663,1,686,284,469
"E16083","E16083","E16083",417,379,8,416,159,2,164,410,5,423,165,245
"E16084","E16084","E16084",324,293,7,324,119,0,120,327,0,329,120,161
"E16085","E16085","E16085",335,294,8,328,129,0,130,333,0,338,130,167
"E16086","E16086","E16086",261,238,3,261,94,0,98,252,0,266,98,183
"E16087","E16087","E16087",349,306,10,349,137,2,144,340,5,354,144,382
"E16088","E16088","E16088",917,791,20,903,414,28,450,835,50,900,454,1675
"E16089","E16089","E16089",266,232,2,266,104,1,106,256,6,263,107,197
"E16090","E16090","E16090",480,452,5,477,169,5,177,464,15,488,176,228
"E16091","E16091","E16091",640,576,5,634,251,7,258,634,12,646,260,337
"E16092","E16092","E16092",714,601,19,698,269,2,275,700,3,713,280,457
"E16093","E16093","E16093",726,623,19,722,246,3,256,726,8,746,255,319
"E16094","E16094","E16094",243,207,5,236,89,0,91,239,0,241,91,138
"E16095","E16095","E16095",295,264,7,295,111,1,112,293,4,297,112,153
"E16096","E16096","E16096",216,192,9,209,74,0,77,210,0,215,78,108
"E16097","E16097","E16097",87,78,0,87,31,0,32,86,0,89,32,45
"E16098","E16098","E16098",223,202,4,222,92,0,94,218,0,220,93,170
"E16099","E16099","E16099",193,178,3,193,81,1,82,195,4,199,82,123
"E16100","E16100","E16100",192,171,1,191,70,0,71,198,0,200,71,145
"E16101","E16101","E16101",327,293,8,324,118,1,124,318,1,326,124,262
"E16102","E16102","E16102",101,87,0,101,34,0,35,102,0,103,35,59
"E16103","E16103","E16103",110,96,2,109,44,0,45,106,0,108,46,62
"E16104","E16104","E16104",149,139,1,149,52,0,53,150,0,151,52,70
"E16105","E16105","E16105",1166,895,186,1161,312,4,347,942,12,1041,347,360
"E16106","E16106","E16106",5994,5249,199,5967,1972,32,2029,5798,86,5963,2031,2166
"E16107","E16107","E16107",846,498,148,709,101,160,261,305,417,722,290,337
"E16108","E16108","E16108",467,421,11,467,139,2,147,453,5,474,146,161
"E16109","E16109","E16109",581,540,5,577,182,0,185,581,0,588,186,210
"E16110","E16110","E16110",270,246,7,269,79,0,80,267,0,272,80,91
"E16111","E16111","E16111",1514,1291,64,1425,466,1,471,1409,3,1419,472,508
"E16112","E16112","E16112",340,317,4,339,116,0,118,342,0,344,118,132
"E16113","E16113","E16113",793,680,18,786,223,45,271,688,104,799,271,295
"E16114","E16114","E16114",143,132,2,142,46,0,46,143,0,143,46,58
"E16115","E16115","E16115",737,689,4,733,240,2,246,731,4,749,244,281
"E16116","E16116","E16116",1911,1753,28,1896,618,1,625,1903,1,1920,626,673
"E16117","E16117","E16117",134,116,5,133,45,0,45,134,0,134,45,52
"E16118","E16118","E16118",1281,1094,48,1274,408,14,429,1243,24,1289,429,494
"E16119","E16119","E16119",627,556,14,625,209,9,224,605,15,633,223,253
"E16120","E16120","E16120",298,249,13,294,112,0,112,308,0,308,113,144
"E16121","E16121","E16121",282,221,10,280,100,0,106,277,0,290,102,123
"E16122","E16122","E16122",199,155,1,196,63,0,69,185,0,202,64,77
"E16124","E16124","E16124",150,137,1,150,53,0,55,156,0,159,54,66
"E16125","E16125","E16125",116,83,5,109,41,0,43,108,0,114,47,87
"E16126","E16126","E16126",213,168,11,213,66,0,71,193,0,210,70,86
"E16127","E16127","E16127",188,137,7,159,59,0,61,155,0,160,74,128
"E16128/16123","E16128/16123","E16128/16123",170,117,4,167,71,0,76,167,0,173,73,103
"E16129","E16129","E16129",137,115,4,137,51,1,53,141,1,143,52,68
"E16130","E16130","E16130",605,507,17,597,222,3,229,589,4,605,230,312
"E16131","E16131","E16131",351,294,7,347,129,1,136,348,4,363,134,153
"E16132/16133","E16132/16133","E16132/16133",317,235,10,308,111,1,118,311,1,324,116,147
"E16134","E16134","E16134",2055,1672,72,2022,687,122,820,1774,194,1995,824,1077
"E16135","E16135","E16135",422,314,22,402,149,9,174,376,16,412,164,298
"E16136","E16136","E16136",734,593,29,725,245,1,252,722,2,736,250,327
"E16137","E16137","E16137",1278,1068,38,1265,478,19,506,1237,31,1282,505,623
"E16138","E16138","E16138",153,129,1,149,52,0,52,150,0,150,53,64
"E16139","E16139","E16139",261,228,5,258,90,0,93,260,0,266,91,120
"E16140","E16140","E16140",211,177,3,210,78,0,79,219,0,220,78,103
"E16141","E16141","E16141",508,474,8,507,160,1,164,494,4,509,165,189
"E16142","E16142","E16142",224,198,2,217,78,0,78,214,0,214,81,93
"E16143","E16143","E16143",172,125,2,167,71,0,72,176,0,177,72,87
"E16144","E16144","E16144",954,832,36,950,344,0,347,955,0,963,347,399
"E16145","E16145","E16145",257,215,8,253,93,1,97,244,2,255,97,127
"E16146","E16146","E16146",413,360,6,404,154,1,157,406,1,413,158,190
"E16147","E16147","E16147",196,165,8,191,65,0,65,198,0,198,68,86
"E16148","E16148","E16148",313,272,3,313,110,0,113,313,0,318,112,128
"E16149","E16149","E16149",152,127,2,151,55,1,57,150,3,156,57,70
"E16150","E16150","E16150",279,229,10,276,90,0,92,277,0,287,92,111
"E16151","E16151","E16151",1476,1245,47,1467,488,10,501,1483,18,1508,501,566
"E16152","E16152","E16152",133,118,2,133,48,1,50,136,1,138,49,59
"E16153","E16153","E16153",734,637,15,720,210,2,213,730,4,739,215,242
"E16154","E16154","E16154",163,142,0,162,62,0,63,164,0,167,63,74
"E16155","E16155","E16155",1089,913,50,1084,400,2,411,1073,4,1096,414,506
"E17001","E17001","E17001",786,660,42,777,324,26,352,731,42,777,352,403
"E17002","E17002","E17002",1757,1588,41,1751,627,48,677,1694,80,1779,678,757
"E17003","E17003","E17003",1474,1322,42,1463,570,30,601,1462,44,1511,603,667
"E17004","E17004","E17004",662,623,15,659,253,5,267,634,8,674,267,297
"E17005","E17005","E17005",806,765,5,804,305,9,319,789,17,822,319,344
"E17006","E17006","E17006",2223,1521,297,2025,291,406,713,732,1009,1806,759,883
"E17007","E17007","E17007",1934,1680,91,1919,590,162,755,1564,328,1896,785,848
"E17008","E17008","E17008",4925,4188,266,4860,1479,102,1595,3902,213,4163,1614,1777
"E17009","E17009","E17009",1492,1277,84,1479,584,11,613,1449,25,1495,617,677
"E17010","E17010","E17010",3253,2421,449,3212,1147,108,1269,2983,219,3243,1279,1380
"E17011","E17011","E17011",690,568,24,689,185,108,302,431,216,668,298,341
"E17012","E17012","E17012",2185,1295,251,2143,707,292,1039,1442,575,2110,1046,1154
"E17013","E17013","E17013",1044,932,35,1032,399,2,401,1051,6,1057,401,433
"E17014","E17014","E17014",868,331,99,663,32,237,274,57,432,508,280,332
"E17015","E17015","E17015",2117,1009,378,2045,138,700,943,319,1397,1867,965,1157
"E17016","E17016","E17016",1577,1442,34,1575,567,26,600,1536,53,1602,600,646
"E17017","E17017","E17017",833,531,78,821,220,127,352,475,221,707,355,563
"E17018","E17018","E17018",1191,921,66,1186,451,100,559,1036,185,1245,559,636
"E17019","E17019","E17019",963,698,64,947,299,44,356,807,93,938,358,427
"E17020","E17020","E17020",1407,954,137,1368,504,119,634,1100,206,1337,639,744
"E17021","E17021","E17021",714,668,7,712,291,9,302,704,14,721,302,323
"E17022","E17022","E17022",746,712,5,744,308,61,374,666,77,754,375,409
"E17023","E17023","E17023",3610,3393,32,3605,1174,64,1259,3473,120,3643,1262,1313
"E17024","E17024","E17024",2044,1551,107,2038,691,203,928,1601,393,2065,932,1031
"E17025","E17025","E17025",928,883,9,928,335,5,354,900,9,940,354,376
"E17026","E17026","E17026",607,571,11,607,223,5,233,569,9,591,233,256
"E17027","E17027","E17027",2418,1380,329,2152,344,478,846,991,983,2008,885,1007
"E17028","E17028","E17028",1103,861,70,1035,433,35,476,920,59,993,495,606
"E17029","E17029","E17029",2198,1431,378,2027,228,429,673,597,1053,1695,738,838
"E17030","E17030","E17030",813,574,145,791,285,31,318,752,66,821,319,346
"E17031","E17031","E17031",716,579,48,707,270,25,302,700,55,776,306,343
"E17032","E17032","E17032",2733,2434,98,2706,1038,104,1151,2483,240,2745,1165,1270
"E17033","E17033","E17033",2066,1748,94,2036,708,66,794,1926,134,2102,800,875
"E17034","E17034","E17034",769,719,11,769,293,1,298,754,2,768,298,315
"E17035","E17035","E17035",588,491,23,584,294,8,309,561,16,589,309,345
"E17036","E17036","E17036",1053,783,93,1048,329,187,532,704,342,1071,535,633
"E17037","E17037","E17037",944,871,19,941,370,2,372,947,2,949,372,403
"E17038","E17038","E17038",1143,1032,28,1133,424,68,496,1026,118,1152,497,521
"E17039","E17039","E17039",4044,3727,85,4039,1214,91,1347,3677,166,3973,1347,1481
"E17040","E17040","E17040",1476,1184,64,1468,363,191,558,1025,416,1452,558,678
"E17041","E17041","E17041",1047,874,66,1045,317,34,359,959,53,1031,360,421
"E17042","E17042","E17042",5066,4281,211,5041,1590,269,1870,4359,599,4983,1872,2051
"E17043","E17043","E17043",4937,3966,282,4906,1389,335,1743,4171,728,4957,1746,1896
"E17044","E17044","E17044",3272,2930,98,3238,1163,85,1257,3074,152,3239,1259,1362
"E17045","E17045","E17045",840,506,110,745,152,114,282,415,231,677,301,344
"E17046","E17046","E17046",2932,2622,66,2926,941,193,1150,2614,282,2950,1150,1245
"E17047","E17047","E17047",1676,1411,66,1657,656,92,754,1549,128,1685,756,870
"E17048","E17048","E17048",2437,2193,60,2424,918,25,953,2263,48,2327,956,1030
"E17049","E17049","E17049",723,673,13,722,297,6,310,703,12,732,312,347
"E17050","E17050","E17050",1675,1562,28,1668,609,46,675,1530,100,1681,676,726
"E17051","E17051","E17051",1611,662,265,1386,307,363,703,641,602,1301,736,831
"E17052","E17052","E17052",1162,635,244,1146,346,206,580,654,307,998,584,682
"E17053","E17053","E17053",856,581,74,796,323,51,393,685,96,809,395,466
"E17054","E17054","E17054",3638,3150,126,3620,1134,238,1393,3161,423,3644,1396,1510
"E17055","E17055","E17055",1743,828,238,1732,348,518,889,706,966,1718,893,1055
"E17056","E17056","E17056",1401,645,191,1241,268,266,543,614,536,1165,551,675
"E17057","E17057","E17057",2163,1010,393,2073,259,774,1053,602,1451,2087,1085,1258
"E17058","E17058","E17058",956,616,109,938,348,102,454,761,189,957,460,530
"E17059","E17059","E17059",699,531,40,698,235,56,299,561,96,673,300,356
"E17060","E17060","E17060",892,475,130,866,255,136,407,550,278,854,416,515
"E17061","E17061","E17061",2466,2137,88,2451,751,46,814,2084,102,2227,814,870
"E17062","E17062","E17062",3699,3373,101,3685,1253,26,1300,3585,52,3737,1283,1385
"E17063","E17063","E17063",1623,1273,101,1550,598,51,659,1457,116,1601,677,768
"E17064","E17064","E17064",1667,1137,130,1564,418,273,704,1070,441,1531,709,864
"E17065","E17065","E17065",2756,2406,64,2648,893,84,988,2447,153,2634,988,1063
"E17066","E17066","E17066",2064,1891,52,2060,705,68,791,1897,140,2086,792,837
"E17067","E17067","E17067",701,651,11,698,275,17,295,650,40,696,296,320
"E17068","E17068","E17068",793,642,43,790,160,110,279,422,224,657,280,333
"E17069","E17069","E17069",1039,911,22,1029,415,3,419,1034,3,1041,419,460
"E17070","E17070","E17070",2966,2466,129,2948,987,149,1153,2662,306,3019,1156,1260
"E17071","E17071","E17071",817,640,47,813,341,19,361,770,33,807,362,422
"E17072","E17072","E17072",1196,1048,20,1191,496,9,517,1172,11,1208,517,601
"E17073","E17073","E17073",773,685,20,769,290,21,316,742,29,783,316,345
"E17074","E17074","E17074",471,416,15,467,183,20,205,445,23,472,205,227
"E18001","E18001","E18001",4061,3009,221,4020,1310,182,1521,3406,318,3793,1533,1865
"E18002","E18002","E18002",6525,5491,240,6466,2234,329,2594,5897,490,6465,2605,3066
"E18003","E18003","E18003",2289,1583,193,2262,803,199,1022,1914,351,2310,1027,1229
"E18004","E18004","E18004",2417,1611,127,2183,747,171,935,1764,291,2094,951,1275
"E18005","E18005","E18005",3961,3164,105,3931,1336,105,1478,3580,162,3824,1484,1759
"E18006","E18006","E18006",6055,4751,342,6014,1937,245,2221,5393,451,5939,2226,2650
"E18007","E18007","E18007",2738,2338,90,2725,1095,50,1162,2651,86,2791,1162,1331
"E18008","E18008","E18008",3881,2882,222,3851,1179,355,1566,2985,707,3766,1570,1807
"E18009","E18009","E18009",2706,1959,114,2663,1005,162,1187,2388,244,2670,1198,1474
"E18010","E18010","E18010",7075,5836,209,6996,2469,364,2857,6322,547,6927,2862,3704
"E18011","E18011","E18011",531,481,10,530,167,2,172,525,10,538,171,204
"E18012","E18012","E18012",1673,1517,28,1666,559,2,567,1667,5,1689,569,609
"E18013","E18013","E18013",4489,3662,97,4449,1538,21,1580,4392,36,4480,1577,1734
"E18014","E18014","E18014",1024,937,16,1015,282,7,292,980,14,999,292,312
"E18015","E18015","E18015",1997,1294,120,1986,588,289,898,1422,523,1991,901,1110
"E18016","E18016","E18016",362,335,10,360,115,0,118,364,0,367,115,127
"E18017","E18017","E18017",292,264,4,292,101,0,102,294,0,299,102,106
"E18018","E18018","E18018",664,569,10,661,215,0,218,666,0,669,218,242
"E18019","E18019","E18019",652,601,16,647,210,3,215,653,4,659,214,248
"E18020","E18020","E18020",421,371,6,420,144,0,146,425,0,428,145,154
"E18021","E18021","E18021",1962,1696,45,1949,636,14,661,1927,20,1979,657,713
"E18022","E18022","E18022",1267,1164,19,1262,376,2,384,1273,4,1299,386,414
"E18023","E18023","E18023",621,532,10,614,200,1,204,614,2,628,204,245
"E18024","E18024","E18024",2385,1962,60,2369,797,2,804,2376,4,2397,805,862
"E18025","E18025","E18025",458,423,6,456,143,1,146,463,2,468,144,152
"E18026","E18026","E18026",702,622,12,699,223,13,239,674,25,707,238,270
"E18027","E18027","E18027",1419,1328,13,1413,460,4,466,1379,11,1393,465,502
"E18028","E18028","E18028",521,495,2,518,158,0,159,519,0,520,159,170
"E18029","E18029","E18029",710,604,18,694,224,3,228,707,3,713,232,268
"E18030","E18030","E18030",915,800,16,912,328,8,346,887,13,919,344,416
"E18031","E18031","E18031",798,735,14,796,242,2,248,803,3,816,246,270
"E18032","E18032","E18032",208,163,7,207,72,1,75,210,1,214,75,106
"E18033/18046","E18033/18046","E18033/18046",1091,897,33,1063,397,2,399,1094,6,1100,402,526
"E18034","E18034","E18034",3225,2467,139,3125,1146,137,1306,2741,193,2981,1312,1660
"E18035","E18035","E18035",225,173,4,223,94,0,96,229,0,232,97,129
"E18036","E18036","E18036",278,194,8,275,93,1,94,273,3,276,95,150
"E18037","E18037","E18037",610,459,18,600,243,2,250,602,9,626,250,395
"E18038","E18038","E18038",201,135,4,192,81,1,83,197,1,199,85,167
"E18039","E18039","E18039",1082,857,36,1050,393,2,399,1070,3,1080,401,605
"E18040","E18040","E18040",582,501,11,576,196,1,201,579,1,590,201,249
"E18041","E18041","E18041",755,532,31,696,300,7,315,681,10,703,326,663
"E18042","E18042","E18042",373,268,10,368,134,2,139,367,2,376,138,173
"E18043","E18043","E18043",336,304,4,335,112,4,116,334,9,343,116,145
"E18044","E18044","E18044",298,187,12,289,120,2,126,291,4,302,130,235
"E18045","E18045","E18045",177,134,5,169,70,0,71,176,0,177,76,191
"E18047","E18047","E18047",452,363,14,437,172,0,179,437,0,453,181,343
"E18048","E18048","E18048",167,140,3,167,69,1,78,160,1,175,74,240
"E18049","E18049","E18049",536,447,8,526,224,0,230,530,0,541,231,433
"E18050","E18050","E18050",434,354,7,424,152,0,161,408,0,423,165,284
"E18051","E18051","E18051",804,649,16,778,305,1,310,786,1,792,317,580
"E18052","E18052","E18052",1483,1092,45,1463,586,18,620,1404,27,1476,622,910
"E18053","E18053","E18053",342,274,6,314,128,0,137,308,0,321,135,247
"E18054","E18054","E18054",629,566,8,624,216,0,221,631,0,638,220,290
"E18055","E18055","E18055",747,625,21,737,260,5,266,732,5,738,265,389
"E18056","E18056","E18056",363,332,6,362,128,0,128,374,0,374,128,158
"E18057","E18057","E18057",411,368,7,401,143,0,143,412,0,412,146,209
"E18058","E18058","E18058",381,319,7,375,133,1,138,373,1,382,137,188
"E18059","E18059","E18059",290,257,5,287,90,0,93,293,0,296,91,103
"E18060","E18060","E18060",1938,1624,45,1911,599,14,621,1796,28,1846,625,824
"E18061","E18061","E18061",675,595,15,673,228,4,237,654,10,679,238,276
"E18062","E18062","E18062",862,657,17,851,312,16,332,841,25,878,334,593
"E18063","E18063","E18063",551,464,16,540,174,3,179,489,3,499,180,258
"E18064","E18064","E18064",512,468,9,507,187,1,189,512,2,515,188,212
"E18065","E18065","E18065",339,302,9,337,106,1,107,338,1,339,107,139
"E18066","E18066","E18066",217,199,1,215,66,0,66,213,0,213,66,83
"E18067","E18067","E18067",309,287,8,308,95,0,95,312,0,312,95,110
"E18068","E18068","E18068",582,521,9,576,193,4,202,568,10,590,203,231
"E18069","E18069","E18069",333,274,4,330,103,2,109,319,3,335,108,118
"E18070","E18070","E18070",480,400,9,470,174,6,184,463,12,483,189,319
"E18071","E18071","E18071",992,807,29,974,355,21,382,951,28,989,389,707
"E18072","E18072","E18072",343,283,5,341,117,2,121,339,3,346,121,140
"E18073","E18073","E18073",761,685,16,757,256,3,260,760,6,767,262,315
"E18074","E18074","E18074",740,540,6,712,245,9,259,702,15,730,259,300
"E18075","E18075","E18075",18621,15305,902,18497,5814,512,6372,17323,1129,18588,6384,6924
"E18076","E18076","E18076",1787,1661,31,1781,541,16,561,1717,33,1756,559,594
"E18077","E18077","E18077",429,405,5,429,136,0,137,428,0,429,138,142
"E18078","E18078","E18078",364,281,33,359,62,54,119,162,101,269,119,134
"E18079","E18079","E18079",972,922,13,968,300,3,307,977,7,989,306,330
"E18080","E18080","E18080",5607,4793,176,5486,1781,82,1887,5230,176,5456,1892,2029
"E18081","E18081","E18081",7481,6432,236,7418,2300,97,2423,7195,190,7462,2424,2610
"E18082","E18082","E18082",12118,9984,485,12000,3918,116,4061,11899,217,12172,4071,4363
"E18083","E18083","E18083",1225,1130,15,1217,373,3,381,1215,3,1232,380,410
"E18084","E18084","E18084",1499,1371,29,1487,536,4,542,1485,8,1495,541,588
"E18085","E18085","E18085",8353,7096,300,8269,2549,107,2689,7751,191,8038,2695,2952
"E18086","E18086","E18086",21041,17843,962,20802,6558,859,7464,19239,1664,21056,7484,8314
"E18087","E18087","E18087",1495,1361,29,1485,476,1,480,1505,3,1516,481,531
"E18088","E18088","E18088",1656,1536,22,1645,494,33,531,1617,55,1680,527,577
"E18089","E18089","E18089",690,656,7,689,204,1,208,682,2,690,207,237
"E18090","E18090","E18090",674,643,5,669,201,2,210,654,2,679,209,233
"E18091","E18091","E18091",789,744,8,785,242,2,245,791,5,800,245,259
"E18092","E18092","E18092",5650,4192,577,5622,1699,228,1951,5243,522,5833,1952,2163
"E18093","E18093","E18093",659,620,10,658,205,0,205,666,0,666,205,223
"E18094","E18094","E18094",970,902,16,961,296,13,313,934,39,981,316,344
"E18095","E18095","E18095",1462,1355,28,1457,449,1,456,1451,4,1474,457,488
"E18096","E18096","E18096",10323,8421,641,10155,3221,116,3382,9835,177,10165,3382,3626
"E18097","E18097","E18097",3017,2743,55,2982,913,20,965,2831,35,2927,975,1065
"E18098","E18098","E18098",1086,901,38,1081,342,36,380,1015,83,1101,380,490
"E18099","E18099","E18099",5219,4330,214,5176,1658,224,1890,4799,431,5249,1891,2139
"E18100","E18100","E18100",2342,2014,83,2324,659,149,811,2040,302,2351,816,884
"E18101","E18101","E18101",8574,7697,173,8503,2658,120,2805,8225,228,8526,2805,2992
"E18102","E18102","E18102",4496,3897,144,4453,1380,30,1428,4324,54,4435,1429,1527
"E18103","E18103","E18103",5538,5010,145,5514,1600,22,1664,5322,42,5521,1651,1751
"E18104","E18104","E18104",3000,2800,41,2985,942,9,959,2999,15,3027,958,1028
"E18105","E18105","E18105",357,323,1,355,120,0,122,356,0,363,122,148
"E18106","E18106","E18106",688,587,8,681,216,0,220,676,0,685,220,263
"E18107","E18107","E18107",775,680,12,775,278,5,286,763,14,784,285,358
"E18108","E18108","E18108",218,165,6,192,64,0,65,190,0,191,66,90
"E18109","E18109","E18109",290,252,4,290,97,1,99,295,1,298,98,114
"E18110","E18110","E18110",494,429,8,491,153,0,154,495,0,496,153,188
"E18111","E18111","E18111",469,409,8,468,155,6,163,458,16,477,163,186
"E18112","E18112","E18112",430,323,11,423,155,0,165,418,0,434,159,196
"E18113","E18113","E18113",239,204,11,237,88,0,89,233,0,235,88,107
"E18114","E18114","E18114",1050,891,20,1047,405,24,436,1030,29,1076,435,549
"E18115","E18115","E18115",1447,1275,23,1432,533,4,545,1398,7,1430,546,660
"E18116","E18116","E18116",275,225,4,272,91,0,93,268,0,273,93,119
"E18117","E18117","E18117",456,422,3,456,151,1,153,451,3,460,153,179
"E18118","E18118","E18118",583,522,14,580,180,2,185,577,4,589,185,221
"E18119","E18119","E18119",161,133,1,160,59,0,59,168,0,168,59,82
"E18120","E18120","E18120",593,528,10,589,194,0,195,596,0,599,195,228
"E18121","E18121","E18121",245,224,3,245,80,0,81,246,0,247,80,96
"E18122","E18122","E18122",843,734,25,839,298,3,307,836,6,853,307,363
"E18123","E18123","E18123",693,628,10,693,228,2,237,690,4,711,236,276
"E18124","E18124","E18124",159,153,0,159,50,1,51,159,5,164,51,57
"E18125","E18125","E18125",204,188,3,204,67,0,69,211,0,221,69,75
"E18126","E18126","E18126",816,736,24,812,249,1,256,752,2,772,256,280
"E18127","E18127","E18127",1124,985,31,1114,382,2,389,1118,3,1134,392,448
"E18128","E18128","E18128",894,804,15,888,333,9,356,851,12,894,354,419
"E18129","E18129","E18129",1153,990,35,1139,383,5,391,1139,7,1150,394,451
"E18130","E18130","E18130",382,349,5,378,137,0,139,390,0,392,137,161
"E18131","E18131","E18131",4859,3846,122,4832,1605,23,1660,4620,34,4770,1665,1812
"E18132","E18132","E18132",424,399,4,423,144,0,146,437,0,444,146,171
"E18133","E18133","E18133",1113,1012,21,1108,382,7,401,1087,11,1122,399,463
"E18134","E18134","E18134",320,279,4,315,105,0,105,320,0,320,105,119
"E18135","E18135","E18135",761,698,8,758,253,1,259,753,1,769,258,275
"E18136","E18136","E18136",392,353,4,380,132,1,134,357,4,363,135,160
"E18137","E18137","E18137",257,236,4,254,89,0,94,244,0,258,92,113
"E18138","E18138","E18138",605,556,6,600,183,0,188,600,0,613,186,213
"E18139","E18139","E18139",377,351,1,375,125,2,130,372,3,384,131,162
"E18140","E18140","E18140",1658,1463,31,1645,584,5,592,1657,10,1670,592,659
"E18141","E18141","E18141",1230,1080,22,1228,409,2,420,1159,9,1197,421,481
"E18142","E18142","E18142",356,335,5,353,107,0,107,358,0,358,107,123
"E18143","E18143","E18143",2387,2032,58,2382,785,26,819,2333,41,2389,820,906
"E18144","E18144","E18144",1470,1343,33,1465,470,6,488,1444,11,1488,487,526
"E18145","E18145","E18145",469,425,2,468,164,1,169,465,3,476,170,211
"E18146","E18146","E18146",275,248,3,275,98,0,99,281,0,282,99,117
"E18147","E18147","E18147",725,677,4,723,258,6,276,697,11,741,275,331
"E18148","E18148","E18148",517,479,8,513,180,1,184,506,1,518,183,227
"E18149","E18149","E18149",211,196,3,207,78,0,78,211,0,211,79,107
"E18150","E18150","E18150",345,326,6,344,120,0,121,340,0,345,122,161
"E18151","E18151","E18151",619,569,6,617,252,4,265,609,6,635,263,338
"E18152","E18152","E18152",433,385,4,433,157,0,160,432,0,441,161,180
"E18153","E18153","E18153",623,567,8,619,223,1,228,614,4,634,230,277
"E18154","E18154","E18154",381,343,5,373,133,1,135,364,1,367,136,173
"E18155","E18155","E18155",161,148,5,161,61,1,63,160,2,163,62,71
"E18156","E18156","E18156",285,256,6,283,98,2,102,279,2,284,101,113
"E18157","E18157","E18157",415,395,4,414,133,1,135,420,5,428,135,153
"E18158","E18158","E18158",626,572,8,624,202,9,219,597,25,638,218,267
"E18159","E18159","E18159",410,386,2,404,138,2,143,404,4,412,142,167
"E18160","E18160","E18160",220,197,8,219,72,0,73,217,0,218,72,79
"E18161","E18161","E18161",1283,1093,20,1283,497,3,504,1280,3,1290,504,624
"E18162","E18162","E18162",1935,1604,55,1929,739,37,782,1821,67,1905,787,992
"E18163","E18163","E18163",330,296,4,329,121,0,122,336,0,337,122,142
"E18164","E18164","E18164",350,316,3,347,117,4,123,341,12,355,122,137
"E18165","E18165","E18165",310,279,2,310,116,1,119,312,2,317,118,141
"E18166","E18166","E18166",476,423,5,449,157,3,163,431,7,441,162,212
"E18167","E18167","E18167",461,434,4,456,170,2,173,460,2,467,173,202
"E18168","E18168","E18168",680,638,1,677,237,2,245,673,2,688,243,283
"E18169","E18169","E18169",86,77,0,85,33,0,34,85,0,86,34,38
"E18170","E18170","E18170",1518,1406,27,1508,589,18,612,1449,28,1491,615,756
"E18171","E18171","E18171",906,844,15,901,318,1,324,896,1,909,322,382
"E18172","E18172","E18172",458,423,9,458,148,0,150,453,0,457,150,189
"E18173","E18173","E18173",358,331,1,352,135,0,135,358,0,358,136,158
"E18174","E18174","E18174",156,146,0,156,61,1,63,154,2,157,63,73
"E18175","E18175","E18175",489,441,5,485,173,1,175,492,1,498,176,213
"E18176","E18176","E18176",407,384,3,404,149,0,152,405,0,413,152,174
"E18177","E18177","E18177",499,456,5,498,193,2,196,490,2,493,196,234
"E18178","E18178","E18178",659,558,19,654,228,5,234,659,6,668,233,295
"E18179","E18179","E18179",374,324,8,371,127,2,132,370,4,379,131,142
"E18180","E18180","E18180",362,308,10,357,119,1,121,348,3,353,120,137
"E18181","E18181","E18181",373,329,13,371,133,0,138,373,0,388,138,161
"E18182","E18182","E18182",1226,1055,27,1212,368,24,393,1201,52,1254,392,459
"E18183","E18183","E18183",2462,2044,73,2444,838,60,906,2357,106,2476,907,1010
"E18184","E18184","E18184",456,381,10,434,144,0,146,442,0,444,145,164
"E18185","E18185","E18185",495,428,16,493,146,7,153,492,12,504,154,172
"E18186","E18186","E18186",540,466,11,540,173,6,184,532,8,553,180,203
"E18187","E18187","E18187",1329,1122,60,1310,391,6,399,1275,11,1290,400,431
"E18188","E18188","E18188",526,458,15,526,170,2,174,528,4,535,172,185
"E18189","E18189","E18189",4913,3830,189,4798,1522,98,1632,4552,161,4736,1648,2027
"E18190","E18190","E18190",356,277,11,327,109,2,111,320,2,322,120,170
"E18191","E18191","E18191",576,474,21,564,187,3,190,578,5,583,192,222
"E18192","E18192","E18192",782,675,14,766,234,3,238,784,8,797,239,267
"E18193","E18193","E18193",4641,3892,170,4616,1402,15,1434,4595,26,4690,1437,1537
"E18194","E18194","E18194",316,265,7,309,104,1,105,312,1,313,107,114
"E18195","E18195","E18195",3778,3196,127,3744,1331,58,1405,3649,98,3794,1414,1823
"E18196","E18196","E18196",741,685,10,736,236,2,238,744,3,747,239,261
"E18197","E18197","E18197",478,439,4,475,151,3,156,465,4,477,158,182
"E18198","E18198","E18198",1453,1334,35,1446,459,2,461,1449,3,1452,461,484
"E18199","E18199","E18199",534,480,7,530,198,1,203,532,1,537,200,249
"E18200","E18200","E18200",329,299,8,329,115,3,118,326,7,333,118,139
"E18201","E18201","E18201",626,577,8,622,193,0,194,618,0,623,195,221
"E18202","E18202","E18202",225,186,5,224,82,1,84,227,2,230,84,103
"E18203","E18203","E18203",873,754,13,869,303,1,309,867,2,880,309,365
"E18204","E18204","E18204",553,506,18,550,179,3,185,537,8,555,184,205
"E18205","E18205","E18205",243,231,2,243,84,0,84,250,0,250,84,104
"E18206","E18206","E18206",451,398,9,449,160,2,162,450,4,454,162,207
"E18207","E18207","E18207",1182,1103,24,1177,381,13,399,1168,15,1200,398,456
"E18208","E18208","E18208",281,258,3,281,93,0,94,283,0,288,94,100
"E18209","E18209","E18209",538,480,8,537,195,5,203,539,6,548,203,267
"E18210","E18210","E18210",713,630,9,706,233,4,238,710,9,720,238,290
"E18211","E18211","E18211",843,796,11,834,263,1,268,836,2,845,268,294
"E18212","E18212","E18212",673,620,10,671,226,0,227,689,0,694,226,264
"E18213","E18213","E18213",870,790,4,858,286,2,291,832,4,842,290,332
"E18214","E18214","E18214",1049,961,9,1042,365,13,386,1011,24,1051,388,428
"E18215","E18215","E18215",447,413,5,445,146,2,148,445,2,447,149,167
"E18216","E18216","E18216",694,638,8,690,247,0,248,698,0,700,248,272
"E18217","E18217","E18217",574,534,4,571,191,1,195,565,2,576,197,226
"E18218","E18218","E18218",851,720,4,837,318,2,322,849,3,854,323,408
"E18219","E18219","E18219",597,521,9,594,205,5,213,589,16,611,212,277
"E18220","E18220","E18220",773,713,17,770,264,2,267,770,6,778,269,310
"E18221","E18221","E18221",429,393,8,422,151,0,152,426,0,428,153,179
"E18222","E18222","E18222",700,643,11,697,234,0,238,690,0,699,239,267
"E18223","E18223","E18223",990,940,16,987,316,1,322,982,2,1004,322,362
"E18224","E18224","E18224",1744,1545,37,1721,681,9,709,1697,12,1748,711,847
"E18225","E18225","E18225",619,535,11,595,218,5,224,594,9,604,223,250
"E18226","E18226","E18226",244,225,6,241,87,0,90,236,0,245,91,104
"E18227","E18227","E18227",1165,1031,38,1159,377,6,390,1060,8,1083,390,493
"E18228","E18228","E18228",340,323,0,339,119,1,123,341,1,353,121,138
"E18229","E18229","E18229",1403,1229,32,1382,535,15,556,1348,32,1399,559,658
"E18230","E18230","E18230",2706,2460,52,2681,838,12,858,2544,21,2595,859,982
"E18231","E18231","E18231",344,302,9,339,125,1,126,355,1,356,127,157
"E18232","E18232","E18232",725,664,13,724,251,1,257,732,1,743,257,286
"E18233","E18233","E18233",1081,986,27,1074,366,1,374,1077,1,1093,374,431
"E18234","E18234","E18234",593,544,6,593,220,1,224,588,2,599,224,271
"E18235","E18235","E18235",4615,3695,274,4581,1477,54,1569,4392,109,4629,1570,1733
"E18236","E18236","E18236",374,325,7,371,133,0,134,375,0,379,133,158
"E18237","E18237","E18237",812,723,20,802,272,3,285,791,3,810,285,329
"E18238","E18238","E18238",884,825,8,881,299,1,303,887,2,896,303,332
"E18239","E18239","E18239",4253,3174,250,4214,1481,138,1653,3819,249,4166,1656,1924
"E18240","E18240","E18240",630,549,19,628,228,0,230,639,0,642,228,260
"E18241","E18241","E18241",162,134,2,161,60,0,60,158,0,158,61,70
"E18242","E18242","E18242",617,539,20,611,216,1,220,604,4,614,221,243
"E18243","E18243","E18243",94,73,1,93,38,0,38,96,0,96,38,42
"E18244","E18244","E18244",326,302,6,324,120,3,123,335,4,339,123,146
"E18245","E18245","E18245",266,233,8,256,91,0,91,265,0,265,91,104
"E18246","E18246","E18246",550,500,9,547,175,1,180,485,2,497,180,226
"E18247","E18247","E18247",1692,1383,36,1606,592,10,605,1549,19,1571,612,847
"E18248","E18248","E18248",352,317,4,350,116,1,119,349,1,356,118,129
"E18249","E18249","E18249",7334,5840,420,7302,2207,209,2444,6792,433,7329,2445,2657
"E18250","E18250","E18250",1041,932,15,1028,308,18,329,902,29,935,328,364
"E18251","E18251","E18251",213,193,3,211,64,0,65,219,0,220,64,76
"E18252","E18252","E18252",4374,3678,126,4353,1387,90,1505,4134,163,4386,1510,1685
"E18253","E18253","E18253",2601,2230,75,2553,786,7,805,2267,13,2319,863,1095
"E18254","E18254","E18254",254,237,4,254,73,0,75,262,0,264,74,84
"E18255","E18255","E18255",755,677,15,749,219,0,220,726,0,727,219,242
"E18256","E18256","E18256",619,551,8,605,204,0,207,613,0,619,212,267
"E18257","E18257","E18257",2757,2336,120,2721,933,35,985,2648,65,2764,983,1111
"E18258","E18258","E18258",525,453,18,522,168,2,178,508,3,532,173,225
"E18259","E18259","E18259",996,919,18,994,285,5,300,905,10,943,298,331
"E18260","E18260","E18260",8922,7042,428,8867,2661,297,3017,8180,623,9010,3021,3261
"E18261","E18261","E18261",691,619,20,690,239,1,242,700,2,705,241,269
"E18262","E18262","E18262",1243,1104,45,1237,418,3,424,1237,5,1250,423,483
"E18263","E18263","E18263",626,555,14,625,178,0,180,576,0,579,179,207
"E18264","E18264","E18264",596,526,15,593,193,2,200,592,3,605,199,211
"E18265","E18265","E18265",514,480,8,513,182,0,182,519,0,519,184,220
"E18266","E18266","E18266",905,790,19,902,336,29,369,843,34,891,369,454
"E18267","E18267","E18267",207,202,2,207,72,0,72,207,0,207,72,80
"E18268","E18268","E18268",423,379,7,421,153,0,155,435,0,439,155,196
"E18269","E18269","E18269",215,193,3,213,81,0,81,215,0,215,82,107
"E18270","E18270","E18270",474,450,4,473,151,0,153,418,0,423,153,179
"E18271","E18271","E18271",1955,1367,256,1948,649,20,674,1703,37,1749,675,806
"E18272","E18272","E18272",349,330,0,347,113,0,113,345,0,345,113,149
"E18273","E18273","E18273",337,311,2,335,124,1,126,333,1,335,125,136
"E18274","E18274","E18274",598,555,14,596,233,2,238,597,2,602,238,306
"E18275","E18275","E18275",554,476,8,550,189,0,195,546,0,561,196,219
"E18276","E18276","E18276",374,347,8,370,139,0,141,371,0,377,142,185
"E18277","E18277","E18277",308,290,2,307,107,0,108,316,0,317,107,120
"E18278","E18278","E18278",492,439,6,483,171,1,174,478,2,486,173,209
"E18279","E18279","E18279",443,410,3,440,143,1,145,404,3,408,145,174
"E18280","E18280","E18280",744,655,14,736,258,3,264,737,7,748,265,320
"E18281","E18281","E18281",152,140,1,150,51,0,51,156,0,156,51,62
"E18282","E18282","E18282",516,487,5,514,170,0,175,512,0,526,175,210
"E18283","E18283","E18283",387,345,7,387,129,1,130,386,2,388,130,146
"E18284","E18284","E18284",5135,4435,141,5098,1793,136,1980,4748,252,5136,1975,2257
"E18285","E18285","E18285",307,287,3,306,116,0,117,302,0,303,116,132
"E18286","E18286","E18286",288,232,6,284,103,0,105,296,0,299,105,135
"E18287","E18287","E18287",574,464,14,569,228,4,234,576,4,582,237,375
"E18288","E18288","E18288",582,487,19,580,226,5,235,570,8,589,236,329
"E18289","E18289","E18289",311,276,4,310,105,1,107,315,2,319,107,133
"E18290","E18290","E18290",342,251,12,302,119,1,123,282,2,287,133,274
"E18291","E18291","E18291",344,311,1,344,136,0,140,344,0,353,141,169
"E18292","E18292","E18292",806,635,18,791,284,6,294,785,9,804,303,490
"E18293","E18293","E18293",498,408,13,491,179,0,181,494,0,499,184,321
"E18294","E18294","E18294",354,299,4,354,140,0,142,353,0,356,142,171
"E18295","E18295","E18295",348,296,6,346,133,0,135,350,0,352,134,184
"E18296","E18296","E18296",360,320,1,358,123,0,125,358,0,360,126,167
"E18297","E18297","E18297",295,217,4,294,91,0,93,292,0,300,93,110
"E18298","E18298","E18298",630,521,14,627,203,1,208,576,1,586,209,263
"E18299","E18299","E18299",351,300,4,351,123,1,128,354,1,364,126,160
"E18300","E18300","E18300",502,412,12,501,183,2,187,510,2,514,186,237
"E18301","E18301","E18301",538,409,13,520,211,1,215,531,2,537,218,399
"E18302","E18302","E18302",365,301,8,365,124,1,127,358,5,372,127,164
"E18303","E18303","E18303",544,446,13,539,208,4,213,552,5,559,214,289
"E18304","E18304","E18304",747,548,30,713,275,7,283,713,7,722,291,497
"E18305","E18305","E18305",378,329,8,374,124,0,125,379,0,380,127,160
"E18306","E18306","E18306",1300,1059,29,1262,437,7,451,1166,11,1184,455,591
"E18307","E18307","E18307",738,536,31,702,279,10,292,704,17,725,296,756
"E18308","E18308","E18308",374,317,7,367,130,1,134,369,1,377,132,169
"E18309","E18309","E18309",267,177,10,262,113,0,121,253,0,266,114,157
"E18310","E18310","E18310",846,619,35,833,356,14,374,836,20,864,376,612
"E18311","E18311","E18311",191,122,11,187,84,0,91,184,0,193,87,119
"E18312","E18312","E18312",225,183,5,217,86,1,87,196,1,197,97,371
"E18313","E18313","E18313",173,126,4,173,73,1,75,169,1,171,74,137
"E18314","E18314","E18314",238,183,10,235,90,0,92,240,0,243,92,156
"E18315","E18315","E18315",229,178,6,217,101,2,103,211,4,215,109,314
"E18316","E18316","E18316",441,336,21,433,168,0,170,441,0,444,173,249
"E18317","E18317","E18317",228,162,4,213,83,0,84,226,0,227,87,159
"E18318","E18318","E18318",1053,758,47,1014,382,25,421,934,35,1002,434,935
"E18319","E18319","E18319",186,121,18,170,78,0,78,177,0,177,83,205
"E18320","E18320","E18320",667,587,11,660,226,0,228,669,0,675,227,256
"E18321","E18321","E18321",1073,947,18,1063,331,3,341,955,9,985,346,536
"E18322","E18322","E18322",181,161,2,180,60,0,60,186,0,186,60,67
"E18323","E18323","E18323",1539,1367,45,1537,514,2,523,1540,7,1561,521,569
"E18324","E18324","E18324",954,849,18,948,348,0,350,956,0,959,351,430
"E18325","E18325","E18325",1264,1076,41,1257,451,2,458,1273,2,1284,456,540
"E19001","E19001","E19001",10826,6676,700,9451,2642,670,3371,6725,1392,8268,3406,4163
"E19002","E19002","E19002",4260,3494,109,4218,1711,91,1840,3922,127,4137,1843,2255
"E19003","E19003","E19003",4954,3413,530,4715,1528,697,2273,3143,1171,4395,2303,3197
"E19004","E19004","E19004",197,183,3,194,74,0,74,201,0,201,76,104
"E19005","E19005","E19005",390,306,15,370,151,3,154,367,5,372,163,456
"E19006","E19006","E19006",83,72,5,81,31,1,33,77,2,83,33,93
"E19007","E19007","E19007",1823,1482,37,1780,716,57,785,1664,99,1790,793,1288
"E19008","E19008","E19008",313,222,7,282,128,2,134,269,4,278,143,423
"E19009/19020","E19009/19020","E19009/19020",212,190,3,212,89,1,90,221,1,222,91,162
"E19010","E19010","E19010",599,496,7,584,217,2,219,587,10,597,225,338
"E19012","E19012","E19012",170,144,7,170,64,0,66,169,0,174,66,96
"E19013","E19013","E19013",179,149,5,170,72,0,74,163,0,166,82,284
"E19014/19011","E19014/19011","E19014/19011",260,226,3,259,97,0,100,247,0,259,101,152
"E19015","E19015","E19015",871,725,20,848,327,2,333,840,3,852,340,752
"E19016","E19016","E19016",1080,870,21,1049,392,12,407,1019,18,1040,420,905
"E19017","E19017","E19017",256,193,7,236,110,0,111,240,0,242,113,205
"E19018","E19018","E19018",102,95,0,101,31,0,32,96,0,99,32,53
"E19019","E19019","E19019",311,226,15,297,118,4,122,288,6,294,125,310
"E19021","E19021","E19021",258,211,3,254,93,1,94,254,3,257,95,131
"E19022","E19022","E19022",413,310,9,384,147,3,152,372,5,379,161,270
"E19023","E19023","E19023",164,132,0,150,59,0,59,148,0,148,63,129
"E19024","E19024","E19024",280,240,6,274,118,0,120,278,0,280,120,193
"E19025","E19025","E19025",657,548,9,623,240,2,244,590,3,598,255,653
"E19026","E19026","E19026",560,456,6,542,206,4,214,531,9,546,215,288
"E19027","E19027","E19027",113,89,0,109,45,0,46,113,0,114,47,94
"E19028","E19028","E19028",284,238,9,277,112,0,115,281,0,285,114,165
"E19029","E19029","E19029",153,111,8,132,61,1,62,129,1,130,68,150
"E19030","E19030","E19030",981,824,35,956,371,10,393,918,11,949,406,719
"E19031","E19031","E19031",232,188,18,218,86,2,90,218,2,230,95,198
"E19032","E19032","E19032",349,300,5,341,130,0,136,319,0,335,140,235
"E19033","E19033","E19033",1623,1067,68,1410,474,77,571,1078,129,1246,591,983
"E19034","E19034","E19034",182,149,8,175,72,2,74,167,3,170,77,187
"E19035","E19035","E19035",467,404,8,456,180,2,187,427,3,442,198,437
"E19036","E19036","E19036",1846,1424,70,1728,624,5,646,1636,8,1676,650,966
"E19037","E19037","E19037",141,93,5,120,51,0,51,123,0,123,54,107
"E19038","E19038","E19038",481,419,12,474,196,1,205,464,1,480,210,390
"E19039","E19039","E19039",434,379,13,426,175,1,184,415,1,433,190,302
"E19040","E19040","E19040",345,298,14,343,132,3,135,343,6,349,135,197
"E19041","E19041","E19041",271,233,6,267,100,2,102,268,5,273,104,169
"E19042","E19042","E19042",260,209,7,255,97,1,100,255,1,262,104,208
"E19043","E19043","E19043",368,331,5,367,145,0,145,379,0,379,145,225
"E19044","E19044","E19044",239,177,12,220,81,0,83,226,0,228,86,125
"E19045","E19045","E19045",396,319,17,392,166,5,181,383,8,403,175,346
"E19046","E19046","E19046",178,114,8,176,75,1,80,170,1,181,80,199
"E19047","E19047","E19047",226,188,6,225,81,1,83,216,3,221,83,131
"E19048","E19048","E19048",411,321,12,408,148,1,150,410,2,413,150,218
"E19049","E19049","E19049",309,229,14,299,124,1,133,298,2,309,127,311
"E19050","E19050","E19050",576,420,22,561,210,1,214,545,2,553,217,334
"E19051","E19051","E19051",279,176,13,271,107,2,110,285,2,288,111,185
"E19052","E19052","E19052",174,161,2,174,62,0,63,174,0,180,64,93
"E19053","E19053","E19053",136,105,3,136,57,0,59,147,0,150,59,88
"E19054","E19054","E19054",232,178,2,219,88,0,92,211,0,218,96,195
"E19055","E19055","E19055",241,167,10,232,95,2,98,236,4,241,100,198
"E19056","E19056","E19056",3127,2191,130,2987,1075,77,1174,2683,110,2844,1192,2016
"E19057","E19057","E19057",667,550,20,650,254,2,260,654,3,670,265,408
"E19058","E19058","E19058",146,129,2,146,56,0,58,142,0,148,58,76
"E19059","E19059","E19059",154,120,1,143,58,0,59,141,0,146,62,121
"E19060","E19060","E19060",785,519,27,707,225,7,237,505,14,534,242,429
"E19061","E19061","E19061",178,123,9,174,81,0,83,179,0,182,87,199
"E19062","E19062","E19062",851,697,17,808,271,2,275,775,3,785,276,334
"E19063","E19063","E19063",434,378,13,430,148,1,151,432,1,441,151,218
"E19064","E19064","E19064",183,162,4,182,67,0,67,181,0,181,67,86
"E19065","E19065","E19065",765,677,5,761,252,3,255,782,4,786,257,302
"E19066","E19066","E19066",948,780,18,938,345,2,353,930,3,940,354,619
"E19067","E19067","E19067",478,407,13,473,156,2,162,479,3,490,164,213
"E19068","E19068","E19068",122,99,2,118,50,0,51,124,0,125,50,63
"E19069","E19069","E19069",829,694,28,818,268,11,284,813,14,841,285,337
"E19070","E19070","E19070",1982,1779,34,1972,690,1,706,1975,1,2019,705,837
"E19071","E19071","E19071",322,282,8,322,115,2,121,313,5,329,121,161
"E19072","E19072","E19072",271,245,4,270,104,0,104,272,0,272,104,122
"E19073","E19073","E19073",667,617,18,666,216,0,221,653,0,659,217,252
"E19074","E19074","E19074",794,696,6,781,272,3,279,793,7,811,282,334
"E19075","E19075","E19075",846,676,23,808,299,8,309,796,14,814,314,401
"E19076","E19076","E19076",389,348,15,386,137,2,142,403,3,409,141,177
"E19077","E19077","E19077",753,692,9,750,251,7,263,727,16,757,262,297
"E19078","E19078","E19078",593,520,9,591,198,3,207,581,4,596,207,251
"E19079","E19079","E19079",2090,1872,60,2073,679,3,696,1983,4,2025,693,813
"E19080","E19080","E19080",247,230,1,246,87,0,87,252,0,252,87,106
"E19081","E19081","E19081",882,756,12,870,287,0,288,818,0,819,291,360
"E19082","E19082","E19082",6952,5507,236,6579,2119,39,2216,6109,80,6351,2221,2578
"E19083","E19083","E19083",881,786,23,874,307,3,314,879,6,890,312,351
"E19084","E19084","E19084",4355,3413,88,4297,1538,124,1696,4023,217,4318,1705,2194
"E19085","E19085","E19085",989,888,16,982,347,2,356,972,7,1004,357,418
"E19086","E19086","E19086",319,283,7,318,108,0,109,325,0,327,109,123
"E19087","E19087","E19087",749,638,12,729,245,1,247,737,1,739,250,304
"E19088","E19088","E19088",2141,1750,87,2123,764,6,782,2045,8,2094,790,966
"E19089","E19089","E19089",1570,1389,24,1560,565,1,576,1546,6,1575,579,699
"E19090","E19090","E19090",835,628,15,744,209,5,219,600,10,623,226,321
"E19091","E19091","E19091",1812,1502,32,1803,643,10,668,1760,15,1817,670,804
"E19092","E19092","E19092",438,372,8,435,136,0,140,429,0,439,139,155
"E19093","E19093","E19093",669,596,9,663,240,2,255,645,3,679,253,329
"E19094","E19094","E19094",480,452,6,476,177,0,181,464,0,477,182,259
"E19095","E19095","E19095",457,407,7,455,160,1,163,470,4,479,163,193
"E19096","E19096","E19096",418,370,4,414,151,0,152,421,0,425,153,195
"E19097","E19097","E19097",842,771,5,837,316,1,324,834,2,850,326,412
"E19098","E19098","E19098",115,103,0,115,41,0,41,120,0,120,41,49
"E19099","E19099","E19099",424,376,14,423,158,0,159,423,0,428,160,204
"E19100","E19100","E19100",143,126,3,143,53,0,53,144,0,144,55,84
"E19101","E19101","E19101",351,299,10,349,151,1,153,350,1,354,153,202
"E19102","E19102","E19102",647,585,5,643,236,3,247,628,3,647,248,279
"E19103","E19103","E19103",322,289,10,319,110,0,110,288,0,288,110,129
"E19104","E19104","E19104",540,493,8,540,180,0,183,541,0,547,182,212
"E19105","E19105","E19105",532,465,13,528,186,1,189,489,4,500,189,251
"E19106","E19106","E19106",569,476,10,565,217,0,221,569,0,573,218,266
"E19107","E19107","E19107",248,229,3,246,100,0,102,246,0,252,102,152
"E19108","E19108","E19108",378,325,5,374,138,2,141,372,7,380,140,172
"E19109","E19109","E19109",950,830,16,942,352,1,361,943,1,958,357,424
"E19110","E19110","E19110",1871,1587,59,1854,769,38,813,1786,47,1853,821,1440
"E19111","E19111","E19111",502,453,11,499,179,2,183,503,5,515,183,229
"E19112","E19112","E19112",764,646,17,761,264,1,270,754,3,769,268,319
"E19113","E19113","E19113",227,214,0,227,91,0,94,222,0,227,91,116
"E19114","E19114","E19114",425,398,5,425,154,1,161,407,4,431,159,187
"E19115","E19115","E19115",545,478,9,540,193,0,193,554,0,554,193,235
"E19116","E19116","E19116",587,510,11,586,231,3,234,583,9,592,234,307
"E19117","E19117","E19117",369,325,4,367,130,0,131,380,0,381,130,165
"E19118","E19118","E19118",1584,1357,23,1576,596,0,606,1540,0,1559,606,741
"E19119","E19119","E19119",1050,881,27,1044,383,0,391,1039,0,1056,391,456
"E19120","E19120","E19120",515,447,6,513,186,1,189,510,2,516,188,227
"E19121","E19121","E19121",1018,944,6,1017,408,2,414,1023,5,1036,413,516
"E19122","E19122","E19122",417,377,3,415,158,1,164,417,1,429,164,205
"E19123","E19123","E19123",237,211,4,235,87,1,91,233,1,238,88,109
"E19124","E19124","E19124",761,653,16,754,313,2,315,765,4,769,315,411
"E19125","E19125","E19125",476,424,4,476,175,0,178,488,0,491,178,233
"E19126","E19126","E19126",488,415,5,487,167,1,174,479,4,497,173,220
"E19127","E19127","E19127",377,337,3,372,149,0,149,375,0,375,149,190
"E19128","E19128","E19128",1149,1037,18,1147,412,5,422,1111,5,1125,423,518
"E19129","E19129","E19129",1401,1176,24,1314,448,2,455,1297,2,1310,454,515
"E19130","E19130","E19130",973,850,19,967,369,3,375,978,5,991,376,450
"E19131","E19131","E19131",386,350,10,383,119,2,126,372,3,391,124,140
"E19132","E19132","E19132",1490,1273,23,1483,556,6,565,1462,12,1480,567,811
"E19133","E19133","E19133",1631,1436,30,1591,568,4,584,1567,12,1608,587,833
"E19134","E19134","E19134",512,456,7,511,173,2,177,508,5,522,177,229
"E19135","E19135","E19135",1808,1462,68,1770,566,4,574,1665,8,1680,572,660
"E19136","E19136","E19136",722,631,12,718,262,2,270,715,5,731,270,476
"E19137","E19137","E19137",375,335,2,374,136,2,141,361,3,376,142,182
"E19138","E19138","E19138",658,574,10,653,233,13,248,632,29,664,247,310
"E19139","E19139","E19139",482,429,13,479,168,2,171,471,3,475,171,215
"E19140","E19140","E19140",695,610,8,693,281,1,290,679,2,699,292,387
"E19141","E19141","E19141",413,399,5,410,144,1,148,407,1,412,146,181
"E19142","E19142","E19142",3330,2824,72,3290,1228,78,1326,3131,127,3323,1328,1613
"E19143","E19143","E19143",1478,1313,31,1471,522,4,531,1505,6,1524,531,617
"E19144","E19144","E19144",278,255,6,274,106,0,108,276,0,278,109,133
"E19145","E19145","E19145",289,264,2,289,108,0,109,292,0,293,108,132
"E19146","E19146","E19146",192,178,3,192,69,0,69,188,0,188,69,89
"E19147","E19147","E19147",697,632,14,692,222,1,228,698,1,713,228,259
"E19148","E19148","E19148",371,334,3,371,144,0,148,366,0,375,147,171
"E19149","E19149","E19149",578,519,6,572,211,0,213,578,0,582,214,274
"E19150","E19150","E19150",256,231,8,254,102,1,107,247,1,254,107,124
"E19151","E19151","E19151",643,537,14,638,237,0,242,637,0,645,240,335
"E19152","E19152","E19152",272,223,12,268,99,2,106,276,2,285,103,136
"E19153","E19153","E19153",358,334,1,356,131,0,134,354,0,358,133,177
"E19154","E19154","E19154",289,263,2,287,110,2,112,291,2,293,112,144
"E19155","E19155","E19155",565,483,9,565,222,1,226,561,1,571,227,258
"E19156","E19156","E19156",353,289,11,346,115,7,123,305,10,316,124,177
"E19157","E19157","E19157",706,626,12,704,265,1,269,704,2,710,267,349
"E19158","E19158","E19158",435,387,13,434,152,1,155,440,1,446,155,182
"E19159","E19159","E19159",458,427,1,456,160,0,166,439,0,456,163,195
"E19160","E19160","E19160",177,149,0,174,64,0,65,176,0,177,64,73
"E19161","E19161","E19161",354,313,12,353,126,0,129,357,0,362,129,161
"E19162","E19162","E19162",498,443,6,497,163,1,168,496,2,505,168,188
"E19163","E19163","E19163",1079,938,38,1075,370,4,383,1046,7,1071,383,429
"E19164","E19164","E19164",706,639,22,702,232,1,237,696,1,707,236,283
"E19165","E19165","E19165",17825,13871,1173,17629,6152,337,6615,16510,582,17486,6703,7725
"E19166","E19166","E19166",838,759,17,833,279,1,289,809,1,835,287,345
"E20001","E20001","E20001",4636,3937,191,4601,1480,212,1699,4053,506,4574,1709,1831
"E20002","E20002","E20002",2653,2076,186,2625,753,172,934,2268,348,2657,947,1033
"E20003","E20003","E20003",602,407,108,597,150,100,261,374,168,568,264,314
"E20004","E20004","E20004",1517,1363,34,1510,551,45,610,1307,107,1455,610,669
"E20005","E20005","E20005",1962,1561,130,1931,547,235,811,1388,497,1985,805,1013
"E20006","E20006","E20006",1371,1283,22,1364,527,10,549,1293,29,1361,550,586
"E20007","E20007","E20007",2891,2712,37,2887,1031,29,1080,2828,38,2927,1082,1155
"E20008","E20008","E20008",1140,996,43,1130,424,29,456,1001,53,1060,456,527
"E20009","E20009","E20009",458,349,35,454,171,43,216,379,72,453,216,270
"E20010","E20010","E20010",1245,867,104,1134,298,159,459,819,280,1101,468,597
"E20011","E20011","E20011",2081,1836,75,2049,707,68,778,1904,114,2026,778,894
"E20012","E20012","E20012",1573,1425,43,1562,662,14,682,1547,18,1578,685,771
"E20013","E20013","E20013",736,388,119,715,16,326,348,31,672,712,349,411
"E20014","E20014","E20014",2339,1021,706,2261,132,826,971,301,1825,2154,980,1248
"E20015","E20015","E20015",1077,636,153,1071,230,269,513,484,541,1056,516,647
"E20016","E20016","E20016",976,805,63,963,368,66,451,824,94,946,453,564
"E20017","E20017","E20017",773,525,133,752,203,25,241,560,52,639,249,309
"E20018","E20018","E20018",963,846,32,961,352,23,376,842,29,872,377,427
"E20019","E20019","E20019",1502,1411,10,1497,534,2,554,1444,2,1516,551,586
"E20020","E20020","E20020",664,636,0,663,224,1,241,597,4,664,230,257
"E20021","E20021","E20021",554,409,68,551,174,89,265,429,117,551,266,333
"E20022","E20022","E20022",1198,1152,8,1197,510,1,514,1192,3,1209,514,554
"E20023","E20023","E20023",502,483,4,502,205,4,210,492,5,498,210,232
"E20024","E20024","E20024",759,731,4,758,285,0,286,765,0,767,286,325
"E20025","E20025","E20025",952,857,23,949,360,41,430,821,63,935,430,487
"E20026","E20026","E20026",456,283,45,398,89,80,170,211,185,397,173,212
"E20027","E20027","E20027",1467,1408,13,1465,509,39,585,1286,75,1468,575,617
"E20028","E20028","E20028",821,764,13,818,312,46,370,697,81,808,372,406
"E20029","E20029","E20029",2035,1037,432,2023,286,549,850,755,1248,2055,854,990
"E20030","E20030","E20030",826,759,14,822,302,59,366,677,130,819,385,547
"E20031","E20031","E20031",715,660,20,708,249,15,268,634,29,683,269,289
"E20032","E20032","E20032",1593,1484,9,1552,541,49,598,1385,68,1495,595,642
"E20033","E20033","E20033",965,878,11,959,265,5,280,644,9,678,284,319
"E20034","E20034","E20034",994,422,259,886,1,397,400,1,764,768,411,519
"E20035","E20035","E20035",925,468,227,881,65,386,479,127,656,819,486,642
"E20036","E20036","E20036",1664,1561,16,1659,618,6,646,1595,6,1662,647,704
"E20037","E20037","E20037",3873,3492,85,3872,1332,10,1356,3835,20,3910,1347,1404
"E20065","E20065","E20065",6801,5775,302,6661,2098,431,2583,5684,816,6648,2639,2990
"E21001","E21001","E21001",353,333,4,352,109,1,111,354,4,359,111,131
"E21002","E21002","E21002",585,535,7,585,202,0,203,604,0,605,202,229
"E21003","E21003","E21003",2031,1578,86,1863,624,62,688,1701,111,1818,703,874
"E21004","E21004","E21004",936,856,11,933,331,4,341,926,4,943,343,411
"E21005","E21005","E21005",494,466,2,490,182,3,187,455,10,469,187,210
"E21006","E21006","E21006",298,280,10,296,109,0,110,305,0,306,110,125
"E21007","E21007","E21007",327,313,1,324,107,1,110,328,2,333,109,134
"E21008","E21008","E21008",469,442,6,467,164,2,169,465,2,479,169,189
"E21009","E21009","E21009",364,335,5,360,125,0,127,373,0,375,127,148
"E21010","E21010","E21010",415,389,7,415,141,1,144,396,3,405,145,166
"E21011","E21011","E21011",412,391,8,412,136,1,138,417,4,422,137,147
"E21012","E21012","E21012",426,387,8,422,145,0,145,433,0,433,145,168
"E21013","E21013","E21013",1692,1542,25,1687,547,24,582,1557,33,1628,583,669
"E21014","E21014","E21014",690,638,14,685,226,3,232,681,4,693,234,250
"E21015","E21015","E21015",1257,1153,21,1255,396,1,410,1243,3,1275,404,445
"E21016","E21016","E21016",294,271,6,290,102,0,104,290,0,299,105,116
"E21017","E21017","E21017",538,501,7,532,179,1,181,536,5,542,181,205
"E21018","E21018","E21018",279,260,1,279,90,0,92,276,0,282,91,109
"E21019","E21019","E21019",527,496,3,527,173,2,176,547,4,552,176,198
"E21020","E21020","E21020",298,273,4,298,97,0,99,303,0,308,99,113
"E21021","E21021","E21021",217,209,0,216,75,0,79,212,0,223,79,94
"E21022","E21022","E21022",1162,995,25,1145,462,13,479,1138,30,1179,482,605
"E21023","E21023","E21023",416,389,5,416,168,1,169,417,2,419,169,209
"E21024","E21024","E21024",403,371,4,401,148,3,156,385,9,403,155,198
"E21025","E21025","E21025",380,356,3,379,142,0,144,379,0,383,143,161
"E21026","E21026","E21026",384,364,3,383,147,2,151,383,3,392,151,169
"E21027","E21027","E21027",485,448,9,480,176,0,178,485,0,487,179,198
"E21028","E21028","E21028",1415,1260,25,1410,515,24,543,1364,35,1413,540,616
"E21029","E21029","E21029",1199,1089,19,1194,364,13,382,991,19,1020,380,453
"E21030","E21030","E21030",340,304,4,340,120,0,122,338,0,345,122,144
"E21031","E21031","E21031",733,675,15,731,243,0,246,735,0,742,245,285
"E21032","E21032","E21032",548,509,5,547,190,2,193,551,4,557,194,211
"E21033","E21033","E21033",308,281,1,307,112,0,115,318,0,322,113,133
"E21034","E21034","E21034",555,500,9,552,180,0,183,564,0,572,181,215
"E21035","E21035","E21035",759,670,5,750,269,1,277,747,2,765,276,330
"E21036","E21036","E21036",430,389,3,427,165,2,169,431,2,435,171,201
"E21037","E21037","E21037",304,277,4,303,117,0,120,302,0,305,117,126
"E21038","E21038","E21038",1312,1160,17,1308,459,16,485,1263,25,1313,485,562
"E21039","E21039","E21039",1121,993,12,1114,439,9,457,1106,13,1136,458,560
"E21040","E21040","E21040",199,185,2,196,74,0,75,190,0,192,78,110
"E21041","E21041","E21041",2394,2093,54,2376,842,42,913,2192,71,2344,901,1070
"E21042","E21042","E21042",574,533,5,573,200,2,205,567,6,578,205,238
"E21043","E21043","E21043",722,656,4,720,251,0,251,724,0,724,252,293
"E21044","E21044","E21044",874,793,2,869,320,8,330,870,13,887,331,394
"E21045","E21045","E21045",240,218,2,239,80,1,82,238,1,243,82,103
"E21046","E21046","E21046",321,294,5,313,120,1,122,316,2,319,123,141
"E21047","E21047","E21047",643,589,15,637,224,1,228,636,1,646,226,262
"E21048","E21048","E21048",631,586,4,628,215,0,216,642,0,643,215,247
"E21049","E21049","E21049",1238,1116,27,1224,397,8,405,1233,12,1245,405,461
"E21050","E21050","E21050",1814,1660,40,1803,585,4,595,1822,7,1840,593,637
"E21051","E21051","E21051",18388,13962,1650,18267,5678,690,6443,16419,1536,18175,6460,6958
"E21052","E21052","E21052",13590,10748,1035,13273,3796,622,4551,11522,1326,13369,4666,5375
"E21053","E21053","E21053",4288,3620,187,4192,1322,78,1415,4111,204,4357,1426,1574
"E21054","E21054","E21054",507,480,3,504,165,0,167,505,0,515,167,199
"E21055","E21055","E21055",2236,1956,64,2231,703,8,716,2149,19,2181,717,796
"E21056","E21056","E21056",364,339,5,364,107,1,108,364,3,367,109,124
"E21057","E21057","E21057",1362,1271,15,1358,477,10,491,1357,16,1384,491,570
"E21058","E21058","E21058",593,561,10,591,198,0,200,600,0,604,202,217
"E21059","E21059","E21059",3332,2814,85,3295,1142,41,1196,3206,78,3323,1206,1370
"E21060","E21060","E21060",1770,1636,31,1763,581,2,593,1745,3,1776,593,640
"E21061","E21061","E21061",973,850,26,967,333,0,334,969,0,971,334,371
"E21062","E21062","E21062",237,232,0,237,81,1,83,236,2,241,83,100
"E21063","E21063","E21063",1140,972,34,1111,343,3,352,945,3,960,352,402
"E21064","E21064","E21064",909,824,16,903,296,2,301,903,6,914,303,349
"E21066","E21066","E21066",1786,1606,49,1781,550,1,562,1724,2,1759,559,593
"E21067","E21067","E21067",1451,1308,33,1442,507,10,522,1433,26,1470,521,570
"E21068","E21068","E21068",1495,1376,45,1486,513,5,525,1512,12,1541,524,579
"E21069","E21069","E21069",339,313,3,336,129,0,131,339,0,341,131,159
"E21070","E21070","E21070",628,571,8,624,237,4,249,594,7,617,250,292
"E21071","E21071","E21071",374,350,4,373,125,0,129,372,0,380,128,145
"E21072","E21072","E21072",333,301,3,333,130,0,133,336,0,343,132,156
"E21073","E21073","E21073",563,509,5,563,219,1,220,562,1,563,220,264
"E21074","E21074","E21074",237,219,2,235,90,2,93,239,2,242,93,109
"E21075","E21075","E21075",302,276,3,302,114,0,116,301,0,304,115,129
"E21076","E21076","E21076",194,182,0,194,63,0,65,194,0,202,65,71
"E21077","E21077","E21077",252,222,4,245,88,0,88,246,0,246,90,111
"E21078","E21078","E21078",2542,2194,66,2523,947,61,1031,2348,104,2515,1038,1291
"E21079","E21079","E21079",981,893,6,978,351,3,358,964,6,980,357,412
"E21080","E21080","E21080",361,334,7,359,123,0,125,357,0,359,124,136
"E21081","E21081","E21081",335,301,6,335,107,0,112,333,0,340,111,134
"E21082","E21082","E21082",145,136,3,142,43,0,44,141,0,142,44,56
"E21083","E21083","E21083",960,888,13,946,335,0,341,918,0,930,339,390
"E21084","E21084","E21084",353,294,9,351,131,0,133,352,0,358,133,173
"E21085","E21085","E21085",280,254,0,279,95,0,99,267,0,280,99,112
"E21086","E21086","E21086",296,282,2,296,98,0,104,285,0,301,103,118
"E21087","E21087","E21087",411,377,4,410,150,1,152,414,1,418,152,181
"E21088","E21088","E21088",945,882,2,941,366,6,376,925,6,942,377,448
"E21089","E21089","E21089",900,793,5,890,322,0,324,906,0,912,325,380
"E21090","E21090","E21090",333,318,2,329,126,0,128,324,0,333,128,155
"E21091","E21091","E21091",270,244,0,269,98,0,101,267,0,271,101,119
"E21092","E21092","E21092",494,442,11,493,183,1,186,507,2,511,186,227
"E21093","E21093","E21093",672,613,3,667,246,2,251,658,5,668,253,297
"E21094","E21094","E21094",416,384,1,415,153,0,157,415,0,425,157,188
"E21095","E21095","E21095",354,338,5,353,128,0,130,356,0,361,130,160
"E21096","E21096","E21096",513,466,7,512,162,0,166,491,0,504,167,199
"E21097","E21097","E21097",522,481,5,520,174,0,176,531,0,533,174,205
"E21098","E21098","E21098",1221,1130,14,1218,417,2,423,1217,5,1233,422,473
"E21099","E21099","E21099",486,422,11,484,206,0,207,489,0,493,208,267
"E21100","E21100","E21100",327,312,3,327,113,0,117,325,0,332,117,139
"E21101","E21101","E21101",2264,1829,87,2245,745,63,822,2076,123,2242,824,951
"E21102","E21102","E21102",5104,3757,247,5078,1732,217,1975,4496,353,4920,1985,2355
"E21103","E21103","E21103",504,448,3,501,179,1,180,512,2,514,180,217
"E21104","E21104","E21104",864,756,13,859,328,8,339,853,15,873,339,407
"E21105","E21105","E21105",281,251,1,279,103,0,108,285,0,297,105,114
"E21106","E21106","E21106",974,830,20,929,335,1,341,927,1,944,340,388
"E21107","E21107","E21107",622,570,10,622,228,7,239,615,14,635,238,288
"E21108","E21108","E21108",1186,1053,23,1184,410,13,430,1129,18,1161,429,479
"E21109","E21109","E21109",238,191,3,206,72,0,73,213,0,214,73,79
"E21110","E21110","E21110",428,409,2,423,144,1,146,426,1,428,146,161
"E21111","E21111","E21111",861,781,12,851,289,0,289,864,0,864,289,327
"E21112","E21112","E21112",480,432,12,476,170,1,172,476,1,479,171,187
"E21113","E21113","E21113",258,249,0,257,89,1,91,256,1,262,91,110
"E21114","E21114","E21114",773,688,24,768,227,2,233,695,7,714,235,272
"E21115","E21115","E21115",882,810,28,877,280,2,284,888,5,899,282,319
"E21116","E21116","E21116",441,407,3,437,157,0,160,442,0,449,161,197
"E21117","E21117","E21117",66,57,2,66,24,0,24,69,0,69,24,40
"E21118","E21118","E21118",303,281,5,303,111,0,111,314,0,314,111,132
"E21119","E21119","E21119",772,683,16,763,257,0,261,771,0,781,260,291
"E21120","E21120","E21120",669,604,11,669,225,1,226,677,2,679,226,253
"E21121","E21121","E21121",513,474,4,506,169,0,170,494,0,495,172,198
"E21122","E21122","E21122",433,406,2,431,145,3,152,424,4,440,153,182
"E21123","E21123","E21123",673,588,42,670,234,0,241,638,0,654,240,302
"E21124","E21124","E21124",136,120,1,135,48,0,48,132,0,132,48,51
"E21125","E21125","E21125",730,662,10,727,250,1,257,718,3,735,256,294
"E21126","E21126","E21126",1075,994,17,1069,372,1,377,1085,5,1097,375,428
"E21127","E21127","E21127",316,291,1,313,116,1,118,315,1,317,117,132
"E21128","E21128","E21128",1371,1189,27,1360,480,38,534,1274,50,1378,521,805
"E21129","E21129","E21129",586,537,11,586,198,0,202,589,0,595,201,230
"E21130","E21130","E21130",927,839,9,921,358,1,366,914,1,926,367,439
"E21131","E21131","E21131",532,488,7,531,193,1,197,527,1,533,197,228
"E21132","E21132","E21132",409,380,5,409,142,1,143,416,3,419,143,164
"E21133","E21133","E21133",1268,1139,14,1257,469,2,475,1243,2,1261,474,561
"E21134","E21134","E21134",1506,1393,13,1497,487,14,510,1407,26,1458,509,578
"E21135","E21135","E21135",1082,1009,10,1078,399,10,415,1056,20,1089,414,463
"E21136","E21136","E21136",547,503,10,546,183,0,186,552,0,559,186,223
"E22001","E22001","E22001",3175,2375,219,3129,1079,148,1254,2794,248,3113,1259,1463
"E22002","E22002","E22002",5481,4182,204,5456,1931,237,2210,4935,382,5420,2213,2683
"E22003","E22003","E22003",1946,1716,29,1931,753,40,803,1868,48,1933,804,1004
"E22004","E22004","E22004",6814,5814,244,6766,2503,259,2802,6073,425,6588,2817,3413
"E22005","E22005","E22005",267,250,6,266,101,0,102,268,0,269,101,122
"E22006","E22006","E22006",503,454,7,502,192,2,198,499,3,508,198,241
"E22007","E22007","E22007",337,302,7,336,118,0,118,339,0,339,118,135
"E22008","E22008","E22008",1254,1130,21,1249,456,23,490,1162,34,1222,492,592
"E22009","E22009","E22009",177,157,1,177,65,0,66,181,0,183,66,80
"E22010","E22010","E22010",1055,893,37,1045,413,8,426,1046,10,1065,427,511
"E22011","E22011","E22011",300,266,8,300,92,0,95,300,0,305,95,131
"E22012","E22012","E22012",230,209,1,230,83,0,84,237,0,239,84,99
"E22013","E22013","E22013",201,187,3,201,67,3,71,197,3,201,70,92
"E22014","E22014","E22014",279,255,2,278,96,0,99,258,0,261,98,119
"E22015","E22015","E22015",604,513,15,600,229,2,233,614,3,620,231,325
"E22016","E22016","E22016",296,278,1,293,117,0,118,293,0,295,120,161
"E22017","E22017","E22017",310,281,5,309,113,2,117,302,6,313,118,160
"E22018","E22018","E22018",172,157,4,171,59,0,60,171,0,173,61,70
"E22019","E22019","E22019",304,268,10,303,103,0,105,302,0,308,104,129
"E22020","E22020","E22020",139,126,2,138,52,0,55,138,0,142,52,58
"E22021","E22021","E22021",555,515,11,554,178,1,183,546,3,555,185,228
"E22022","E22022","E22022",479,434,5,475,188,0,189,469,0,470,190,307
"E22023","E22023","E22023",250,233,2,249,85,0,85,249,0,249,85,98
"E22024","E22024","E22024",572,532,5,566,201,3,209,556,4,575,210,259
"E22025","E22025","E22025",300,281,2,298,90,0,90,305,0,305,90,105
"E22026","E22026","E22026",558,492,10,556,183,0,186,540,0,546,185,199
"E22027","E22027","E22027",3124,2528,112,3087,1017,39,1063,3053,64,3139,1069,1253
"E22028","E22028","E22028",616,572,3,616,217,2,224,605,5,623,224,253
"E22029","E22029","E22029",547,495,4,544,192,1,195,552,2,556,195,220
"E22030","E22030","E22030",677,596,13,669,237,0,240,666,0,674,240,279
"E22031","E22031","E22031",733,668,7,726,241,3,245,733,5,739,245,283
"E22032","E22032","E22032",430,403,11,430,145,1,148,433,3,448,148,162
"E22033","E22033","E22033",702,635,22,701,227,1,229,672,1,674,230,259
"E22034","E22034","E22034",1470,1253,52,1463,529,3,539,1479,4,1498,539,670
"E22035","E22035","E22035",428,360,9,413,149,0,151,422,0,424,151,188
"E22036","E22036","E22036",224,206,1,222,76,0,81,217,0,225,79,100
"E22037/22045","E22037/22045","E22037/22045",395,367,1,394,135,0,136,402,0,403,135,162
"E22038","E22038","E22038",693,663,5,693,221,0,229,683,0,701,228,260
"E22039","E22039","E22039",660,623,8,656,213,1,218,660,2,669,218,237
"E22040","E22040","E22040",457,398,14,453,143,3,147,447,4,452,147,176
"E22041","E22041","E22041",688,623,5,687,246,0,250,679,0,691,251,293
"E22042","E22042","E22042",451,424,3,448,153,2,157,447,2,455,160,185
"E22043","E22043","E22043",331,302,6,331,120,1,122,339,1,342,122,137
"E22044","E22044","E22044",772,684,9,764,263,1,268,763,4,780,270,323
"E22046","E22046","E22046",684,623,6,681,261,1,265,681,2,689,266,307
"E22047","E22047","E22047",642,584,5,634,245,1,246,658,1,659,247,343
"E22048","E22048","E22048",1870,1705,29,1853,629,6,644,1822,12,1859,644,718
"E22049","E22049","E22049",2949,2630,90,2935,947,19,982,2805,30,2879,981,1114
"E22050","E22050","E22050",123,105,3,123,53,0,53,132,0,132,53,69
"E22051","E22051","E22051",915,815,12,904,305,4,316,916,5,935,313,355
"E22052","E22052","E22052",310,288,2,310,96,0,99,309,0,317,97,117
"E22053","E22053","E22053",119,113,0,119,39,0,40,124,0,126,39,47
"E22054","E22054","E22054",270,255,3,266,91,1,97,263,3,276,97,117
"E22055","E22055","E22055",378,355,4,375,121,2,133,347,2,375,132,156
"E22056","E22056","E22056",462,423,7,461,142,1,148,452,5,463,146,166
"E22057","E22057","E22057",382,361,1,378,128,1,130,376,3,381,130,151
"E22058","E22058","E22058",262,256,0,262,82,0,82,240,0,240,82,94
"E22059","E22059","E22059",6305,5141,138,6257,2172,95,2339,5895,158,6249,2348,2688
"E22060","E22060","E22060",365,332,5,360,128,1,131,358,1,370,132,143
"E22061","E22061","E22061",439,402,5,427,156,0,156,432,0,432,156,173
"E22062","E22062","E22062",271,252,1,267,89,0,95,240,0,250,89,99
"E22063","E22063","E22063",1215,1072,25,1213,460,4,472,1202,8,1226,473,563
"E22064","E22064","E22064",1169,1077,8,1160,388,2,393,1154,9,1168,392,438
"E22065","E22065","E22065",333,301,2,331,117,0,119,326,0,337,118,160
"E22066","E22066","E22066",427,406,4,427,148,2,155,420,2,437,154,173
"E22067","E22067","E22067",544,511,4,541,187,0,191,544,0,548,188,214
"E22068","E22068","E22068",1403,1274,20,1392,476,14,496,1379,15,1417,493,559
"E22069","E22069","E22069",395,368,6,395,138,1,139,397,5,402,140,156
"E22070","E22070","E22070",499,467,6,496,165,0,169,506,0,514,168,193
"E22071","E22071","E22071",1102,1015,14,1097,385,3,395,1087,3,1123,391,421
"E22072","E22072","E22072",320,298,3,320,96,0,99,311,0,316,97,112
"E22073","E22073","E22073",632,604,5,627,212,0,216,624,0,631,215,238
"E22074","E22074","E22074",394,367,3,393,146,1,149,401,1,405,147,175
"E22075","E22075","E22075",517,494,3,516,180,0,184,523,0,528,180,203
"E22076","E22076","E22076",552,509,14,550,180,2,185,558,3,571,185,219
"E22077","E22077","E22077",772,707,8,763,240,0,245,779,0,785,245,281
"E22078","E22078","E22078",816,766,4,812,296,1,302,812,2,819,302,354
"E22079","E22079","E22079",2314,2071,34,2301,802,7,824,2298,10,2351,819,905
"E22080","E22080","E22080",877,812,11,871,281,0,286,878,0,890,284,316
"E22081","E22081","E22081",299,280,0,297,103,1,108,297,5,312,108,135
"E23082","E23082","E23082",1496,1320,38,1489,575,15,598,1468,20,1509,599,658
"E23083","E23083","E23083",4398,3740,155,4374,1530,149,1731,3914,206,4258,1734,1949
"E23084","E23084","E23084",2412,1852,93,2370,883,91,982,2047,172,2238,988,1211
"E23085","E23085","E23085",3963,3028,193,3856,1435,315,1778,3336,492,3880,1791,2066
"E23086","E23086","E23086",5563,4828,176,5525,2080,191,2303,4923,279,5267,2309,2658
"E23087","E23087","E23087",2409,1964,63,2396,941,51,1026,2188,86,2370,1027,1202
"E23088","E23088","E23088",1819,1495,44,1813,735,65,819,1668,83,1793,824,1050
"E23089","E23089","E23089",503,434,11,503,163,2,168,493,5,510,168,186
"E23090","E23090","E23090",639,572,9,628,225,0,228,610,0,616,226,262
"E23091","E23091","E23091",354,327,5,353,128,0,132,352,0,359,131,149
"E23092","E23092","E23092",416,378,14,415,158,2,166,414,3,425,164,182
"E23093","E23093","E23093",577,528,6,576,206,1,212,584,2,598,209,260
"E23094","E23094","E23094",434,386,6,432,160,0,160,447,0,447,161,185
"E23095","E23095","E23095",499,449,7,496,158,0,159,465,0,467,160,187
"E23096","E23096","E23096",2971,2361,114,2951,993,4,1018,2861,5,2971,1013,1113
"E23097","E23097","E23097",232,210,4,231,72,2,75,230,4,236,76,94
"E23098","E23098","E23098",510,456,14,508,156,3,161,495,10,509,162,178
"E23099","E23099","E23099",523,483,3,522,188,3,194,530,4,542,193,213
"E23100","E23100","E23100",669,625,9,668,231,2,235,671,4,678,234,268
"E23101","E23101","E23101",440,378,9,428,147,2,151,437,2,444,150,167
"E23102","E23102","E23102",549,503,10,542,190,0,198,538,0,556,199,223
"E23103","E23103","E23103",671,620,5,667,239,2,246,671,3,681,247,263
"E23104","E23104","E23104",873,757,26,869,387,15,406,861,22,894,409,474
"E23105","E23105","E23105",746,651,9,742,249,1,259,684,2,707,259,291
"E23106","E23106","E23106",146,131,4,146,50,0,50,151,0,151,50,52
"E23107","E23107","E23107",425,380,5,424,149,1,153,418,1,427,153,175
"E23108","E23108","E23108",692,574,12,624,210,1,211,599,1,600,212,244
"E23109","E23109","E23109",1150,1040,19,1143,439,7,453,1112,17,1146,454,551
"E23110","E23110","E23110",897,800,23,887,325,0,331,902,0,918,329,451
"E23111","E23111","E23111",780,702,6,775,260,1,270,759,1,790,264,295
"E23112","E23112","E23112",624,541,14,620,201,0,201,612,0,612,201,266
"E23113","E23113","E23113",567,513,3,562,196,0,199,573,0,577,199,227
"E23114","E23114","E23114",533,484,4,529,179,0,182,498,0,502,184,215
"E23115","E23115","E23115",1393,1213,36,1375,501,4,507,1380,8,1394,510,573
"E23116","E23116","E23116",676,599,19,675,242,1,248,666,1,686,248,277
"E23117","E23117","E23117",1103,1032,11,1097,421,5,432,1107,10,1127,433,504
"E23118","E23118","E23118",472,412,6,470,158,0,161,465,0,474,161,177
"E23119","E23119","E23119",921,798,24,915,334,2,347,918,8,946,347,416
"E23120","E23120","E23120",451,398,5,445,158,0,163,443,0,454,161,184
"E23121","E23121","E23121",1134,865,84,1118,418,37,463,1030,64,1110,464,558
"E23122","E23122","E23122",942,753,10,921,373,3,381,901,7,915,385,474
"E23123","E23123","E23123",565,507,9,560,199,0,202,567,0,574,200,238
"E23124","E23124","E23124",707,650,9,707,256,0,257,715,0,716,256,269
"E23125","E23125","E23125",2117,1640,76,2102,775,55,855,1955,108,2128,854,983
"E23126","E23126","E23126",531,475,14,528,178,1,183,527,2,537,184,217
"E23127","E23127","E23127",1777,1195,132,1765,562,5,581,1738,13,1802,582,621
"E23128","E23128","E23128",727,642,10,725,242,7,257,704,10,734,258,298
"E23129","E23129","E23129",607,529,10,601,207,1,220,584,2,612,214,258
"E23130","E23130","E23130",1068,912,46,1062,374,5,386,1042,13,1074,386,450
"E23131","E23131","E23131",270,243,0,266,91,1,94,266,2,271,95,115
"E23132","E23132","E23132",1082,958,30,1077,365,0,365,1097,0,1097,365,392
"E23133","E23133","E23133",5652,4574,176,5621,1911,18,1968,5594,26,5751,1965,2123
"E23134","E23134","E23134",3348,2819,163,3324,1150,9,1177,3217,12,3299,1174,1290
"E23135","E23135","E23135",808,730,11,802,282,3,285,818,4,822,286,325
"E23137/23136","E23137/23136","E23137/23136",1436,1321,18,1426,530,2,536,1427,3,1448,538,613
"E23138","E23138","E23138",313,276,6,308,110,0,114,299,0,310,113,129
"E23139","E23139","E23139",883,795,19,883,304,0,308,903,0,913,308,327
"E23140","E23140","E23140",372,332,4,369,128,0,129,375,0,376,128,154
"E23141","E23141","E23141",708,647,8,708,242,1,248,712,3,727,248,294
"E23142","E23142","E23142",448,397,3,448,144,2,151,425,3,439,149,170
"E23143","E23143","E23143",621,586,1,618,223,1,233,600,3,626,231,282
"E23144","E23144","E23144",254,239,1,252,90,0,91,261,0,263,91,103
"E23145","E23145","E23145",482,448,7,481,162,0,166,482,0,488,165,181
"E23146","E23146","E23146",511,472,4,510,188,0,192,519,0,532,189,211
"E23147","E23147","E23147",312,282,7,312,105,0,105,319,0,319,105,122
"E23148","E23148","E23148",429,397,7,428,140,1,143,434,1,437,141,159
"E23149","E23149","E23149",346,296,2,337,115,1,116,355,2,357,116,132
"E23150","E23150","E23150",859,764,14,857,306,1,320,839,1,870,319,382
"E23151","E23151","E23151",432,391,2,429,162,0,164,430,0,433,163,186
"E23152","E23152","E23152",176,159,2,174,70,0,72,176,0,179,71,86
"E23153","E23153","E23153",337,274,1,332,108,1,109,336,2,338,112,123
"E23154","E23154","E23154",258,247,0,258,88,0,90,258,0,264,90,101
"E23155","E23155","E23155",761,665,4,750,275,4,287,707,10,735,287,345
"E23156","E23156","E23156",845,748,11,831,323,3,332,832,4,853,334,395
"E23157","E23157","E23157",329,300,4,325,111,0,111,330,0,330,112,131
"E23158","E23158","E23158",875,792,7,872,328,1,329,891,2,893,329,405
"E23159","E23159","E23159",734,626,18,714,268,1,275,693,2,709,273,362
"E23160","E23160","E23160",289,272,2,289,103,0,106,282,0,287,107,134
"E23161","E23161","E23161",288,263,12,288,110,0,115,281,0,291,112,128
"E23162","E23162","E23162",636,558,10,633,227,1,231,625,1,640,232,274
"E23163","E23163","E23163",578,529,9,576,193,0,195,587,0,590,193,219
"E23164","E23164","E23164",664,595,7,663,252,3,261,669,4,691,260,347
"E23165","E23165","E23165",258,235,2,256,89,0,89,259,0,259,90,109
"E23166","E23166","E23166",810,674,20,809,282,4,291,788,6,814,291,341
"E23167","E23167","E23167",449,421,6,449,172,1,174,456,1,463,174,211
"E23168","E23168","E23168",545,495,7,544,181,1,189,508,4,531,189,217
"E23169","E23169","E23169",551,511,3,548,179,0,181,536,0,539,183,207
"E23170","E23170","E23170",493,432,8,488,178,0,180,502,0,511,180,214
"E23171","E23171","E23171",370,344,4,367,119,0,120,361,0,364,121,144
"E23172","E23172","E23172",250,227,4,250,90,0,93,250,0,255,91,117
"E23173","E23173","E23173",370,350,3,369,128,0,131,346,0,350,128,146
"E23174","E23174","E23174",222,203,0,221,82,0,83,213,0,218,83,98
"E23175","E23175","E23175",400,341,10,398,146,1,151,397,2,406,150,172
"E23176","E23176","E23176",403,359,5,398,139,1,141,402,5,409,142,164
"E23177","E23177","E23177",2143,1810,26,2128,749,8,764,2142,12,2173,764,868
"E24001","E24001","E24001",2757,2327,136,2741,950,8,992,2638,19,2766,995,1070
"E24002/24006","E24002/24006","E24002/24006",309,277,17,306,81,0,86,253,0,275,82,84
"E24003","E24003","E24003",145,121,5,145,67,8,79,116,10,133,79,96
"E24004","E24004","E24004",1247,1063,58,1209,393,7,400,1140,15,1155,402,492
"E24005","E24005","E24005",2125,1731,163,2106,562,73,636,1563,139,1705,639,723
"E24007","E24007","E24007",5938,5000,353,5921,1959,34,2033,5743,65,5923,2029,2172
"E24008","E24008","E24008",802,493,96,768,171,206,382,361,379,751,380,461
"E24009","E24009","E24009",791,389,130,609,151,145,301,300,231,542,302,475
"E24010","E24010","E24010",236,160,40,234,85,37,125,174,52,232,126,199
"E24011","E24011","E24011",2556,2240,38,2546,943,9,959,2553,17,2585,959,1017
"E24012","E24012","E24012",353,215,51,353,85,118,207,191,158,358,207,277
"E24013","E24013","E24013",269,115,103,267,15,105,122,48,153,205,123,220
"E24014","E24014","E24014",5607,4582,305,5583,2028,22,2061,5689,47,5763,2068,2252
"E24015","E24015","E24015",858,740,32,851,362,23,385,783,38,821,386,468
"E24016","E24016","E24016",1662,1279,125,1660,465,96,576,1456,162,1669,574,635
"E24017","E24017","E24017",883,784,28,881,368,0,378,838,0,863,379,438
"E24018","E24018","E24018",2722,2298,163,2715,927,25,978,2591,39,2699,981,1067
"E24019","E24019","E24019",2412,1829,290,2394,822,25,858,2355,52,2437,863,978
"E24020","E24020","E24020",1137,856,117,1134,377,1,391,1130,1,1164,396,652
"E24021","E24021","E24021",1093,942,40,1083,370,110,493,810,145,974,512,672
"E24022","E24022","E24022",944,859,22,942,376,8,400,904,18,953,402,432
"E24023","E24023","E24023",993,873,29,987,425,9,441,974,15,1007,441,461
"E24024","E24024","E24024",763,695,10,760,360,38,404,719,43,774,404,468
"E24025","E24025","E24025",510,419,24,509,201,40,254,399,85,508,256,324
"E24026","E24026","E24026",300,272,7,299,131,0,137,291,0,305,137,149
"E24027","E24027","E24027",490,453,11,490,274,1,281,482,2,493,282,338
"E24028","E24028","E24028",849,598,109,835,241,164,410,483,305,804,418,621
"E24029","E24029","E24029",543,470,26,543,255,3,267,528,4,548,269,304
"E24030","E24030","E24030",1064,928,18,1013,400,18,419,880,22,904,423,472
"E24031","E24031","E24031",1520,870,209,1388,254,442,713,562,754,1351,718,957
"E24032","E24032","E24032",1357,877,177,1295,387,300,693,793,480,1290,729,950
"E24033","E24033","E24033",812,701,40,811,327,10,350,777,16,820,350,390
"E24034","E24034","E24034",301,230,24,301,152,19,183,256,26,307,184,224
"E24035","E24035","E24035",593,548,16,591,292,1,296,584,1,593,296,329
"E24036","E24036","E24036",742,323,140,660,84,230,315,174,438,614,316,519
"E24037","E24037","E24037",2152,1917,75,2149,783,11,795,2135,21,2161,801,874
"E24038","E24038","E24038",381,334,31,377,155,1,158,375,4,387,160,195
"E25001","E25001","E25001",4787,3780,99,4608,1576,262,1904,3850,471,4480,1913,2261
"E25002","E25002","E25002",3440,2952,58,3402,1284,16,1317,3362,32,3441,1323,1512
"E25003","E25003","E25003",186,171,2,186,63,0,63,194,0,194,63,71
"E25004","E25004","E25004",450,416,10,447,164,0,164,448,0,448,164,177
"E25005","E25005","E25005",430,408,3,428,148,1,151,410,7,427,153,162
"E25006","E25006","E25006",214,197,0,214,74,0,74,215,0,215,74,94
"E25007","E25007","E25007",423,387,13,421,156,1,157,427,1,428,158,181
"E25008","E25008","E25008",746,684,7,746,236,1,241,744,3,758,241,278
"E25009","E25009","E25009",462,421,9,462,153,0,154,478,0,479,153,174
"E25010","E25010","E25010",1629,1466,22,1622,588,11,612,1574,17,1633,614,693
"E25011","E25011","E25011",236,204,18,236,75,0,77,229,0,240,78,85
"E25012","E25012","E25012",279,258,4,279,96,0,97,286,0,287,96,107
"E25013","E25013","E25013",511,476,6,509,175,0,175,517,0,517,175,210
"E25014","E25014","E25014",521,467,11,516,185,1,190,530,1,536,190,230
"E25015","E25015","E25015",354,311,6,346,124,0,124,352,0,352,124,147
"E25016","E25016","E25016",465,418,9,465,163,1,164,457,2,459,164,174
"E25017","E25017","E25017",214,197,3,211,65,0,67,211,0,215,66,72
"E25018","E25018","E25018",685,614,14,676,250,0,253,685,0,693,253,291
"E25019","E25019","E25019",206,189,5,206,68,0,68,214,0,214,69,95
"E25020","E25020","E25020",362,315,2,360,127,0,132,354,0,362,133,162
"E25021","E25021","E25021",301,276,3,299,96,0,99,298,0,302,99,118
"E25022","E25022","E25022",361,316,6,360,132,0,133,372,0,374,133,158
"E25023","E25023","E25023",533,486,7,528,177,2,180,505,3,509,180,231
"E25024","E25024","E25024",2280,1894,102,2192,747,18,769,2140,36,2184,769,974
"E25025","E25025","E25025",703,627,19,701,243,0,245,711,0,715,245,277
"E25026","E25026","E25026",247,213,1,243,86,1,87,244,2,246,89,110
"E25027","E25027","E25027",790,667,9,783,286,1,293,782,3,800,295,345
"E25028","E25028","E25028",241,191,8,240,84,0,86,242,0,246,86,119
"E25029","E25029","E25029",1902,1564,50,1883,630,19,658,1789,50,1861,657,747
"E25030","E25030","E25030",227,201,2,226,84,1,89,227,5,238,88,103
"E25031","E25031","E25031",210,186,7,209,69,0,69,209,0,209,69,84
"E25032","E25032","E25032",328,290,3,327,107,1,108,327,3,330,108,118
"E25033","E25033","E25033",89,85,2,89,25,0,26,88,0,93,26,33
"E25034","E25034","E25034",1365,1196,37,1353,466,7,476,1329,13,1352,478,618
"E25035","E25035","E25035",414,360,5,409,165,0,166,426,0,428,168,208
"E25036","E25036","E25036",205,185,4,204,68,2,70,204,3,207,70,86
"E25037","E25037","E25037",822,750,6,817,273,1,275,839,2,842,277,342
"E25038","E25038","E25038",263,246,5,261,91,1,95,256,3,268,93,109
"E25039","E25039","E25039",269,241,3,268,94,0,98,271,0,275,96,113
"E25040","E25040","E25040",435,395,5,429,162,1,169,414,2,427,168,216
"E25041","E25041","E25041",247,226,0,247,79,0,81,258,0,262,79,95
"E25042","E25042","E25042",347,309,9,345,113,1,115,343,2,347,115,122
"E25043","E25043","E25043",457,419,2,455,156,0,159,451,0,458,160,179
"E25044","E25044","E25044",426,392,5,422,145,1,151,412,1,425,148,189
"E25045","E25045","E25045",206,195,0,205,64,0,66,206,0,210,65,75
"E25046","E25046","E25046",391,355,4,391,129,0,130,392,0,393,130,167
"E25047","E25047","E25047",1367,1272,12,1361,470,41,523,1284,71,1388,523,588
"E25048","E25048","E25048",396,360,4,395,146,3,151,396,5,407,152,203
"E25049","E25049","E25049",433,391,5,430,143,0,145,439,0,442,147,168
"E25050","E25050","E25050",471,434,4,470,167,1,168,480,1,481,168,182
"E25051","E25051","E25051",808,697,14,803,304,0,309,799,0,806,309,410
"E25052","E25052","E25052",86,75,0,86,29,0,31,83,0,86,31,37
"E25053","E25053","E25053",306,266,7,305,100,1,104,301,1,312,103,129
"E25054","E25054","E25054",474,424,3,468,160,1,163,451,1,454,163,185
"E25055","E25055","E25055",508,447,20,508,178,0,182,511,0,522,183,214
"E25056","E25056","E25056",169,152,2,169,58,0,58,168,0,168,58,80
"E25057","E25057","E25057",337,298,4,335,109,0,113,334,0,340,112,133
"E25058","E25058","E25058",1253,1031,39,1242,483,13,506,1192,22,1241,506,654
"E25059","E25059","E25059",492,410,23,476,161,0,165,466,0,478,165,218
"E25060","E25060","E25060",273,222,9,270,102,0,103,268,0,273,104,121
"E25061","E25061","E25061",203,176,7,203,75,2,78,191,8,204,78,83
"E25062","E25062","E25062",214,180,6,211,84,0,87,208,0,212,86,113
"E25063","E25063","E25063",122,101,2,120,44,0,46,119,0,124,45,52
"E25064","E25064","E25064",203,178,5,201,65,1,68,202,2,207,68,87
"E25065","E25065","E25065",1237,1037,25,1225,430,2,441,1199,2,1221,441,510
"E25066","E25066","E25066",666,563,13,663,290,8,301,654,14,674,302,450
"E25067","E25067","E25067",244,214,3,242,85,0,86,240,0,242,87,95
"E25068","E25068","E25068",294,273,3,294,103,0,105,293,0,301,105,128
"E25069","E25069","E25069",1262,1075,26,1243,453,20,484,1199,39,1266,486,595
"E25070","E25070","E25070",420,398,8,418,115,0,116,342,0,345,115,122
"E25071","E25071","E25071",372,339,5,372,129,1,131,375,2,381,131,146
"E25072","E25072","E25072",2152,1878,58,2133,708,7,720,2071,11,2095,724,906
"E25073","E25073","E25073",2085,1853,45,2076,700,4,707,2111,7,2125,708,804
"E25074","E25074","E25074",253,187,31,252,73,0,75,260,0,262,75,80
"E25075","E25075","E25075",1571,1310,36,1492,552,19,575,1415,29,1450,599,1023
"E25076","E25076","E25076",574,514,18,573,206,1,209,566,1,570,211,232
"E25077","E25077","E25077",398,366,7,397,131,0,134,408,0,414,134,145
"E25078","E25078","E25078",757,688,5,752,281,5,288,767,5,777,288,310
"E25079","E25079","E25079",487,451,6,487,154,0,156,485,0,491,158,170
"E25080","E25080","E25080",500,459,10,498,172,0,172,514,0,514,173,182
"E25081","E25081","E25081",1149,973,48,1137,417,4,424,1139,15,1161,428,560
"E25082","E25082","E25082",1144,1065,15,1140,404,0,408,1157,0,1162,407,462
"E25083","E25083","E25083",9545,8006,482,9469,3357,139,3530,9169,217,9472,3538,4346
"E25084","E25084","E25084",600,524,17,596,220,0,222,617,0,619,222,268
"E25085","E25085","E25085",739,656,9,723,242,6,254,665,14,691,260,549
"E25086","E25086","E25086",590,506,13,588,205,2,212,581,8,599,210,248
"E25087","E25087","E25087",404,362,5,401,150,0,153,414,0,417,151,190
"E25088","E25088","E25088",164,133,3,160,61,0,61,173,0,173,61,77
"E25089","E25089","E25089",235,206,2,235,80,1,84,238,2,243,81,90
"E25090","E25090","E25090",356,322,7,355,115,1,117,350,1,355,117,135
"E25091","E25091","E25091",574,495,9,573,206,0,209,582,0,591,209,268
"E25092","E25092","E25092",414,373,8,412,129,0,140,392,0,428,134,176
"E26001","E26001","E26001",13019,8985,1127,12948,3242,1140,4561,9852,2462,12909,4593,5145
"E26002","E26002","E26002",949,646,57,869,227,85,321,638,162,822,332,376
"E26003","E26003","E26003",15185,11419,1248,15016,4746,731,5516,13712,1428,15248,5541,6100
"E26004","E26004","E26004",4053,2678,317,3977,987,543,1567,2758,1155,3992,1579,1764
"E26005","E26005","E26005",2593,1946,203,2487,762,347,1134,1796,679,2527,1152,1372
"E26006","E26006","E26006",4132,3086,421,4008,1270,225,1516,3493,579,4134,1548,1699
"E26007","E26007","E26007",4108,2249,476,3368,496,701,1269,1249,1554,2945,1302,1817
"E26008","E26008","E26008",1490,1176,86,1437,388,226,626,1029,388,1436,622,800
"E26009","E26009","E26009",910,753,35,902,330,15,368,843,22,910,370,436
"E26010","E26010","E26010",5118,3674,406,4913,1445,337,1825,4000,787,4897,1905,2166
"E26011","E26011","E26011",1831,1565,47,1803,691,26,755,1669,37,1785,760,845
"E26012","E26012","E26012",2846,1938,292,2819,704,405,1132,1969,906,2933,1140,1272
"E26013","E26013","E26013",1895,1535,142,1842,656,45,713,1665,90,1785,737,819
"E26014","E26014","E26014",1474,1010,162,1391,414,229,659,938,406,1373,679,860
"E26015","E26015","E26015",3076,2206,234,3045,994,98,1110,2873,207,3124,1114,1217
"E26016","E26016","E26016",1319,1047,63,1310,514,22,550,1218,35,1282,552,631
"E26017","E26017","E26017",2097,1547,80,1780,525,65,592,1367,115,1484,597,679
"E26018","E26018","E26018",2394,1440,238,2104,476,463,962,994,934,1982,1018,1438
"E26019","E26019","E26019",3633,2439,438,3439,745,650,1452,1984,1220,3284,1505,1833
"E26020","E26020","E26020",1912,1604,127,1879,486,73,563,1135,137,1280,577,673
"E26021","E26021","E26021",2966,2093,330,2860,842,194,1046,2462,360,2844,1070,1196
"E26022","E26022","E26022",1668,1145,128,1494,401,204,622,1032,305,1400,620,709
"E27001","E27001","E27001",6660,5298,362,6605,2159,200,2415,5806,398,6374,2412,2929
"E27002","E27002","E27002",411,386,4,411,140,1,145,398,3,412,145,184
"E27003","E27003","E27003",605,531,8,601,208,7,217,580,18,606,218,279
"E27004","E27004","E27004",576,531,9,572,192,2,195,553,2,556,194,237
"E27005","E27005","E27005",573,525,8,567,207,0,207,581,0,581,208,237
"E27006","E27006","E27006",310,278,10,308,107,1,109,303,1,305,108,144
"E27007","E27007","E27007",420,390,7,415,135,0,138,414,0,422,136,178
"E27008","E27008","E27008",218,198,1,218,88,0,90,216,0,218,90,108
"E27009","E27009","E27009",361,321,11,357,122,0,122,363,0,363,122,153
"E27010","E27010","E27010",670,601,11,665,217,0,218,628,0,629,219,260
"E27011","E27011","E27011",527,492,6,526,184,0,188,522,0,533,185,231
"E27012","E27012","E27012",458,410,6,457,166,0,171,459,0,471,171,200
"E27013","E27013","E27013",270,255,1,270,94,0,96,286,0,290,96,109
"E27014","E27014","E27014",725,673,11,724,221,0,237,636,0,701,223,263
"E27015","E27015","E27015",231,203,4,230,79,0,80,234,0,235,80,95
"E27016","E27016","E27016",490,459,7,490,169,0,170,475,0,476,170,208
"E27017","E27017","E27017",153,141,2,153,61,0,62,155,0,156,61,70
"E27018","E27018","E27018",359,342,5,357,135,0,135,358,0,358,136,167
"E27019","E27019","E27019",255,244,1,255,87,0,88,251,0,257,88,107
"E27020","E27020","E27020",434,407,1,433,141,0,146,415,0,435,144,171
"E27021","E27021","E27021",439,352,16,430,160,9,180,427,15,457,183,301
"E27022","E27022","E27022",226,133,4,159,49,5,56,108,10,126,58,120
"E27023","E27023","E27023",413,341,10,400,159,2,166,396,7,412,166,426
"E27024","E27024","E27024",279,231,8,277,101,2,105,268,6,278,104,170
"E27025","E27025","E27025",2159,1550,69,1997,624,161,802,1597,289,1928,811,1245
"E27026","E27026","E27026",318,192,16,249,66,0,67,159,0,160,67,106
"E27027/27028","E27027/27028","E27027/27028",313,242,14,304,110,3,115,298,4,306,116,268
"E27029","E27029","E27029",82,70,1,82,31,0,37,76,0,84,37,130
"E27030","E27030","E27030",215,162,14,211,87,0,90,207,0,214,92,238
"E27031","E27031","E27031",97,91,0,97,40,0,40,101,0,101,40,54
"E27032","E27032","E27032",175,158,4,170,66,1,72,148,1,157,72,157
"E27033","E27033","E27033",810,719,19,799,287,3,299,759,4,778,297,494
"E27034","E27034","E27034",354,292,17,345,126,2,132,319,3,336,134,240
"E27035","E27035","E27035",261,229,8,259,103,1,113,245,3,273,112,169
"E27036","E27036","E27036",1226,944,43,1154,398,12,421,1089,15,1126,428,718
"E27037","E27037","E27037",425,349,19,403,161,8,176,365,17,400,179,459
"E27038","E27038","E27038",389,319,7,380,165,0,174,372,0,389,172,375
"E27039","E27039","E27039",612,548,20,608,221,3,233,605,10,632,228,334
"E27040","E27040","E27040",1876,1657,38,1868,624,10,644,1873,13,1908,646,731
"E27041","E27041","E27041",1296,1159,27,1293,416,1,419,1293,2,1303,419,448
"E27042","E27042","E27042",1472,1243,51,1464,451,63,515,1359,122,1482,518,564
"E27043","E27043","E27043",1178,1023,41,1173,389,8,400,1208,12,1223,397,448
"E27044","E27044","E27044",3727,3107,181,3693,1107,77,1189,3566,153,3727,1194,1383
"E27045","E27045","E27045",620,571,12,620,208,0,214,604,0,623,214,240
"E27046","E27046","E27046",2577,2177,85,2563,817,28,856,2500,47,2593,858,971
"E27047","E27047","E27047",984,876,21,972,262,9,304,811,21,984,277,305
"E27048","E27048","E27048",2124,1760,79,2093,618,47,673,1912,99,2034,673,769
"E27049","E27049","E27049",3547,2885,163,3509,1169,75,1251,3439,148,3601,1255,1462
"E27050","E27050","E27050",1413,1246,30,1404,408,1,414,1301,5,1318,414,445
"E27051","E27051","E27051",1415,1166,43,1369,437,31,472,1269,51,1329,472,588
"E27052","E27052","E27052",149,110,3,123,36,1,37,109,1,110,37,43
"E27053","E27053","E27053",1226,1039,54,1173,463,10,485,1110,18,1149,491,783
"E27054","E27054","E27054",1314,1140,38,1302,480,3,488,1297,6,1317,487,640
"E27055","E27055","E27055",1044,903,23,1036,371,6,386,1022,11,1053,387,492
"E27056","E27056","E27056",1527,1328,40,1518,489,8,500,1523,14,1545,503,554
"E27057","E27057","E27057",1539,1334,29,1528,479,15,499,1472,29,1510,497,570
"E27058","E27058","E27058",1061,937,30,1057,314,1,316,1065,3,1071,317,342
"E27059","E27059","E27059",2142,1743,121,2126,652,46,708,2051,92,2170,708,808
"E27060","E27060","E27060",4297,3237,269,4216,1225,286,1521,3577,567,4179,1527,1748
"E27061","E27061","E27061",1453,1243,49,1450,510,8,531,1432,12,1472,531,635
"E27062","E27062","E27062",763,659,25,753,257,2,262,758,3,766,261,293
"E27063","E27063","E27063",1443,1238,41,1436,454,37,501,1323,67,1406,499,676
"E27064","E27064","E27064",1218,1080,22,1214,365,7,375,1208,10,1228,373,404
"E27065","E27065","E27065",2075,1721,102,2065,615,42,661,1899,93,2007,661,728
"E27066","E27066","E27066",332,275,9,331,125,0,126,329,0,331,126,154
"E27067","E27067","E27067",414,362,2,407,155,1,157,408,2,411,158,212
"E27068","E27068","E27068",379,342,3,376,148,0,148,378,0,378,148,215
"E27069","E27069","E27069",253,225,3,247,82,0,84,256,0,259,86,121
"E27070","E27070","E27070",362,311,3,360,132,0,137,351,0,364,136,188
"E27071","E27071","E27071",166,157,0,166,59,0,59,167,0,167,59,78
"E27072","E27072","E27072",840,698,24,832,335,6,341,834,19,853,343,441
"E27073","E27073","E27073",254,222,4,248,88,0,89,250,0,251,90,134
"E27074","E27074","E27074",551,467,13,545,206,0,207,547,0,551,210,303
"E27075","E27075","E27075",224,205,2,224,82,0,83,223,0,224,83,107
"E27076","E27076","E27076",470,424,4,468,176,0,180,464,0,470,178,231
"E27077","E27077","E27077",229,210,3,229,79,0,79,236,0,236,79,102
"E27078","E27078","E27078",292,266,3,287,115,4,123,278,5,290,122,156
"E27079","E27079","E27079",387,347,6,386,142,0,142,386,0,386,142,190
"E27080","E27080","E27080",300,275,1,300,117,0,117,306,0,306,117,155
"E27081","E27081","E27081",607,517,15,604,211,3,219,599,5,614,216,264
"E27082","E27082","E27082",573,491,19,570,177,3,183,525,6,534,185,218
"E27083","E27083","E27083",217,177,6,215,79,0,81,215,0,224,80,99
"E27084","E27084","E27084",705,598,16,695,252,1,256,713,1,717,256,301
"E27085","E27085","E27085",525,470,7,523,172,0,177,521,0,529,176,200
"E27086","E27086","E27086",99,83,0,99,37,0,39,91,0,98,38,46
"E27087","E27087","E27087",630,539,21,625,190,8,199,613,21,636,199,221
"E27088","E27088","E27088",813,653,34,798,263,1,269,810,1,819,268,342
"E27089","E27089","E27089",1371,1148,74,1349,444,17,462,1303,25,1330,464,538
"E27090","E27090","E27090",3033,2034,563,2976,995,135,1159,2600,279,2958,1160,1372
"E27091","E27091","E27091",326,252,6,324,115,0,117,331,0,333,115,148
"E27092","E27092","E27092",1748,1514,45,1736,515,4,526,1704,7,1722,524,586
"E27093","E27093","E27093",801,662,30,795,246,3,250,778,4,783,251,293
"E27094","E27094","E27094",455,390,13,453,153,0,154,457,0,460,153,193
"E27095","E27095","E27095",827,750,12,820,275,4,283,807,13,830,283,321
"E27096","E27096","E27096",84,77,0,84,34,0,37,77,0,85,36,46
"E27097","E27097","E27097",1537,1246,63,1472,477,21,509,1415,51,1480,512,631
"E27098","E27098","E27098",337,298,9,335,109,0,112,342,0,347,111,131
"E27099","E27099","E27099",477,422,8,473,161,0,163,472,0,475,163,194
"E27100","E27100","E27100",385,347,6,384,136,0,137,397,0,398,137,163
"E27101","E27101","E27101",5470,4206,286,5390,1805,122,1944,5102,245,5392,1951,2204
"E27102","E27102","E27102",192,175,4,190,76,0,76,201,0,201,76,110
"E27103","E27103","E27103",464,436,3,461,159,0,159,475,0,475,159,194
"E27104","E27104","E27104",299,274,2,299,93,0,95,282,0,292,94,110
"E27105","E27105","E27105",384,355,2,383,128,2,130,381,3,384,130,152
"E27106","E27106","E27106",537,469,16,529,181,0,184,536,0,543,184,221
"E27107","E27107","E27107",469,409,12,464,151,0,151,465,0,465,151,167
"E27108","E27108","E27108",131,109,4,129,52,0,52,126,0,126,52,58
"E27109","E27109","E27109",1764,1522,46,1752,538,9,558,1722,14,1786,554,629
"E27110","E27110","E27110",105,91,0,104,40,0,42,100,0,105,40,49
"E27111","E27111","E27111",589,537,6,585,208,1,214,574,6,589,214,243
"E27112","E27112","E27112",385,341,5,384,124,0,124,390,0,390,124,137
"E27113","E27113","E27113",738,683,12,733,224,0,230,714,0,731,230,265
"E27114","E27114","E27114",999,890,26,998,299,2,304,973,2,978,303,328
"E27115","E27115","E27115",303,271,8,302,104,0,111,295,0,316,111,125
"E27116","E27116","E27116",672,592,4,661,209,0,210,659,0,661,211,236
"E27117","E27117","E27117",583,518,9,582,201,1,203,586,1,592,203,253
"E27118","E27118","E27118",329,305,6,328,124,0,126,325,0,330,126,151
"E27119","E27119","E27119",906,799,17,901,271,0,276,887,0,897,275,306
"E27120","E27120","E27120",644,571,9,638,215,1,218,650,1,655,217,254
"E27121","E27121","E27121",342,307,6,341,114,1,117,337,5,346,117,136
"E27122","E27122","E27122",341,287,13,341,118,0,119,359,0,360,118,138
"E27123","E27123","E27123",745,664,15,737,237,0,237,740,0,740,237,265
"E27124","E27124","E27124",402,367,9,402,109,0,113,391,0,412,113,127
"E27125","E27125","E27125",481,410,12,472,156,0,158,463,0,467,157,193
"E27127","E27127","E27127",857,768,20,845,273,3,280,836,7,857,281,323
"E27128","E27128","E27128",5537,4254,414,5486,1964,187,2213,4899,302,5360,2217,2717
"E27129/27126","E27129/27126","E27129/27126",371,307,11,370,131,0,139,360,0,374,135,183
"E27130","E27130","E27130",279,246,1,275,94,0,95,279,0,281,96,118
"E27131","E27131","E27131",261,231,2,257,85,0,86,257,0,259,86,100
"E27132","E27132","E27132",486,435,3,484,161,12,177,459,16,490,178,203
"E27133","E27133","E27133",722,630,12,722,222,0,225,727,0,733,223,255
"E27134","E27134","E27134",461,396,8,456,176,1,181,447,1,460,181,227
"E27135","E27135","E27135",369,347,3,369,130,1,133,365,1,368,133,163
"E27136","E27136","E27136",611,560,7,609,215,1,218,599,4,609,220,259
"E27137","E27137","E27137",365,331,7,365,136,0,136,376,0,376,136,164
"E27138","E27138","E27138",528,489,9,526,183,0,184,542,0,544,184,218
"E27139","E27139","E27139",522,489,3,519,178,0,179,524,0,525,179,222
"E27140","E27140","E27140",580,546,1,577,195,2,200,581,2,589,200,247
"E27141","E27141","E27141",305,276,3,304,111,0,113,301,0,307,113,156
"E27142","E27142","E27142",532,491,8,529,178,1,179,535,1,536,183,222
"E27143","E27143","E27143",862,763,10,857,291,0,296,848,0,860,298,384
"E27144","E27144","E27144",1300,1069,35,1280,466,20,493,1234,53,1305,496,611
"E27145","E27145","E27145",341,311,7,340,121,0,124,337,0,342,124,165
"E27146","E27146","E27146",1913,1653,54,1905,649,20,677,1832,29,1878,680,834
"E27147","E27147","E27147",515,455,12,512,182,0,183,508,0,510,184,225
"E27148","E27148","E27148",221,191,8,221,73,0,73,222,0,222,73,90
"E27149","E27149","E27149",316,276,14,316,115,0,120,310,0,321,119,172
"E27150","E27150","E27150",1120,856,49,1031,333,7,350,860,8,899,358,555
"E27151","E27151","E27151",517,455,8,503,189,1,193,493,1,502,197,334
"E27152","E27152","E27152",2472,2139,60,2451,875,23,918,2363,46,2460,918,1255
"E27153","E27153","E27153",172,141,2,159,57,0,59,153,0,159,63,96
"E27154","E27154","E27154",1283,1101,27,1271,477,1,499,1245,1,1285,487,649
"E27155","E27155","E27155",149,124,1,146,51,1,54,139,5,147,53,87
"E27156","E27156","E27156",220,148,6,199,84,1,86,183,1,185,90,163
"E27157","E27157","E27157",264,201,9,240,92,0,95,240,0,245,99,164
"E27158","E27158","E27158",835,702,11,824,308,3,320,819,5,844,314,414
"E27159","E27159","E27159",2625,2055,106,2549,896,55,965,2422,95,2548,974,1275
"E27160","E27160","E27160",93,70,1,85,35,0,35,88,0,88,38,58
"E27161","E27161","E27161",546,459,15,531,201,1,215,517,2,540,215,317
"E27162","E27162","E27162",2376,2010,100,2354,741,9,762,2335,11,2381,763,905
"E27163","E27163","E27163",270,245,10,269,99,0,100,276,0,277,99,136
"E27164","E27164","E27164",176,157,0,176,60,0,61,167,0,169,60,70
"E27165","E27165","E27165",105,90,1,105,47,0,49,106,0,108,49,68
"E27166","E27166","E27166",169,162,0,168,55,0,56,170,0,172,56,75
"E27167","E27167","E27167",372,319,7,361,135,0,138,361,0,366,137,176
"E27168","E27168","E27168",445,389,7,444,181,1,183,432,2,437,182,224
"E27169","E27169","E27169",702,643,21,697,250,2,255,662,4,669,256,312
"E27170","E27170","E27170",230,218,3,230,86,1,87,230,2,232,87,105
"E27171","E27171","E27171",306,288,4,304,104,1,106,306,1,308,105,123
"E27172","E27172","E27172",276,258,1,272,91,0,92,278,0,280,91,130
"E27173","E27173","E27173",147,137,0,146,50,0,51,145,0,150,51,69
"E27174","E27174","E27174",398,367,2,396,135,1,137,397,1,399,139,169
"E27175","E27175","E27175",2271,1839,69,2250,825,53,887,2099,91,2221,886,1195
"E27176","E27176","E27176",171,155,0,169,59,0,62,161,0,170,62,75
"E27177","E27177","E27177",447,416,9,446,157,2,160,435,7,445,162,198
"E27178","E27178","E27178",632,577,9,631,199,0,199,595,0,595,199,234
"E27179","E27179","E27179",775,685,19,774,257,4,265,775,7,788,263,307
"E27180","E27180","E27180",547,473,7,541,206,1,208,537,1,543,208,258
"E27181","E27181","E27181",1372,1224,30,1372,439,3,449,1367,7,1391,448,497
"E27182","E27182","E27182",500,448,10,499,157,6,165,491,10,506,165,190
"E27183","E27183","E27183",738,617,23,736,231,4,236,724,6,734,237,264
"E27184","E27184","E27184",1080,993,15,1072,308,2,321,1010,3,1034,320,361
"E27185","E27185","E27185",366,314,8,365,122,1,125,361,3,367,125,144
"E27186","E27186","E27186",753,678,11,749,252,0,258,766,0,779,258,299
"E27187","E27187","E27187",441,405,4,438,144,0,145,442,0,444,146,175
"E27188","E27188","E27188",438,401,5,434,153,0,153,443,0,443,153,176
"E27189","E27189","E27189",1059,962,18,1055,358,1,364,1058,1,1071,364,413
"E27190","E27190","E27190",363,334,3,362,128,0,129,372,0,374,129,162
"E27191","E27191","E27191",461,426,3,460,144,0,147,390,0,396,146,169
"E27192","E27192","E27192",1151,1004,24,1148,345,1,349,1114,3,1126,349,380
"E27193","E27193","E27193",543,491,8,539,187,0,191,533,0,541,192,215
"E27194","E27194","E27194",618,556,3,618,209,2,212,623,5,629,213,247
"E27195","E27195","E27195",568,493,11,567,202,0,206,568,0,581,206,269
"E27196","E27196","E27196",837,720,22,836,319,17,341,819,19,845,342,425
"E27197","E27197","E27197",629,549,6,622,227,3,231,630,6,639,231,268
"E27198","E27198","E27198",1531,1309,41,1517,556,33,600,1477,50,1550,601,739
"E27199","E27199","E27199",685,629,10,682,211,0,221,655,0,681,221,251
"E27200","E27200","E27200",349,309,8,349,128,0,128,354,0,354,128,156
"E27201","E27201","E27201",649,561,12,644,212,2,214,651,5,656,214,235
"E27202","E27202","E27202",613,524,14,609,206,2,208,611,3,614,210,245
"E27203","E27203","E27203",707,647,12,700,233,0,233,704,0,704,234,260
"E27204","E27204","E27204",772,694,9,771,253,0,254,758,0,759,253,290
"E27205","E27205","E27205",891,817,11,886,266,1,274,882,2,904,273,320
"E27206","E27206","E27206",1144,977,32,1132,384,1,393,1121,1,1131,395,491
"E27207","E27207","E27207",1072,952,25,1071,334,6,340,1070,14,1084,340,397
"E27208","E27208","E27208",378,353,4,378,127,0,131,369,0,384,130,166
"E27209","E27209","E27209",354,323,2,350,127,0,128,354,0,358,127,166
"E27210","E27210","E27210",664,573,12,657,246,12,259,644,20,665,258,335
"E27211","E27211","E27211",657,588,10,656,224,1,231,653,2,665,231,267
"E27212","E27212","E27212",670,635,4,669,225,1,227,678,2,681,226,264
"E27213","E27213","E27213",782,662,24,778,247,2,249,782,5,787,249,293
"E27214","E27214","E27214",363,326,3,362,132,0,134,358,0,365,133,167
"E27215","E27215","E27215",6060,4673,294,6005,2150,22,2214,5896,38,6062,2206,2575
"E27216","E27216","E27216",3511,2630,239,3483,1264,268,1546,2953,411,3398,1553,1933
"E28001","E28001","E28001",1107,893,29,1084,410,33,443,1047,63,1110,447,685
"E28002","E28002","E28002",345,281,6,343,126,0,127,345,0,347,126,188
"E28003","E28003","E28003",246,213,4,244,85,0,86,249,0,250,86,112
"E28004","E28004","E28004",158,143,3,158,60,1,64,154,1,160,62,101
"E28005","E28005","E28005",146,118,3,146,63,0,63,147,0,147,63,87
"E28006","E28006","E28006",530,446,16,527,224,4,232,520,4,535,232,301
"E28007/28011","E28007/28011","E28007/28011",332,281,9,330,127,1,131,332,1,341,130,195
"E28008","E28008","E28008",126,115,1,126,49,0,50,128,0,129,50,60
"E28009","E28009","E28009",242,193,5,242,95,3,98,238,5,243,98,132
"E28010","E28010","E28010",91,73,0,88,40,0,40,93,0,93,40,59
"E28012","E28012","E28012",77,65,0,76,27,0,27,79,0,79,28,44
"E28013","E28013","E28013",225,189,6,222,89,0,90,226,0,227,89,107
"E28014","E28014","E28014",147,128,4,147,56,0,57,150,0,152,57,83
"E28015","E28015","E28015",4080,2900,285,4040,1244,289,1570,3274,484,3859,1577,2238
"E28017/28016","E28017/28016","E28017/28016",167,134,4,167,70,0,72,166,0,168,71,126
"E28018","E28018","E28018",1389,1066,46,1373,517,11,546,1316,20,1385,546,820
"E28019","E28019","E28019",685,586,10,681,255,1,263,669,1,699,263,354
"E28020","E28020","E28020",292,246,2,291,106,0,106,289,0,289,106,151
"E28021","E28021","E28021",325,277,7,321,123,0,128,317,0,330,129,168
"E28022","E28022","E28022",489,386,19,488,170,1,173,487,1,491,172,309
"E28023","E28023","E28023",153,118,7,149,55,0,55,149,0,149,57,109
"E28024","E28024","E28024",1224,994,33,1185,401,14,422,1143,24,1187,426,664
"E28025","E28025","E28025",221,191,0,221,84,1,85,221,2,223,85,109
"E28026","E28026","E28026",222,185,3,221,98,0,102,222,0,227,101,164
"E28027/28028","E28027/28028","E28027/28028",223,181,6,218,84,0,85,224,0,225,86,133
"E28029/28032","E28029/28032","E28029/28032",211,146,4,205,92,0,94,204,0,206,96,157
"E28030","E28030","E28030",736,572,17,731,277,0,280,741,0,745,281,431
"E28031","E28031","E28031",983,775,11,975,351,7,361,972,13,998,361,506
"E28033","E28033","E28033",699,548,16,687,267,6,281,650,8,683,284,480
"E28035","E28035","E28035",195,155,4,190,77,0,79,183,0,185,81,118
"E28036","E28036","E28036",239,195,1,236,104,0,107,229,0,236,105,160
"E28037","E28037","E28037",178,152,1,172,71,0,74,165,0,173,73,106
"E28038","E28038","E28038",285,212,9,283,112,0,121,275,0,290,115,159
"E28039","E28039","E28039",1524,1291,24,1515,565,7,574,1459,11,1473,578,815
"E28040","E28040","E28040",465,394,9,462,187,5,194,456,5,463,193,311
"E28041/28034","E28041/28034","E28041/28034",180,147,5,178,60,0,64,160,0,167,62,100
"E28042","E28042","E28042",172,149,2,171,63,0,64,174,0,175,63,91
"E28043","E28043","E28043",167,141,3,167,65,0,67,163,0,167,68,107
"E28044","E28044","E28044",239,187,7,236,89,0,89,247,0,247,90,112
"E28045","E28045","E28045",256,213,13,249,91,0,93,248,0,256,93,124
"E28046","E28046","E28046",132,111,0,132,50,0,50,134,0,134,50,82
"E28047","E28047","E28047",374,319,3,368,134,0,135,374,0,378,135,161
"E28048","E28048","E28048",69,55,1,69,28,0,29,73,0,74,29,46
"E28049","E28049","E28049",207,158,7,207,99,0,99,206,0,206,99,146
"E28050","E28050","E28050",415,361,6,415,154,3,158,405,7,413,157,198
"E28051","E28051","E28051",296,230,10,292,104,0,105,295,0,296,106,168
"E28052","E28052","E28052",1892,1487,79,1885,732,46,783,1820,52,1884,785,1044
"E28053","E28053","E28053",169,150,2,169,69,0,69,179,0,179,69,97
"E28054","E28054","E28054",390,338,8,388,137,0,140,387,0,390,140,170
"E28055","E28055","E28055",125,104,3,124,53,0,53,127,0,127,53,85
"E28056","E28056","E28056",322,278,4,320,125,0,126,322,0,325,126,169
"E28057","E28057","E28057",332,272,6,331,123,0,124,327,0,333,125,165
"E28058","E28058","E28058",253,204,1,252,109,0,109,262,0,262,109,144
"E28059","E28059","E28059",153,138,1,151,58,0,58,154,0,154,59,77
"E28060","E28060","E28060",300,237,1,296,118,3,125,288,5,298,126,166
"E28061","E28061","E28061",563,404,16,559,201,5,209,556,6,572,211,284
"E28062","E28062","E28062",170,149,3,170,68,0,69,174,0,175,69,85
"E28063","E28063","E28063",260,217,3,260,90,1,94,261,2,268,95,125
"E28064","E28064","E28064",237,216,3,237,91,0,91,240,0,240,92,132
"E28065","E28065","E28065",336,301,5,333,132,0,133,335,0,339,133,183
"E28066","E28066","E28066",142,124,1,142,61,1,62,145,2,147,62,92
"E28067","E28067","E28067",206,192,5,206,77,0,80,206,0,210,78,101
"E28068","E28068","E28068",303,261,4,299,109,0,109,268,0,268,110,146
"E28069","E28069","E28069",869,735,16,859,296,19,316,832,30,865,322,513
"E28070","E28070","E28070",392,340,14,391,141,1,143,391,2,395,145,196
"E28071","E28071","E28071",270,248,6,266,98,0,100,271,0,275,100,133
"E28072","E28072","E28072",179,163,6,177,66,1,68,179,2,184,69,106
"E28073","E28073","E28073",186,154,1,181,69,0,69,186,0,186,70,102
"E28074","E28074","E28074",1258,1064,16,1245,492,19,525,1153,30,1214,521,703
"E28075","E28075","E28075",370,299,8,360,125,1,126,330,2,332,128,286
"E28076","E28076","E28076",240,215,5,239,100,0,100,240,0,240,100,151
"E28077","E28077","E28077",616,491,11,603,244,1,246,594,4,603,250,378
"E28078","E28078","E28078",247,207,8,244,92,0,92,246,0,246,93,141
"E29001","E29001","E29001",2420,2045,33,2405,886,75,975,2236,105,2382,977,1161
"E29002","E29002","E29002",4144,3368,164,4103,1543,179,1748,3689,251,4014,1759,2302
"E29003","E29003","E29003",6163,4566,397,6023,2072,385,2498,4789,587,5486,2520,3235
"E29004","E29004","E29004",5847,4130,189,5401,1699,442,2152,4221,786,5024,2183,2852
"E29005","E29005","E29005",359,326,4,358,126,0,127,363,0,365,127,149
"E29006","E29006","E29006",966,838,31,954,335,0,336,979,0,981,336,394
"E29007","E29007","E29007",3084,2489,83,2997,1021,1,1035,2931,2,2975,1033,1191
"E29008","E29008","E29008",383,313,3,383,141,0,144,383,0,387,141,178
"E29009","E29009","E29009",236,185,4,232,91,0,93,228,0,234,93,132
"E29010","E29010","E29010",2985,2524,70,2939,1039,5,1058,2913,11,2965,1057,1215
"E29011","E29011","E29011",615,543,1,604,259,3,263,613,4,619,269,393
"E29012","E29012","E29012",613,538,18,610,205,0,208,611,0,617,209,253
"E29013","E29013","E29013",157,144,0,156,61,0,62,153,0,154,64,95
"E29014","E29014","E29014",81,80,0,81,32,0,33,77,0,80,33,47
"E29015","E29015","E29015",909,823,14,906,312,4,318,910,4,916,318,376
"E29016","E29016","E29016",1061,938,17,1055,411,15,430,1022,23,1060,431,548
"E29017","E29017","E29017",824,729,13,819,317,3,325,818,7,838,327,465
"E29018","E29018","E29018",481,437,6,479,173,0,175,488,0,492,175,218
"E29019","E29019","E29019",175,156,1,173,67,0,69,177,0,179,68,96
"E29020","E29020","E29020",564,511,5,562,185,0,189,550,0,558,189,215
"E29021","E29021","E29021",240,223,0,240,87,0,87,238,0,238,87,107
"E29022","E29022","E29022",250,231,0,245,93,0,95,248,0,252,94,122
"E29023","E29023","E29023",109,103,1,109,44,0,44,110,0,110,44,65
"E29024","E29024","E29024",747,663,3,744,283,2,290,746,5,759,286,387
"E29025","E29025","E29025",1256,1071,25,1247,477,1,483,1244,1,1256,486,671
"E29026","E29026","E29026",305,251,6,297,128,0,131,303,0,309,134,218
"E29027","E29027","E29027",428,369,11,424,164,1,167,424,2,430,170,250
"E29028","E29028","E29028",125,120,1,124,51,0,51,125,0,125,51,72
"E29029","E29029","E29029",1259,1108,21,1230,428,4,436,1210,5,1225,438,557
"E29030","E29030","E29030",217,191,2,215,81,0,83,218,0,221,84,106
"E29031","E29031","E29031",480,409,6,478,166,0,168,477,0,482,167,213
"E29032","E29032","E29032",1145,966,13,1137,437,0,445,1127,0,1148,445,604
"E29033","E29033","E29033",220,175,13,216,90,0,91,220,0,221,92,153
"E29034","E29034","E29034",3770,2787,172,3743,1281,113,1407,3494,194,3726,1412,1889
"E29035","E29035","E29035",206,175,10,205,75,1,81,194,1,209,81,122
"E29036","E29036","E29036",423,383,5,421,148,0,148,436,0,436,148,192
"E29037","E29037","E29037",372,303,18,365,134,0,136,367,0,370,139,189
"E29038","E29038","E29038",864,702,22,829,282,6,292,763,15,786,294,392
"E29039","E29039","E29039",272,249,3,270,115,0,116,270,0,272,117,137
"E29040","E29040","E29040",1117,970,21,1106,395,5,410,1071,7,1109,411,489
"E29041","E29041","E29041",799,723,11,791,272,0,272,766,0,766,274,372
"E29042","E29042","E29042",646,560,18,638,239,2,242,628,3,632,245,319
"E29043","E29043","E29043",663,598,10,659,248,0,250,671,0,678,249,309
"E29044","E29044","E29044",960,864,15,954,338,7,347,942,10,956,348,450
"E29045","E29045","E29045",786,676,18,781,273,0,278,780,0,788,279,349
"E29046","E29046","E29046",521,459,6,518,187,0,188,524,0,526,188,252
"E29047","E29047","E29047",200,162,6,192,95,0,96,195,0,197,100,196
"E29048","E29048","E29048",561,451,16,552,205,1,207,564,2,567,206,265
"E29049","E29049","E29049",432,390,3,426,151,2,155,424,5,432,156,179
"E29050","E29050","E29050",1159,998,30,1140,395,1,406,1147,2,1169,410,507
"E29051","E29051","E29051",939,800,24,936,351,0,360,941,0,962,361,502
"E29052","E29052","E29052",980,842,13,967,322,2,333,895,2,912,332,509
"E29053","E29053","E29053",467,412,1,463,180,4,186,457,8,468,187,290
"E29054","E29054","E29054",100,85,4,99,43,0,43,102,0,102,43,66
"E29055","E29055","E29055",1954,1582,39,1917,657,29,703,1748,50,1839,706,1026
"E29056","E29056","E29056",215,196,2,214,80,0,81,218,0,219,81,107
"E29057","E29057","E29057",493,409,3,485,175,1,181,481,1,496,182,251
"E29058/29065","E29058/29065","E29058/29065",91,85,0,89,39,1,40,87,2,89,40,54
"E29059","E29059","E29059",135,110,1,131,52,0,52,136,0,136,55,86
"E29060","E29060","E29060",337,306,6,335,130,0,131,334,0,340,132,172
"E29061","E29061","E29061",757,642,7,753,286,1,293,772,1,779,289,394
"E29062","E29062","E29062",241,208,2,240,114,0,114,242,0,242,114,151
"E29063","E29063","E29063",221,181,7,221,86,1,87,225,1,226,87,133
"E29064","E29064","E29064",712,587,10,701,289,2,295,711,5,721,295,485
"E29066","E29066","E29066",837,716,13,829,296,2,304,831,2,841,303,480
"E29067","E29067","E29067",1556,1333,23,1542,594,8,604,1543,20,1567,604,747
"E29068","E29068","E29068",589,507,16,588,202,0,209,584,0,601,206,249
"E29069","E29069","E29069",588,512,10,586,202,0,203,591,0,593,203,239
"E29070","E29070","E29070",354,285,8,344,121,0,123,347,0,349,124,171
"E29071","E29071","E29071",1038,866,6,1029,371,2,375,1041,2,1046,374,480
"E29072","E29072","E29072",1833,1548,35,1783,567,4,578,1710,5,1736,579,681
"E29073","E29073","E29073",312,278,5,309,111,0,115,307,0,311,117,160
"E29074","E29074","E29074",7308,5800,347,7269,2607,94,2742,7134,135,7395,2748,3177
"E29075","E29075","E29075",551,488,12,550,191,1,195,540,5,559,196,229
"E29076","E29076","E29076",795,708,21,792,273,6,285,790,8,808,284,338
"E29077","E29077","E29077",172,141,1,169,63,0,65,169,0,174,64,84
"E29078","E29078","E29078",485,432,0,480,162,1,168,474,2,489,167,188
"E29079","E29079","E29079",985,852,8,970,318,0,323,972,0,984,324,392
"E29080","E29080","E29080",486,423,6,482,166,2,171,474,8,487,170,252
"E29081","E29081","E29081",602,512,6,592,217,0,221,598,0,605,221,293
"E29082","E29082","E29082",352,315,9,349,127,0,129,357,0,360,128,167
"E29083","E29083","E29083",1446,1297,25,1438,467,11,486,1373,18,1409,486,587
"E29084","E29084","E29084",823,723,11,819,296,4,307,804,5,824,305,388
"E29085","E29085","E29085",3057,1795,507,3024,981,58,1058,2676,121,2846,1066,1429
"E29086","E29086","E29086",438,377,5,433,166,3,172,433,3,443,173,224
"E29087","E29087","E29087",744,625,16,738,269,0,274,738,0,749,276,360
"E29088","E29088","E29088",367,331,3,362,133,0,134,361,0,362,135,157
"E29089","E29089","E29089",4308,3068,161,4174,1428,161,1598,3798,268,4096,1608,2005
"E29090","E29090","E29090",161,137,0,157,61,0,61,158,0,158,63,84
"E29091","E29091","E29091",415,349,6,413,154,0,155,426,0,427,156,217
"E29092","E29092","E29092",580,497,8,576,199,0,201,583,0,593,201,234
"E29093","E29093","E29093",460,407,6,458,168,1,171,453,2,459,172,253
"E29094","E29094","E29094",460,420,3,458,167,0,171,475,0,481,171,214
"E29095","E29095","E29095",459,408,5,459,153,0,153,467,0,467,154,192
"E29096","E29096","E29096",621,549,12,618,246,0,248,620,0,628,248,330
"E29097","E29097","E29097",972,747,30,969,363,37,405,880,49,940,407,552
"E29098","E29098","E29098",748,624,6,713,273,7,282,606,8,617,284,442
"E29099","E29099","E29099",335,277,5,334,129,0,130,333,0,339,130,183
"E29100","E29100","E29100",447,388,6,445,170,0,171,451,0,453,172,209
"E29101","E29101","E29101",356,314,7,356,143,0,145,369,0,372,145,192
"E29102","E29102","E29102",168,162,2,168,63,0,64,171,0,172,63,85
"E29103","E29103","E29103",618,537,14,613,224,0,228,581,0,586,228,305
"E29104","E29104","E29104",354,310,6,354,109,0,109,325,0,325,109,156
"E29105","E29105","E29105",310,254,8,308,120,0,120,316,0,316,121,168
"E29106","E29106","E29106",638,525,3,627,227,0,229,643,0,647,229,336
"E29107","E29107","E29107",397,334,4,390,150,0,154,384,0,396,152,228
"E29108","E29108","E29108",438,356,2,436,191,0,193,435,0,439,193,244
"E29109","E29109","E29109",511,434,9,509,181,0,181,518,0,518,182,233
"E29110","E29110","E29110",349,291,9,343,134,0,136,345,0,350,136,212
"E29111","E29111","E29111",366,303,6,362,148,1,152,364,4,373,152,199
"E29112","E29112","E29112",1006,815,28,1003,397,12,415,994,18,1031,412,604
"E29113","E29113","E29113",911,724,17,901,358,2,362,918,2,926,364,545
"E29114","E29114","E29114",693,554,17,690,255,0,256,718,0,722,257,348
"E29115","E29115","E29115",654,541,5,644,253,3,259,664,5,673,259,359
"E29116","E29116","E29116",1424,1121,49,1412,599,20,620,1404,31,1436,624,873
"E29117","E29117","E29117",565,464,7,562,207,0,207,551,0,551,207,296
"E29118","E29118","E29118",1166,950,28,1157,421,4,431,1070,5,1081,426,606
"E29119","E29119","E29119",2527,2125,37,2498,969,27,1004,2392,39,2445,1007,1435
"E29120","E29120","E29120",428,353,18,424,157,1,158,418,7,425,161,220
"E29121","E29121","E29121",1591,1214,47,1573,592,47,645,1468,72,1557,651,898
"E29122","E29122","E29122",366,297,3,363,137,0,140,351,0,356,139,190
"E29123","E29123","E29123",494,392,4,488,214,0,216,487,0,493,216,336
"E29124","E29124","E29124",845,704,8,824,349,2,359,816,5,842,359,600
"E29125","E29125","E29125",1008,888,13,998,328,0,334,1012,0,1026,333,379
"E29126","E29126","E29126",108,101,2,108,45,0,46,107,0,111,46,57
"E29127","E29127","E29127",355,294,7,336,129,3,132,328,3,331,139,251
"E29128","E29128","E29128",303,264,1,299,115,0,116,299,0,300,116,169
"E29129","E29129","E29129",333,294,2,326,120,0,124,319,0,328,124,175
"E29131","E29131","E29131",210,176,6,204,71,1,77,197,2,208,78,139
"E29132","E29132","E29132",873,750,8,869,287,4,297,864,6,889,299,355
"E29133","E29133","E29133",673,528,12,664,274,0,277,673,0,680,280,452
"E29134","E29134","E29134",578,478,13,565,218,0,219,580,0,581,222,361
"E29135","E29135","E29135",690,585,10,687,242,9,252,685,15,701,253,345
"E29136","E29136","E29136",623,454,13,563,224,4,234,514,9,534,242,557
"E29137","E29137","E29137",181,156,4,179,69,1,72,174,1,177,72,98
"E29138","E29138","E29138",325,253,8,323,126,0,127,324,0,327,129,264
"E29139","E29139","E29139",122,111,0,119,37,0,39,108,0,114,39,67
"E29140","E29140","E29140",248,199,3,245,92,0,92,241,0,241,94,144
"E29141","E29141","E29141",1001,898,11,997,351,0,357,1003,0,1019,358,429
"E29142","E29142","E29142",108,95,4,108,44,1,45,105,1,106,45,58
"E29143","E29143","E29143",639,542,8,635,196,0,201,635,0,644,197,255
"E29144","E29144","E29144",1512,1251,36,1497,513,1,521,1503,1,1523,519,717
"E29145","E29145","E29145",531,421,8,526,194,2,197,547,2,550,198,345
"E29146","E29146","E29146",766,630,28,760,260,13,276,763,14,781,274,342
"E29147","E29147","E29147",958,747,28,922,370,11,381,916,16,932,391,771
"E29148","E29148","E29148",1164,959,21,1143,413,30,452,1108,44,1169,454,641
"E29149","E29149","E29149",810,606,23,774,298,2,304,725,5,736,311,528
"E29150/29130","E29150/29130","E29150/29130",180,118,10,147,46,1,47,124,1,125,49,69
"E29151","E29151","E29151",454,397,3,452,144,2,147,451,4,456,147,189
"E29152","E29152","E29152",991,743,19,959,403,16,426,949,21,980,432,1057
"E29153","E29153","E29153",142,119,5,139,53,0,57,134,0,138,59,84
"E29154","E29154","E29154",1521,1288,40,1507,524,11,541,1558,13,1580,542,694
"E30001","E30001","E30001",4978,3834,322,4948,1607,96,1741,4698,207,5016,1745,1886
"E30002","E30002","E30002",720,652,17,717,242,1,244,723,2,727,245,276
"E30003","E30003","E30003",506,475,4,506,170,1,175,483,1,489,174,195
"E30004","E30004","E30004",260,247,3,259,83,1,85,256,2,261,85,99
"E30005","E30005","E30005",809,734,9,805,249,0,252,791,0,810,251,297
"E30006","E30006","E30006",525,500,4,524,174,0,178,515,0,524,177,203
"E30007","E30007","E30007",413,387,2,412,132,0,136,405,0,417,136,154
"E30008","E30008","E30008",231,217,5,231,71,0,72,229,0,233,71,87
"E30009","E30009","E30009",268,259,1,267,85,1,88,265,4,275,89,100
"E30010","E30010","E30010",1171,1089,12,1163,378,0,380,1158,0,1166,381,411
"E30011","E30011","E30011",998,918,13,995,355,0,358,1012,0,1026,357,399
"E30012","E30012","E30012",208,197,2,208,77,0,78,207,0,210,78,85
"E30013","E30013","E30013",336,323,2,336,120,2,123,323,8,337,124,138
"E30014","E30014","E30014",243,219,3,240,91,0,93,237,0,244,92,114
"E30015","E30015","E30015",362,333,5,358,124,0,127,358,0,366,126,147
"E30016","E30016","E30016",1630,1455,31,1605,507,4,520,1505,11,1541,520,588
"E30017","E30017","E30017",334,305,6,334,113,0,116,327,0,335,115,134
"E30018","E30018","E30018",308,296,4,307,109,0,109,309,0,309,109,126
"E30019","E30019","E30019",410,383,7,409,139,1,143,400,3,412,142,162
"E30020","E30020","E30020",513,455,21,511,171,1,177,493,2,509,176,204
"E30021","E30021","E30021",271,252,4,270,89,0,92,268,0,279,92,115
"E30022","E30022","E30022",736,702,8,734,247,0,249,741,0,747,249,277
"E30023","E30023","E30023",334,307,1,334,114,0,116,328,0,332,116,137
"E30024","E30024","E30024",142,123,1,140,56,0,57,139,0,142,59,74
"E30026","E30026","E30026",222,198,3,218,81,0,81,216,0,216,83,126
"E30027","E30027","E30027",172,148,4,171,66,0,66,174,0,174,66,80
"E30028","E30028","E30028",234,206,5,234,103,0,103,243,0,243,103,134
"E30029","E30029","E30029",164,137,1,157,64,1,66,149,2,153,68,95
"E30030","E30030","E30030",1599,1278,57,1585,574,10,593,1487,19,1529,596,742
"E30031","E30031","E30031",1501,1241,27,1489,607,45,658,1344,60,1411,660,934
"E30032","E30032","E30032",241,220,3,240,95,0,97,237,0,239,97,137
"E30033","E30033","E30033",274,237,4,270,106,0,109,269,0,276,109,153
"E30034","E30034","E30034",120,109,4,119,49,0,49,118,0,118,51,62
"E30035","E30035","E30035",379,337,6,378,142,0,142,383,0,383,143,193
"E30036","E30036","E30036",187,157,3,186,74,1,77,181,1,188,77,121
"E30037","E30037","E30037",827,649,18,821,282,44,327,742,86,831,331,534
"E30038","E30038","E30038",87,72,1,87,38,0,38,89,0,89,38,61
"E30039","E30039","E30039",535,367,14,428,155,0,157,403,0,407,158,265
"E30040","E30040","E30040",325,251,10,319,120,0,121,321,0,324,122,195
"E30041","E30041","E30041",148,106,4,145,58,3,62,139,4,147,63,96
"E30042","E30042","E30042",274,244,4,272,93,0,93,276,0,276,94,122
"E30043","E30043","E30043",120,111,0,119,40,0,40,119,0,119,40,57
"E30044","E30044","E30044",310,254,7,308,118,0,120,320,0,323,120,168
"E30045","E30045","E30045",178,147,2,176,67,0,67,178,0,178,68,107
"E30046/30048","E30046/30048","E30046/30048",226,194,0,225,82,0,86,218,0,228,87,129
"E30047/30025","E30047/30025","E30047/30025",276,241,1,273,122,0,124,275,0,277,123,181
"E30049","E30049","E30049",413,342,7,406,158,2,163,399,5,411,165,259
"E30050","E30050","E30050",337,295,5,331,128,1,129,330,1,331,133,176
"E30051","E30051","E30051",376,332,3,375,143,1,144,389,1,390,144,189
"E30052","E30052","E30052",259,219,8,256,100,0,101,259,0,260,100,129
"E30053","E30053","E30053",166,133,2,166,69,0,71,165,0,168,71,92
"E30054","E30054","E30054",191,159,1,186,78,0,80,183,0,188,80,128
"E30055","E30055","E30055",831,653,16,825,307,0,308,834,0,835,308,432
"E30056","E30056","E30056",450,364,3,441,174,0,176,450,0,455,179,238
"E30057","E30057","E30057",2726,1980,256,2708,1013,64,1107,2514,106,2691,1110,1661
"E30058","E30058","E30058",992,834,18,987,410,4,417,990,7,1004,419,616
"E30059","E30059","E30059",736,646,8,733,291,1,294,745,1,748,296,423
"E30060","E30060","E30060",155,120,4,153,56,0,56,156,0,156,57,71
"E30061","E30061","E30061",640,520,12,635,252,0,259,633,0,646,260,369
"E30062","E30062","E30062",334,277,6,328,130,1,135,321,1,331,134,201
"E30063","E30063","E30063",232,195,1,232,83,1,85,228,2,231,84,97
"E30064","E30064","E30064",519,440,9,515,191,0,194,515,0,525,197,262
"E30065","E30065","E30065",2971,2388,153,2961,1011,70,1089,2415,100,2541,1094,1552
"E30066","E30066","E30066",335,290,3,333,122,0,123,335,0,337,125,145
"E30067","E30067","E30067",321,268,11,319,118,0,120,317,0,321,121,184
"E30068","E30068","E30068",503,425,3,499,192,0,193,508,0,509,193,256
"E30069","E30069","E30069",418,357,4,415,162,0,166,401,0,417,166,228
"E30070","E30070","E30070",313,248,4,312,129,0,130,319,0,320,129,196
"E30071","E30071","E30071",897,759,36,891,340,2,346,904,8,924,346,519
"E30072","E30072","E30072",1061,854,13,1056,411,2,416,1071,2,1080,417,575
"E30073","E30073","E30073",689,559,8,684,288,0,288,697,0,697,288,433
"E30074","E30074","E30074",295,267,1,293,118,0,119,297,0,301,120,156
"E30075","E30075","E30075",447,379,16,445,165,0,167,459,0,461,168,203
"E30076","E30076","E30076",536,436,14,531,213,9,223,533,14,548,225,275
"E30077","E30077","E30077",194,155,1,194,79,0,79,197,0,197,79,109
"E30078","E30078","E30078",472,399,6,471,165,1,170,465,1,476,172,225
"E30079","E30079","E30079",471,416,10,467,143,0,143,422,0,422,144,174
"E30080","E30080","E30080",174,156,1,170,69,1,73,167,2,176,74,107
"E30081","E30081","E30081",1273,1041,53,1268,473,13,492,1177,23,1208,491,617
"E30082","E30082","E30082",455,407,7,452,156,0,159,429,0,441,161,187
"E30083","E30083","E30083",264,223,5,264,101,0,102,279,0,281,101,139
"E30084","E30084","E30084",162,129,2,162,67,0,67,169,0,169,67,79
"E30085","E30085","E30085",155,131,3,153,55,0,56,147,0,152,56,79
"E30086","E30086","E30086",445,388,9,445,164,0,170,437,0,451,170,209
"E30087","E30087","E30087",332,278,2,331,114,0,116,328,0,334,115,142
"E30088","E30088","E30088",135,122,2,135,52,0,53,138,0,139,53,67
"E30089","E30089","E30089",764,643,17,758,308,1,318,744,1,768,318,467
"E30090","E30090","E30090",700,619,9,698,270,1,271,712,1,713,272,328
"E30091","E30091","E30091",407,358,4,406,146,0,147,408,0,410,148,173
"E30092","E30092","E30092",388,340,8,386,140,0,142,382,0,387,142,173
"E30093","E30093","E30093",318,278,7,316,108,0,112,313,0,322,113,143
"E30094","E30094","E30094",435,372,4,430,177,2,179,426,5,431,180,242
"E30095","E30095","E30095",313,280,3,312,123,0,123,319,0,319,123,161
"E30096","E30096","E30096",208,186,0,208,78,0,81,207,0,212,81,103
"E30097","E30097","E30097",193,181,5,193,77,0,78,199,0,200,78,105
"E30098","E30098","E30098",529,459,13,528,175,0,178,528,0,532,177,225
"E30099","E30099","E30099",368,327,9,360,109,0,115,338,0,355,115,139
"E30100","E30100","E30100",356,318,14,356,129,0,133,351,0,356,132,160
"E30101","E30101","E30101",169,154,1,167,63,0,63,167,0,167,63,81
"E30102","E30102","E30102",944,846,19,939,322,0,323,933,0,939,324,390
"E30103","E30103","E30103",340,283,3,340,131,0,132,348,0,350,132,182
"E30104","E30104","E30104",708,556,11,702,265,0,268,672,0,681,268,392
"E30105","E30105","E30105",4929,3834,359,4897,1613,27,1674,4603,40,4759,1678,1997
"E30106","E30106","E30106",1723,1083,241,1700,575,150,744,1362,271,1679,750,933
"E30107","E30107","E30107",164,145,2,162,62,0,62,160,0,160,62,83
"E30108","E30108","E30108",168,146,2,168,61,0,62,175,0,180,62,83
"E30109","E30109","E30109",512,454,17,508,176,1,182,488,2,513,182,220
"E30110","E30110","E30110",1036,870,39,1021,439,12,459,1011,20,1041,459,643
"E30111","E30111","E30111",778,643,31,774,279,9,294,767,20,794,295,418
"E30112","E30112","E30112",314,270,1,310,106,0,109,303,0,308,109,145
"E31001","E31001","E31001",4998,3838,375,4866,1669,310,2010,4082,507,4661,2024,2430
"E31002","E31002","E31002",5222,3819,317,4942,1364,410,1811,3231,692,4025,1945,2828
"E31003","E31003","E31003",7219,5559,500,7141,2649,331,3019,6453,558,7110,3044,3649
"E31004","E31004","E31004",368,330,5,365,135,1,136,366,4,370,136,174
"E31005","E31005","E31005",331,280,4,328,128,1,131,338,1,342,131,177
"E31006","E31006","E31006",456,376,4,450,171,1,175,448,4,456,177,258
"E31007","E31007","E31007",491,413,9,483,197,0,201,477,0,489,203,296
"E31008","E31008","E31008",530,449,7,522,185,0,187,513,0,519,187,245
"E31009","E31009","E31009",538,444,8,533,218,1,223,525,1,534,222,295
"E31010","E31010","E31010",277,248,5,271,97,0,102,271,0,277,101,147
"E31011","E31011","E31011",426,368,5,425,163,0,165,419,0,421,165,243
"E31012","E31012","E31012",320,281,7,315,124,1,125,309,4,313,126,170
"E31013","E31013","E31013",300,265,5,298,111,0,112,296,0,300,112,154
"E31014","E31014","E31014",123,112,2,122,47,0,48,125,0,126,48,73
"E31015","E31015","E31015",226,203,5,226,80,0,83,219,0,227,83,126
"E31016","E31016","E31016",228,200,3,228,87,0,88,227,0,230,88,127
"E31017","E31017","E31017",163,149,1,161,64,1,67,149,6,159,67,92
"E31018","E31018","E31018",286,274,1,285,112,2,117,288,2,293,115,158
"E31019","E31019","E31019",214,206,2,214,83,0,86,214,0,218,84,110
"E31020","E31020","E31020",1014,894,14,1001,351,3,357,985,5,1003,357,486
"E31021","E31021","E31021",164,142,3,163,76,1,77,165,1,166,77,94
"E31022","E31022","E31022",197,178,2,196,66,0,68,196,0,199,67,76
"E31023","E31023","E31023",469,413,10,466,180,6,186,467,12,479,188,241
"E31024","E31024","E31024",595,513,11,590,233,3,240,579,6,596,239,329
"E31025","E31025","E31025",677,603,15,672,258,3,261,667,9,676,264,408
"E31026","E31026","E31026",1604,1323,28,1574,584,50,638,1439,74,1525,643,1197
"E31028","E31028","E31028",564,512,7,563,202,0,205,567,0,570,202,264
"E31029","E31029","E31029",167,137,8,159,58,0,59,157,0,159,60,80
"E31030","E31030","E31030",309,287,2,304,106,1,110,300,1,304,108,137
"E31031/31027","E31031/31027","E31031/31027",211,190,0,209,80,0,80,225,0,225,82,115
"E31032","E31032","E31032",218,185,12,218,80,2,83,217,2,221,82,105
"E31033","E31033","E31033",299,267,3,295,108,1,110,301,1,303,110,134
"E31034","E31034","E31034",636,552,11,636,222,2,228,628,3,643,229,276
"E31035","E31035","E31035",443,391,1,421,138,1,141,402,1,412,141,167
"E31036","E31036","E31036",2064,1699,66,2046,788,47,848,1925,66,2025,851,1123
"E31037","E31037","E31037",475,408,5,473,154,0,157,471,0,475,156,191
"E31038","E31038","E31038",1237,1075,24,1226,469,12,490,1210,20,1256,490,629
"E31039","E31039","E31039",347,314,3,347,125,0,125,362,0,362,125,148
"E31040","E31040","E31040",235,207,2,233,86,1,88,236,1,239,88,104
"E31041","E31041","E31041",1702,1495,61,1684,589,24,622,1639,46,1705,632,774
"E31042","E31042","E31042",692,617,16,683,254,0,255,694,0,695,258,282
"E31043","E31043","E31043",682,605,8,665,220,0,222,655,0,661,223,264
"E31044","E31044","E31044",907,747,16,887,364,6,370,878,10,888,374,735
"E31045","E31045","E31045",573,496,10,571,211,2,217,581,2,588,214,287
"E31046","E31046","E31046",2742,2216,112,2728,896,110,1027,2521,174,2763,1029,1381
"E31047","E31047","E31047",724,661,8,713,280,5,285,722,7,729,286,322
"E31048","E31048","E31048",1893,1579,57,1803,648,16,667,1671,27,1705,673,845
"E31049","E31049","E31049",293,252,2,292,104,0,109,289,0,299,107,133
"E31050","E31050","E31050",390,333,7,387,143,0,143,401,0,401,143,171
"E31051","E31051","E31051",236,207,3,234,81,1,83,240,1,243,82,95
"E31052","E31052","E31052",2161,1874,69,2136,770,11,792,2130,15,2185,796,894
"E31053","E31053","E31053",3690,3078,121,3636,1288,87,1386,3490,150,3665,1394,1657
"E31054","E31054","E31054",432,392,11,431,160,2,164,437,3,443,163,216
"E31055","E31055","E31055",388,342,1,387,116,0,121,333,0,356,116,140
"E31056","E31056","E31056",864,731,35,854,292,4,298,849,4,861,299,353
"E31057","E31057","E31057",1475,1263,26,1466,494,8,505,1459,15,1487,506,620
"E31058","E31058","E31058",610,505,14,606,219,0,227,597,0,615,228,308
"E31059","E31059","E31059",689,600,16,688,251,4,259,687,5,703,259,320
"E31060","E31060","E31060",193,171,3,191,69,0,71,191,0,196,70,120
"E31061","E31061","E31061",240,226,0,240,80,0,80,239,0,239,80,106
"E31062","E31062","E31062",485,403,8,479,179,0,184,481,0,489,183,254
"E31063","E31063","E31063",752,615,21,743,284,9,295,738,15,757,297,413
"E31064","E31064","E31064",257,214,11,255,101,1,102,261,4,265,102,167
"E31065","E31065","E31065",196,171,0,194,72,0,72,189,0,189,73,88
"E31066","E31066","E31066",597,492,26,586,221,0,223,587,0,591,224,304
"E31067/31069","E31067/31069","E31067/31069",162,153,0,162,59,0,60,158,0,160,60,83
"E31068","E31068","E31068",114,102,3,113,45,0,46,114,0,115,45,66
"E31070","E31070","E31070",173,154,4,173,64,1,65,176,1,177,65,81
"E31072","E31072","E31072",320,297,3,319,121,0,122,327,0,328,122,170
"E31073","E31073","E31073",1331,1093,47,1327,478,6,490,1327,8,1352,491,635
"E31074","E31074","E31074",204,160,11,200,73,0,74,201,0,202,75,99
"E31075","E31075","E31075",224,185,8,222,82,0,83,227,0,228,82,109
"E31076","E31076","E31076",223,193,0,223,75,0,75,228,0,228,76,101
"E31077","E31077","E31077",365,315,6,359,129,0,129,367,0,367,129,159
"E31078/31071","E31078/31071","E31078/31071",352,299,6,349,133,0,134,351,0,356,136,178
"E31079","E31079","E31079",118,95,2,118,43,0,47,104,0,118,46,56
"E31080","E31080","E31080",269,247,2,264,89,0,89,264,0,264,90,123
"E31081","E31081","E31081",349,312,4,344,119,0,120,348,0,351,122,157
"E31082","E31082","E31082",2827,2278,102,2805,1008,53,1081,2666,79,2784,1081,1442
"E32001","E32001","E32001",3770,2624,324,3739,1235,304,1566,3165,484,3701,1569,1970
"E32002","E32002","E32002",4005,3528,86,3985,1413,59,1490,3834,115,4004,1492,1822
"E32003","E32003","E32003",569,519,5,565,188,0,188,567,0,567,190,255
"E32004","E32004","E32004",614,552,8,609,193,0,196,614,0,623,195,238
"E32005","E32005","E32005",447,398,8,446,140,1,143,459,1,462,142,177
"E32006","E32006","E32006",457,409,22,456,142,1,143,452,3,455,143,163
"E32007","E32007","E32007",445,380,12,441,154,0,155,447,0,448,154,209
"E32008","E32008","E32008",3335,2675,72,3243,1090,45,1151,3125,93,3261,1151,1337
"E32009","E32009","E32009",403,347,1,400,130,2,132,404,4,408,133,155
"E32010","E32010","E32010",2221,1892,63,2210,733,12,752,2183,27,2228,750,887
"E32011","E32011","E32011",1262,962,82,1226,423,11,444,1194,27,1246,446,560
"E32012","E32012","E32012",406,391,0,405,133,1,137,401,1,410,136,183
"E32013","E32013","E32013",618,557,5,618,200,0,204,615,0,624,202,245
"E32014","E32014","E32014",536,477,11,534,184,0,191,537,0,552,185,225
"E32015","E32015","E32015",1553,974,35,1535,528,65,600,1427,101,1537,606,881
"E32016","E32016","E32016",245,209,2,244,97,0,97,247,0,247,97,121
"E32017","E32017","E32017",587,479,9,579,212,6,221,579,9,593,221,295
"E32019","E32019","E32019",165,121,0,154,61,0,61,159,0,159,64,126
"E32020","E32020","E32020",211,168,6,211,77,0,78,216,0,217,77,107
"E32021","E32021","E32021",130,113,3,130,52,0,52,136,0,136,52,65
"E32022","E32022","E32022",142,117,1,140,50,0,50,145,0,145,50,70
"E32023","E32023","E32023",111,95,3,110,39,0,39,111,0,111,40,66
"E32024","E32024","E32024",291,244,7,291,103,0,103,298,0,298,103,128
"E32025/32028","E32025/32028","E32025/32028",185,153,1,182,69,1,71,180,1,182,72,104
"E32026","E32026","E32026",375,251,4,368,146,4,151,373,5,379,151,231
"E32027/32018","E32027/32018","E32027/32018",332,272,3,324,136,1,140,326,2,335,140,211
"E32029","E32029","E32029",3238,2232,288,3218,965,50,1072,3036,117,3298,1073,1249
"E32030","E32030","E32030",901,769,15,889,287,3,296,886,9,906,295,362
"E32031","E32031","E32031",970,838,30,969,324,1,329,944,1,955,328,396
"E32032","E32032","E32032",631,569,15,630,195,9,204,568,12,580,205,240
"E32033","E32033","E32033",1129,990,25,1125,354,4,365,1143,5,1165,364,435
"E32034","E32034","E32034",4400,3600,150,4357,1480,62,1569,4197,110,4360,1568,1846
"E32035","E32035","E32035",866,576,19,756,238,9,249,686,15,704,250,327
"E32036","E32036","E32036",959,799,19,936,336,13,356,902,15,941,362,481
"E32037","E32037","E32037",358,312,3,356,120,0,123,350,0,353,123,153
"E32038","E32038","E32038",434,404,2,433,142,0,144,436,0,438,142,182
"E32039","E32039","E32039",1056,917,42,1056,378,10,393,1047,20,1080,394,463
"E32040","E32040","E32040",828,724,24,809,249,4,263,769,5,793,263,332
"E32041","E32041","E32041",1529,1267,53,1519,523,34,565,1468,61,1549,567,678
"E32042","E32042","E32042",1504,1099,65,1492,582,84,677,1342,144,1517,681,951
"E32043","E32043","E32043",212,195,0,212,70,1,72,207,1,209,72,90
"E32044","E32044","E32044",470,417,11,464,177,1,180,474,1,478,181,217
"E32045","E32045","E32045",532,496,10,530,190,1,192,538,1,544,193,238
"E32046","E32046","E32046",400,349,4,400,137,0,141,411,0,415,138,173
"E32047","E32047","E32047",300,259,3,300,101,0,103,303,0,305,101,123
"E32048","E32048","E32048",8273,5744,719,8144,2404,219,2659,6966,470,7565,2665,3223
"E32049","E32049","E32049",853,774,15,851,256,1,262,857,1,872,260,300
"E32050","E32050","E32050",1087,957,17,1083,369,4,381,1072,6,1090,379,447
"E32051","E32051","E32051",1598,1271,55,1584,658,33,700,1527,53,1594,700,916
"E32052","E32052","E32052",267,232,3,263,91,1,95,268,1,275,95,115
"E32053","E32053","E32053",443,398,2,429,160,1,163,434,1,440,166,188
"E32054","E32054","E32054",541,501,4,536,181,0,184,543,0,547,183,252
"E32055","E32055","E32055",697,643,11,694,228,2,233,683,2,698,232,277
"E32056","E32056","E32056",393,349,8,393,121,1,126,385,1,403,125,156
"E32057","E32057","E32057",705,626,16,701,236,3,246,695,5,718,244,280
"E32058","E32058","E32058",433,391,5,429,149,0,151,433,0,435,153,183
"E32059","E32059","E32059",612,549,13,610,209,1,214,608,4,621,214,261
"E32060","E32060","E32060",528,468,3,524,178,0,182,520,0,527,180,208
"E32061","E32061","E32061",524,483,6,524,179,0,181,539,0,545,180,214
"E32062","E32062","E32062",550,488,9,547,190,1,192,565,1,567,191,225
"E32063","E32063","E32063",485,416,5,482,147,0,149,418,0,422,149,179
"E32064","E32064","E32064",546,418,11,521,180,4,188,514,6,527,196,391
"E32065","E32065","E32065",365,339,8,365,123,0,126,360,0,366,125,158
"E32066","E32066","E32066",1153,962,34,1142,419,4,429,1128,10,1161,434,566
"E32067","E32067","E32067",602,544,14,592,204,1,205,611,1,612,205,258
"E32068","E32068","E32068",1118,851,29,1108,392,7,408,1081,14,1119,411,507
"E32069","E32069","E32069",464,434,1,461,153,0,155,458,0,466,155,179
"E32070","E32070","E32070",472,434,5,467,152,0,155,469,0,480,157,187
"E32071","E32071","E32071",494,462,5,490,158,1,161,493,2,498,161,194
"E32072","E32072","E32072",351,282,9,349,143,1,144,358,2,360,145,177
"E32073","E32073","E32073",1744,1447,55,1736,567,1,575,1747,1,1766,576,633
"E32074","E32074","E32074",421,386,2,419,163,0,163,425,0,425,164,184
"E32075","E32075","E32075",447,367,7,440,143,3,152,418,8,440,153,188
"E32076","E32076","E32076",165,152,1,165,60,0,62,170,0,173,61,83
"E32077","E32077","E32077",766,695,23,765,259,2,268,768,4,784,265,335
"E32078","E32078","E32078",462,414,4,455,167,0,167,467,0,467,168,194
"E32079","E32079","E32079",277,253,0,277,94,0,94,283,0,283,94,119
"E32080","E32080","E32080",757,700,7,756,265,0,269,767,0,774,269,332
"E32081","E32081","E32081",85,77,1,85,35,1,36,87,1,88,37,54
"E32083","E32083","E32083",154,117,6,149,57,3,62,136,6,144,62,104
"E32084/32082","E32084/32082","E32084/32082",142,133,0,139,50,0,51,137,0,138,50,71
"E32085","E32085","E32085",319,254,3,317,71,0,72,215,0,216,71,121
"E32086/32087","E32086/32087","E32086/32087",137,109,3,137,47,0,49,133,0,136,49,67
"E32088","E32088","E32088",331,248,2,323,132,5,142,287,7,300,142,253
"E32089","E32089","E32089",586,540,6,586,178,2,186,569,3,592,186,225
"E32090","E32090","E32090",427,395,6,423,137,1,143,413,2,430,143,172
"E32091","E32091","E32091",323,292,6,322,108,1,114,314,4,326,112,143
"E32092","E32092","E32092",338,317,6,337,124,1,126,347,1,349,126,164
"E32093","E32093","E32093",609,542,10,604,222,6,231,607,13,628,231,335
"E33001","E33001","E33001",3396,2386,64,3263,1194,135,1351,3035,198,3292,1361,1768
"E33002","E33002","E33002",1718,1182,63,1630,620,50,690,1456,84,1579,702,1616
"E33003","E33003","E33003",2199,1308,216,2082,525,496,1031,1154,825,2003,1058,1616
"E33004","E33004","E33004",687,581,15,677,259,4,269,652,7,675,267,598
"E33005","E33005","E33005",1629,1352,21,1613,577,3,591,1621,4,1654,590,816
"E33006","E33006","E33006",1770,1454,44,1747,674,60,752,1525,92,1655,756,1101
"E33007","E33007","E33007",997,731,23,984,360,2,368,986,3,1012,370,566
"E33008","E33008","E33008",374,280,7,372,145,1,148,381,1,388,146,198
"E33009","E33009","E33009",437,376,8,435,135,0,141,428,0,446,139,171
"E33010","E33010","E33010",254,151,1,224,80,0,83,225,0,229,83,109
"E33011","E33011","E33011",669,548,9,666,242,1,249,664,3,676,243,354
"E33012","E33012","E33012",165,141,2,165,67,1,71,149,5,165,70,104
"E33013","E33013","E33013",399,325,6,395,146,1,147,399,3,402,148,205
"E33014","E33014","E33014",848,721,19,841,291,0,295,862,0,878,297,353
"E33015","E33015","E33015",310,267,2,308,109,0,112,302,0,310,109,154
"E33016","E33016","E33016",4027,3153,106,3863,1422,72,1522,3676,123,3860,1529,1991
"E33017","E33017","E33017",899,781,10,882,324,11,344,845,24,885,346,544
"E33018","E33018","E33018",517,421,5,516,202,4,213,512,5,530,212,288
"E33019","E33019","E33019",75,49,2,74,28,0,29,72,0,75,28,37
"E33020","E33020","E33020",226,197,3,224,71,1,73,230,1,232,73,90
"E33021","E33021","E33021",755,664,11,748,272,2,279,743,5,756,277,417
"E33022","E33022","E33022",792,682,15,785,273,4,280,736,6,749,281,377
"E33023","E33023","E33023",289,157,11,207,54,2,56,140,2,142,56,84
"E33024","E33024","E33024",390,270,4,384,159,2,161,391,4,395,161,238
"E33025","E33025","E33025",1634,1382,43,1621,589,7,606,1619,15,1660,610,855
"E33026","E33026","E33026",323,260,5,316,113,1,116,321,1,329,116,160
"E33027","E33027","E33027",123,83,5,121,48,0,48,122,0,122,49,66
"E33028","E33028","E33028",609,525,11,602,193,1,198,602,1,613,201,264
"E33029","E33029","E33029",723,552,8,665,230,3,237,614,5,630,243,791
"E33030","E33030","E33030",277,237,3,276,101,0,102,277,0,278,103,144
"E33031","E33031","E33031",740,582,13,730,287,6,299,710,15,742,302,495
"E33032","E33032","E33032",1952,1535,28,1937,776,16,810,1903,24,1962,814,1293
"E33033","E33033","E33033",227,196,4,226,82,0,83,233,0,234,83,125
"E33034","E33034","E33034",925,707,14,882,339,4,344,877,10,888,354,886
"E33035","E33035","E33035",693,554,6,688,274,1,279,718,1,726,277,453
"E33036","E33036","E33036",1608,1279,16,1589,623,10,645,1584,19,1623,646,1036
"E33037","E33037","E33037",2750,2031,67,2706,1039,26,1082,2645,44,2732,1093,1794
"E33038","E33038","E33038",1288,1039,18,1280,479,6,492,1275,12,1312,497,948
"E33039","E33039","E33039",2196,1604,44,2164,849,7,871,2178,11,2226,886,1493
"E33040","E33040","E33040",469,318,27,462,196,2,205,449,5,472,204,415
"E33041","E33041","E33041",1175,928,16,1144,429,30,465,1102,46,1159,470,705
"E33042","E33042","E33042",155,135,1,155,57,0,59,156,0,161,58,97
"E33043","E33043","E33043",120,114,0,117,47,0,48,119,0,120,48,87
"E33044","E33044","E33044",350,301,7,345,122,0,122,352,0,352,123,231
"E33045","E33045","E33045",635,526,7,620,245,3,252,621,10,645,258,693
"E33046","E33046","E33046",88,71,0,87,37,0,37,87,0,87,37,62
"E33047","E33047","E33047",1886,1494,36,1870,719,42,781,1774,51,1867,792,1131
"E33048","E33048","E33048",280,252,2,280,104,0,109,274,0,289,108,149
"E33049","E33049","E33049",738,634,17,728,279,1,285,725,3,736,288,486
"E33050","E33050","E33050",666,580,8,655,237,7,254,642,9,668,254,390
"E33051","E33051","E33051",158,137,0,155,56,0,60,142,0,155,60,116
"E33052","E33052","E33052",1443,1226,18,1424,550,19,576,1404,29,1450,580,845
"E33053","E33053","E33053",157,132,3,156,61,0,61,155,0,155,62,119
"E33054","E33054","E33054",90,81,1,89,35,1,38,81,4,88,37,80
"E33055","E33055","E33055",677,590,9,663,253,13,270,648,15,673,274,453
"E33056","E33056","E33056",345,297,7,334,145,1,148,339,2,344,152,300
"E33057","E33057","E33057",2293,1983,27,2271,803,29,842,2180,50,2251,846,1095
"E33058","E33058","E33058",557,493,10,554,211,1,216,554,4,569,217,334
"E33059","E33059","E33059",636,499,7,633,264,2,271,639,4,652,272,537
"E33060","E33060","E33060",287,233,8,274,105,0,105,291,0,291,108,221
"E33061","E33061","E33061",761,599,14,752,287,1,288,760,1,761,291,529
"E33062","E33062","E33062",376,316,3,355,139,4,145,347,10,359,151,261
"E33063","E33063","E33063",214,188,0,214,83,0,86,217,0,223,86,136
"E33064","E33064","E33064",1440,1106,13,1397,595,3,607,1415,5,1438,624,1174
"E33065","E33065","E33065",120,104,3,120,43,0,45,114,0,116,44,68
"E33066","E33066","E33066",720,573,10,691,256,2,260,688,8,704,267,504
"E33067","E33067","E33067",1381,1114,14,1345,436,4,442,1365,4,1372,449,739
"E33068","E33068","E33068",1312,748,10,1270,427,5,437,1265,10,1292,446,519
"E33069","E33069","E33069",3836,2844,73,3774,1284,12,1317,3766,19,3837,1332,1616
"E33070","E33070","E33070",1310,785,15,1261,443,5,458,1265,7,1295,465,572
"E33071","E33071","E33071",2339,1866,63,2310,845,37,900,2257,54,2363,909,1246
"E33072","E33072","E33072",886,755,13,881,308,3,317,889,4,910,314,439
"E33073","E33073","E33073",705,526,23,692,247,0,248,701,0,705,249,340
"E33074","E33074","E33074",1356,879,15,1332,433,7,449,1313,14,1352,452,512
"E33075","E33075","E33075",935,734,7,914,335,0,340,904,0,918,347,614
"E33076","E33076","E33076",713,563,13,702,242,0,244,712,0,716,247,373
"E33077","E33077","E33077",688,546,6,671,232,2,240,650,8,674,244,418
"E33078","E33078","E33078",1697,1135,22,1614,539,32,573,1518,45,1566,608,828
"E33079","E33079","E33079",730,603,5,725,241,0,244,728,0,741,245,301
"E33080","E33080","E33080",827,673,6,826,279,1,288,821,5,843,286,406
"E33081","E33081","E33081",1184,937,26,1175,393,18,418,1076,32,1126,417,548
"E33082","E33082","E33082",1016,717,18,979,355,10,369,1000,18,1026,381,768
"E33083","E33083","E33083",865,717,12,859,282,1,284,869,2,873,286,355
"E33084","E33084","E33084",461,327,6,438,143,2,148,427,5,441,156,195
"E33085","E33085","E33085",2089,943,26,2035,696,24,742,2005,28,2090,757,915
"E33086","E33086","E33086",1793,927,4,1745,634,3,646,1747,8,1779,653,745
"E33087","E33087","E33087",668,575,7,660,234,8,249,648,10,675,254,423
"E33088","E33088","E33088",866,708,3,849,263,1,269,845,2,863,269,333
"E33089","E33089","E33089",2366,1703,45,2300,842,77,922,2211,118,2341,941,1336
"E33090","E33090","E33090",996,807,7,992,322,27,357,958,31,1009,357,422
"E33091","E33091","E33091",935,585,7,874,282,1,289,841,1,852,294,418
"E33092","E33092","E33092",1288,1106,24,1276,421,4,430,1247,9,1270,434,621
"E33093","E33093","E33093",675,424,9,671,236,0,242,670,0,685,242,308
"E33094","E33094","E33094",296,245,0,293,121,0,124,295,0,298,121,173
"E33095","E33095","E33095",1001,572,17,976,331,6,343,976,10,1003,346,440
"E33096","E33096","E33096",2332,1751,98,2324,800,18,831,2286,37,2355,831,967
"E33097","E33097","E33097",3477,2755,104,3439,1216,9,1232,3461,18,3492,1238,1426
"E33098","E33098","E33098",379,308,6,377,129,1,131,377,1,380,131,175
"E33099","E33099","E33099",1598,1274,55,1591,519,31,553,1560,51,1618,555,641
"E33100","E33100","E33100",1657,1290,73,1649,521,10,540,1642,19,1691,541,642
"E33101","E33101","E33101",186,156,4,185,64,0,64,196,0,196,64,84
"E33102","E33102","E33102",1191,968,39,1184,391,4,400,1176,7,1201,400,439
"E33103","E33103","E33103",521,461,11,517,164,0,167,520,0,526,167,185
"E33104","E33104","E33104",1026,900,8,1020,312,4,326,1000,8,1034,323,373
"E33105","E33105","E33105",11398,8155,1080,11135,3898,283,4258,10250,413,10882,4313,5275
"E33106","E33106","E33106",1720,1502,12,1715,487,3,513,1648,4,1721,501,557
"E33107","E33107","E33107",1214,954,19,1193,409,5,423,1179,10,1213,426,520
"E33108","E33108","E33108",94,81,0,94,34,0,34,96,0,96,34,36
"E33109","E33109","E33109",985,851,23,981,315,0,318,986,0,992,317,361
"E33110","E33110","E33110",643,547,7,641,205,0,207,601,0,604,208,267
"E33111","E33111","E33111",895,727,19,883,320,18,348,862,23,909,348,655
"E33112","E33112","E33112",832,681,11,815,287,1,291,817,1,829,291,489
"E33113","E33113","E33113",575,512,6,569,206,1,215,568,4,588,211,325
"E33114","E33114","E33114",520,444,4,508,190,3,197,510,3,519,199,413
"E33115","E33115","E33115",395,353,1,392,147,1,150,383,4,393,149,287
"E33116","E33116","E33116",241,181,3,236,102,1,104,236,2,241,104,265
"E33117","E33117","E33117",494,418,5,490,166,1,168,487,1,492,169,209
"E33118","E33118","E33118",299,255,4,294,120,0,123,296,0,303,123,392
"E33119","E33119","E33119",102,84,1,102,38,0,38,100,0,100,38,66
"E33120","E33120","E33120",1491,1232,23,1481,498,31,535,1429,36,1483,535,617
"E33121","E33121","E33121",282,213,4,278,103,0,103,282,0,282,105,201
"E33122","E33122","E33122",303,262,6,301,98,0,101,304,0,314,100,124
"E33123","E33123","E33123",1613,1308,33,1602,581,22,607,1574,33,1611,608,803
"E33124","E33124","E33124",2409,1961,56,2371,834,32,886,2273,59,2394,896,1120
"E33125","E33125","E33125",852,656,11,809,320,4,327,802,9,814,337,809
"E33126","E33126","E33126",867,653,16,823,297,1,304,759,2,776,310,900
"E33127","E33127","E33127",260,225,2,256,95,0,99,253,0,261,99,136
"E33128","E33128","E33128",512,452,5,511,175,0,178,514,0,517,176,231
"E33129","E33129","E33129",398,365,2,395,138,0,143,395,0,407,141,181
"E33130","E33130","E33130",1226,987,12,1216,441,12,462,1181,19,1228,464,559
"E33131","E33131","E33131",925,807,8,916,296,1,302,917,4,929,302,389
"E33132","E33132","E33132",653,531,5,651,230,0,234,658,0,665,233,271
"E33133","E33133","E33133",1374,1070,2,1360,480,6,494,1348,12,1378,497,560
"E33134","E33134","E33134",2173,1652,53,2144,757,45,816,2029,70,2134,820,971
"E33135","E33135","E33135",2420,2052,25,2405,827,17,862,2282,41,2369,860,1013
"E33136","E33136","E33136",1071,867,28,1063,384,2,390,1073,5,1088,392,475
"E33137","E33137","E33137",457,373,2,457,162,0,162,466,0,466,162,187
"E33138","E33138","E33138",1031,861,14,1025,352,1,360,1017,2,1037,363,430
"E33139","E33139","E33139",1570,1298,12,1559,508,2,512,1569,6,1578,513,602
"E33140","E33140","E33140",372,299,3,367,119,1,122,361,2,370,123,151
"E33141","E33141","E33141",1128,932,11,1108,419,3,429,1100,4,1124,427,509
"E33142","E33142","E33142",1809,1467,28,1788,597,20,621,1772,30,1812,624,717
"E33143","E33143","E33143",414,352,2,411,137,0,141,405,0,415,141,158
"E33144","E33144","E33144",127,116,0,124,40,0,40,127,0,127,41,49
"E33145","E33145","E33145",1466,1267,13,1459,535,20,568,1426,28,1481,569,710
"E33146","E33146","E33146",1343,1058,6,1324,470,12,501,1281,25,1352,502,598
"E33147","E33147","E33147",4524,3503,125,4367,1566,93,1685,4126,124,4310,1693,2127
"E33148","E33148","E33148",802,648,2,794,261,0,266,801,0,809,265,301
"E33149","E33149","E33149",606,437,4,598,192,0,193,603,0,605,197,244
"E34001","E34001","E34001",2085,1457,103,2062,767,102,890,1878,169,2092,894,1037
"E34002","E34002","E34002",883,561,61,870,288,127,423,623,224,863,424,564
"E34003","E34003","E34003",904,606,51,892,370,21,403,830,44,911,403,579
"E34004","E34004","E34004",2410,1243,158,2333,615,355,988,1527,703,2270,993,1263
"E34005","E34005","E34005",918,800,17,907,291,0,300,887,0,913,299,352
"E34006","E34006","E34006",701,634,3,701,222,1,226,713,1,719,225,260
"E34007","E34007","E34007",3913,2955,171,3891,1317,47,1396,3782,83,3959,1394,1606
"E34008","E34008","E34008",292,246,4,288,100,1,103,290,4,299,102,130
"E34009","E34009","E34009",756,675,9,755,214,1,218,641,1,648,215,240
"E34010","E34010","E34010",685,610,14,685,210,0,215,694,0,717,214,240
"E34011","E34011","E34011",509,455,5,509,163,0,166,517,0,522,166,193
"E34012","E34012","E34012",462,405,6,458,151,0,156,456,0,464,156,183
"E34013","E34013","E34013",693,598,11,691,228,0,232,696,0,707,231,265
"E34014","E34014","E34014",683,623,6,682,229,0,237,676,0,694,233,253
"E34015","E34015","E34015",1050,885,10,1047,355,3,370,1026,3,1058,369,413
"E34016","E34016","E34016",615,481,2,605,190,1,200,593,1,618,201,230
"E34017","E34017","E34017",645,554,7,636,202,0,207,632,0,643,208,235
"E34018","E34018","E34018",640,568,8,633,206,2,210,631,5,640,213,247
"E34019","E34019","E34019",448,410,6,445,150,0,156,441,0,452,153,192
"E34020","E34020","E34020",580,439,11,578,203,1,206,583,1,589,205,243
"E34021","E34021","E34021",1533,1187,26,1522,565,0,574,1502,0,1524,573,635
"E34022","E34022","E34022",286,214,20,283,124,29,156,244,47,296,156,281
"E34023","E34023","E34023",267,244,3,267,73,4,79,263,5,270,77,96
"E34024","E34024","E34024",787,632,5,780,246,0,253,769,0,788,252,299
"E34025","E34025","E34025",659,513,9,654,215,5,225,653,7,673,223,252
"E34026","E34026","E34026",337,275,4,337,109,1,113,325,1,335,113,127
"E34027","E34027","E34027",3679,2744,89,3665,1262,62,1352,3514,90,3686,1355,1473
"E34028","E34028","E34028",723,502,9,713,240,3,251,701,8,732,253,287
"E34029","E34029","E34029",623,577,5,623,200,1,206,618,5,638,205,230
"E34030","E34030","E34030",1175,1030,8,1165,387,1,395,1160,1,1181,397,463
"E34031","E34031","E34031",422,383,1,418,145,0,149,410,0,421,148,172
"E34032","E34032","E34032",564,484,7,561,188,5,196,544,11,562,197,230
"E34033","E34033","E34033",350,251,4,350,124,1,132,357,4,369,127,151
"E34034","E34034","E34034",342,297,7,334,105,0,107,338,0,341,110,132
"E34035","E34035","E34035",376,330,11,368,112,0,114,349,0,352,114,149
"E34036","E34036","E34036",1563,1183,29,1542,559,2,573,1516,3,1545,570,650
"E34037","E34037","E34037",518,478,4,514,170,0,175,499,0,512,174,205
"E34038","E34038","E34038",676,556,4,666,237,0,241,678,0,684,242,305
"E34039","E34039","E34039",681,601,5,676,237,3,241,684,3,688,241,301
"E34040","E34040","E34040",190,166,2,189,62,0,64,188,0,192,63,81
"E34041","E34041","E34041",113,88,0,113,37,0,37,114,0,114,38,51
"E34042","E34042","E34042",345,312,5,341,121,0,121,350,0,350,122,149
"E34043","E34043","E34043",206,188,2,205,64,0,65,203,0,210,65,78
"E34044","E34044","E34044",396,342,2,391,132,0,134,394,0,396,134,163
"E34045","E34045","E34045",830,706,8,822,285,6,295,818,12,835,301,354
"E34046","E34046","E34046",397,312,18,396,132,3,135,400,3,403,135,150
"E34047","E34047","E34047",1162,926,9,1150,363,3,368,1172,4,1182,370,426
"E34048","E34048","E34048",1520,1156,135,1515,464,9,481,1306,15,1342,480,543
"E34049","E34049","E34049",304,235,8,304,94,1,97,297,1,304,97,115
"E34050","E34050","E34050",496,437,10,490,164,0,165,509,0,510,164,192
"E34051","E34051","E34051",987,794,10,975,318,1,323,974,5,991,323,366
"E34052","E34052","E34052",452,352,6,449,159,0,159,466,0,466,160,187
"E34053","E34053","E34053",756,592,11,749,236,7,246,741,15,764,246,297
"E34054","E34054","E34054",284,215,3,281,98,1,101,278,5,287,102,114
"E34055","E34055","E34055",670,579,8,669,219,1,222,671,3,680,220,238
"E34056","E34056","E34056",997,826,14,994,346,3,357,987,3,1011,357,417
"E34057","E34057","E34057",1218,869,25,1208,420,12,439,1195,37,1243,439,492
"E34058","E34058","E34058",495,388,4,489,164,0,165,501,0,505,165,185
"E34059","E34059","E34059",506,387,4,503,152,1,154,512,2,516,155,182
"E34060","E34060","E34060",952,599,19,835,298,0,306,800,0,820,310,389
"E34061","E34061","E34061",575,518,5,572,185,5,192,567,13,586,191,215
"E34062","E34062","E34062",508,438,3,499,180,1,185,500,1,509,184,210
"E34063","E34063","E34063",6199,4342,199,6134,2148,56,2245,6001,113,6227,2247,2488
"E34064","E34064","E34064",912,757,20,899,286,2,300,887,4,920,297,334
"E34065","E34065","E34065",1147,984,16,1136,370,4,377,1155,8,1168,381,422
"E34066","E34066","E34066",220,177,3,218,70,1,75,212,1,225,76,88
"E34067","E34067","E34067",657,529,15,650,213,3,220,651,5,666,218,264
"E34068","E34068","E34068",922,772,10,917,308,1,314,933,3,954,312,373
"E34069","E34069","E34069",889,674,15,882,289,1,295,905,2,920,296,334
"E34070","E34070","E34070",648,576,2,647,210,2,218,640,2,657,218,251
