ed2011_ed11form,ed2011_ed11form-2,ed2011_ed11form-3,l0101104,l020100,l020105,l020106,l020107,l060100,l060101,l060105,l060106,l060107,l060111,l060800,l060802
E01001,E01001,E01001,4181,3236,243,0,4070,1300,372,1765,3115,614,3917,1805,2391
E01002,E01002,E01002,1272,1068,40,0,1260,436,74,543,1065,119,1243,550,744
E01003,E01003,E01003,560,518,8,0,559,180,3,191,536,8,560,188,218
E01004,E01004,E01004,1091,1010,11,0,1083,367,6,384,1063,11,1103,384,471
E01005,E01005,E01005,259,246,2,0,259,86,2,92,253,7,269,92,106
E01006,E01006,E01006,327,303,1,0,327,120,1,121,349,1,350,121,140
E01007,E01007,E01007,662,605,11,0,662,232,1,240,661,1,671,240,292
E01008,E01008,E01008,838,756,7,0,837,308,2,313,846,2,853,313,363
E01009,E01009,E01009,338,313,6,0,335,114,1,115,343,1,344,116,135
E01010,E01010,E01010,297,272,6,0,297,103,1,105,298,3,303,105,129
E01011,E01011,E01011,382,361,5,0,382,123,0,123,385,0,385,123,140
E01012,E01012,E01012,1005,911,13,0,994,339,5,349,995,6,1009,347,375
E01013,E01013,E01013,559,510,12,0,558,184,2,187,568,5,574,186,213
E01014,E01014,E01014,710,605,17,0,708,220,5,228,666,13,686,229,264
E01015,E01015,E01015,427,390,6,0,426,141,0,144,433,0,436,141,156
E01016,E01016,E01016,329,313,4,0,329,117,0,118,331,0,335,118,126
E01017,E01017,E01017,1041,876,25,0,1038,358,7,368,953,13,975,369,440
E01018,E01018,E01018,465,423,10,0,462,158,0,160,466,0,472,161,177
E01019,E01019,E01019,13947,10799,670,0,13836,4718,142,4993,13196,264,13821,5039,5660
E01020,E01020,E01020,996,914,13,0,994,320,1,336,968,2,1007,328,371
E01021,E01021,E01021,978,897,6,0,975,335,2,340,979,3,986,338,421
E01022,E01022,E01022,532,483,9,0,525,175,0,179,537,0,543,178,191
E01023,E01023,E01023,1067,862,20,0,1063,354,16,377,1049,35,1098,376,426
E01024,E01024,E01024,736,678,11,0,736,248,1,254,734,1,750,254,297
E01025,E01025,E01025,589,536,3,0,584,186,0,193,580,0,602,190,243
E01026,E01026,E01026,424,374,11,0,422,147,3,152,404,8,418,155,200
E01027,E01027,E01027,569,540,7,0,569,189,2,194,556,6,572,194,210
E01028,E01028,E01028,1001,916,15,0,993,325,7,334,999,10,1013,335,368
E01029,E01029,E01029,449,399,8,0,448,142,4,149,432,8,443,149,163
E01030,E01030,E01030,424,377,5,0,423,136,1,142,418,2,432,140,185
E01031,E01031,E01031,359,340,8,0,359,107,0,110,351,0,360,110,117
E01032,E01032,E01032,1558,1373,44,0,1546,515,28,561,1463,51,1555,562,678
E01033,E01033,E01033,646,599,9,0,642,215,4,223,642,6,653,220,248
E01034,E01034,E01034,2775,2374,61,0,2765,958,41,1016,2638,63,2752,1017,1202
E01035,E01035,E01035,606,541,5,0,605,194,0,196,609,0,613,196,222
E01036,E01036,E01036,867,824,3,0,863,263,3,271,865,5,882,269,304
E01037,E01037,E01037,569,517,7,0,567,166,5,179,544,9,567,179,207
E01038,E01038,E01038,114,97,4,0,113,49,0,49,112,0,112,49,70
E01039,E01039,E01039,432,398,3,0,430,122,2,126,396,2,411,126,136
E01040,E01040,E01040,1101,1013,8,0,1095,322,2,334,1082,5,1113,329,362
E01041,E01041,E01041,273,248,3,0,273,78,4,86,264,5,278,86,96
E01042,E01042,E01042,525,471,15,0,523,162,1,164,538,3,544,164,189
E01043,E01043,E01043,527,485,5,0,520,179,0,183,518,0,526,182,193
E01044,E01044,E01044,438,383,10,0,430,137,0,141,422,0,436,141,162
E01045,E01045,E01045,434,406,8,0,434,145,2,149,435,4,441,147,161
E01046,E01046,E01046,582,510,6,0,579,167,1,180,517,6,566,179,198
E01047,E01047,E01047,702,620,18,0,687,209,0,213,593,0,602,217,389
E01048,E01048,E01048,3414,2665,82,0,3404,1158,102,1303,3089,194,3394,1305,1678
E01049,E01049,E01049,279,257,1,0,279,93,0,97,272,0,278,96,118
E01050,E01050,E01050,206,185,1,0,206,66,0,67,200,0,206,67,90
E01051,E01051,E01051,365,331,2,0,362,123,0,124,369,0,370,124,161
E01052,E01052,E01052,341,317,3,0,334,111,1,114,330,1,333,115,128
E01053,E01053,E01053,367,345,0,0,361,118,1,121,361,2,366,121,129
E01054,E01054,E01054,677,584,7,0,654,233,6,240,648,9,659,242,312
E02001,E02001,E02001,1555,869,323,0,1517,441,186,672,1056,395,1545,677,796
E02002,E02002,E02002,3861,1906,770,0,3751,482,1015,1654,1071,2290,3604,1674,1969
E02003,E02003,E02003,4170,1874,794,0,3869,188,1568,1783,489,3298,3840,1825,2116
E02004,E02004,E02004,3218,2321,216,0,3009,868,317,1298,1912,673,2747,1307,1583
E02005,E02005,E02005,3037,2347,220,0,3008,1190,267,1538,2474,447,3035,1546,1800
E02006,E02006,E02006,10227,7821,687,0,10128,2173,1594,3883,6387,3429,10100,3897,4334
E02007,E02007,E02007,2560,2161,123,0,2540,885,146,1040,2276,272,2567,1041,1164
E02008,E02008,E02008,5395,4855,125,0,5372,1516,382,1925,4681,720,5468,1926,2173
E02009,E02009,E02009,3482,2836,180,0,3461,890,518,1490,2180,1126,3478,1495,1845
E02010,E02010,E02010,3349,1792,507,0,3016,812,454,1406,1879,884,2987,1429,1821
E02011,E02011,E02011,3442,2924,185,0,3433,865,324,1253,2538,740,3458,1256,1373
E02012,E02012,E02012,1805,1631,45,0,1786,612,67,700,1473,103,1608,703,787
E02013,E02013,E02013,3419,3054,111,0,3373,1199,61,1282,3094,93,3232,1287,1427
E02014,E02014,E02014,2494,2242,68,0,2472,889,63,965,2369,114,2509,966,1032
E02015,E02015,E02015,3678,2955,316,0,3670,792,527,1366,2550,1088,3756,1367,1660
E02016,E02016,E02016,4012,3521,80,0,3995,992,239,1357,3144,496,4037,1336,1460
E02017,E02017,E02017,5585,4734,185,0,5495,1333,538,1952,4143,1093,5481,1986,2196
E02018,E02018,E02018,2961,2484,128,0,2948,492,525,1120,1502,1215,2980,1126,1295
E02019,E02019,E02019,1582,1427,54,0,1560,592,1,598,1560,2,1581,600,631
E02020,E02020,E02020,2323,2158,35,0,2312,892,7,908,2311,8,2339,908,945
E02021,E02021,E02021,2467,2178,82,0,2449,980,11,1000,2443,20,2485,1002,1089
E02022,E02022,E02022,4805,3858,518,0,4774,1291,226,1542,3648,474,4197,1548,1632
E02023,E02023,E02023,3106,2689,109,0,3090,1041,211,1291,2595,408,3078,1295,1422
E02024,E02024,E02024,2149,1903,76,0,2142,708,3,722,2150,14,2193,722,757
E02025,E02025,E02025,2001,1726,66,0,1979,746,17,772,1951,38,2012,774,845
E02026,E02026,E02026,3437,2854,215,0,3409,1200,33,1265,3318,49,3423,1274,1380
E02027,E02027,E02027,3084,2542,211,0,3056,808,413,1258,2111,728,2911,1264,1446
E02028,E02028,E02028,3264,2582,207,0,3176,940,316,1368,2472,569,3191,1378,1641
E02029,E02029,E02029,1967,1427,184,0,1939,630,124,840,1592,198,1921,855,1057
E02030,E02030,E02030,5163,3473,697,0,5091,1390,714,2399,3578,1183,5172,2443,2865
E02031,E02031,E02031,3512,3017,163,0,3497,1323,95,1464,3186,208,3485,1472,1630
E02032,E02032,E02032,3631,2521,394,0,3583,1042,428,1684,2530,763,3579,1700,2028
E02033,E02033,E02033,1478,1380,25,0,1478,521,7,544,1453,7,1484,544,567
E02034,E02034,E02034,2513,2329,40,0,2508,886,126,1027,2366,157,2551,1031,1116
E02035,E02035,E02035,2699,2430,77,0,2689,988,41,1065,2540,78,2694,1065,1156
E02036,E02036,E02036,2725,2211,173,0,2698,802,228,1059,2206,459,2730,1062,1208
E02037,E02037,E02037,3301,2946,114,0,3284,1144,102,1295,3069,143,3280,1301,1410
E02038,E02038,E02038,6759,5724,287,0,6690,2074,581,2681,5732,1017,6805,2692,2987
E02039,E02039,E02039,3113,2684,140,0,3073,917,218,1145,2619,364,3001,1152,1276
E02040,E02040,E02040,2673,2221,108,0,2560,830,151,1022,2280,225,2566,1026,1155
E02041,E02041,E02041,1675,1454,65,0,1658,516,85,604,1411,147,1565,605,669
E02042,E02042,E02042,3436,3001,106,0,3420,1196,148,1365,3132,250,3440,1366,1541
E02043,E02043,E02043,2316,2098,59,0,2308,918,46,982,2243,55,2344,984,1084
E02044,E02044,E02044,3366,2676,207,0,3338,826,646,1528,2165,1077,3333,1539,1815
E02045,E02045,E02045,2066,1485,168,0,2033,688,211,948,1675,346,2090,952,1076
E02046,E02046,E02046,2324,2036,79,0,2312,885,40,933,2242,73,2334,933,1035
E02047,E02047,E02047,4571,3574,286,0,4500,1150,604,1829,3124,1178,4426,1841,2212
E02048,E02048,E02048,1526,1200,94,0,1513,358,341,739,849,605,1514,742,903
E02049,E02049,E02049,3191,2732,91,0,3092,1151,67,1241,2791,107,2942,1256,1453
E02050,E02050,E02050,2725,2480,76,0,2721,914,69,1005,2436,137,2626,1005,1063
E02051,E02051,E02051,3227,3041,32,0,3220,1043,25,1127,3043,53,3247,1121,1189
E02052,E02052,E02052,2809,2624,30,0,2807,896,109,1064,2562,149,2849,1065,1170
E02053,E02053,E02053,3247,2856,74,0,3231,1163,111,1314,2931,255,3281,1318,1443
E02054,E02054,E02054,2783,2605,36,0,2781,998,25,1058,2653,29,2788,1060,1139
E02055,E02055,E02055,3868,3253,128,0,3832,952,447,1435,2872,880,3811,1438,1688
E02056,E02056,E02056,2507,2378,11,0,2505,842,12,875,2445,24,2533,875,929
E02057,E02057,E02057,2311,2187,21,0,2310,770,31,832,2190,45,2331,832,867
E02058,E02058,E02058,5670,4907,226,0,5624,1875,229,2115,5112,389,5532,2164,2604
E02059,E02059,E02059,8948,7645,362,0,8904,2264,651,2976,7385,1442,8995,2979,3477
E02060,E02060,E02060,4565,3549,218,0,4513,960,736,1726,2985,1545,4610,1730,1936
E02061,E02061,E02061,3048,2814,50,0,3035,1057,9,1096,2985,22,3101,1096,1177
E02062,E02062,E02062,4105,3580,159,0,4079,1381,55,1468,3872,133,4088,1467,1534
E02063,E02063,E02063,2580,2285,70,0,2564,880,80,989,2371,147,2589,991,1056
E02064,E02064,E02064,2722,2464,48,0,2704,1024,31,1067,2659,35,2721,1067,1153
E02065,E02065,E02065,2684,2352,78,0,2655,952,55,1014,2561,98,2671,1014,1094
E02066,E02066,E02066,3951,2766,547,0,3876,569,333,1009,1224,728,2144,1034,1264
E02067,E02067,E02067,3368,1753,718,0,3197,648,708,1584,1424,1344,3156,1605,1980
E02068,E02068,E02068,2709,1674,566,0,2662,360,722,1168,770,1660,2631,1183,1344
E02069,E02069,E02069,3505,2941,166,0,3491,899,271,1178,2890,586,3499,1181,1285
E02070,E02070,E02070,2600,2352,133,0,2589,808,133,959,2349,247,2640,958,1051
E02071,E02071,E02071,1415,1336,21,0,1414,436,44,494,1292,108,1445,494,604
E02072,E02072,E02072,2082,1911,48,0,2071,754,35,796,2026,49,2091,802,847
E02073,E02073,E02073,5326,2412,874,0,4392,363,1130,1627,993,2513,3825,1645,2003
E02074,E02074,E02074,2732,1284,653,0,2659,287,697,1321,672,1379,2587,1338,1822
E02075,E02075,E02075,5345,1414,1750,0,4219,153,1476,1752,452,3171,3956,1794,2284
E02076,E02076,E02076,1303,991,71,0,1285,488,90,605,1097,171,1319,610,695
E02077,E02077,E02077,6895,4320,729,0,6625,1315,1498,2960,3154,3111,6577,2985,3681
E02078,E02078,E02078,4345,2701,542,0,4099,500,1004,1605,1459,2202,3901,1628,1899
E02079,E02079,E02079,1538,1084,150,0,1509,95,480,604,233,896,1178,611,723
E02080,E02080,E02080,1562,1449,12,0,1560,418,80,518,1349,154,1558,518,545
E02081,E02081,E02081,2673,2516,54,0,2668,692,3,758,2490,11,2681,741,765
E02082,E02082,E02082,4491,3831,153,0,4435,821,621,1559,2825,1255,4432,1545,1668
E02083,E02083,E02083,2729,2492,56,0,2725,834,87,963,2496,147,2758,964,1009
E02084,E02084,E02084,2821,2595,67,0,2811,908,4,946,2756,6,2847,946,973
E02085,E02085,E02085,2517,2273,56,0,2497,820,28,860,2462,55,2551,859,907
E02086,E02086,E02086,2161,1924,59,0,2136,742,48,798,2069,79,2161,798,890
E02087,E02087,E02087,3501,3040,124,0,3450,1169,253,1444,3009,424,3476,1446,1676
E02088,E02088,E02088,4698,1984,1141,0,4060,125,1349,1579,324,3057,3620,1594,2051
E02089,E02089,E02089,2439,968,606,0,2264,49,783,897,98,1654,1874,921,1216
E02090,E02090,E02090,3545,2953,196,0,3407,934,320,1279,2478,678,3202,1341,1459
E02091,E02091,E02091,3892,3194,222,0,3753,1382,156,1554,3361,358,3765,1585,1849
E02092,E02092,E02092,2195,1827,129,0,2180,753,51,829,2028,97,2199,834,895
E02093,E02093,E02093,2885,2239,153,0,2731,783,302,1098,1877,653,2562,1104,1223
E02094,E02094,E02094,3047,2382,287,0,3025,613,715,1354,1538,1326,2919,1362,1560
E02095,E02095,E02095,3414,2830,166,0,3358,363,320,723,1296,664,2081,712,758
E02096,E02096,E02096,2801,2666,41,0,2799,959,73,1060,2660,91,2819,1062,1115
E02097,E02097,E02097,4551,3759,193,0,4433,935,431,1415,3363,936,4452,1416,1487
E02098,E02098,E02098,3617,3239,137,0,3594,1338,50,1416,3504,92,3660,1417,1535
E02099,E02099,E02099,2953,2635,109,0,2932,1086,38,1169,2815,51,2971,1169,1261
E02100,E02100,E02100,2264,1992,106,0,2252,743,128,897,1928,291,2279,900,1000
E02101,E02101,E02101,3992,3416,250,0,3976,1427,141,1611,3625,290,4002,1617,1769
E02102,E02102,E02102,2730,2394,150,0,2724,988,32,1068,2529,80,2739,1072,1156
E02103,E02103,E02103,3025,2488,342,0,3010,1011,98,1118,2536,247,2812,1119,1226
E02104,E02104,E02104,2716,2598,32,0,2715,1022,7,1044,2685,24,2747,1044,1106
E02105,E02105,E02105,3508,3290,74,0,3483,1246,86,1341,3387,115,3520,1341,1421
E02106,E02106,E02106,2196,1745,112,0,2182,789,131,975,1824,252,2165,977,1179
E02107,E02107,E02107,1992,1665,80,0,1941,549,188,778,1458,389,1937,778,873
E02108,E02108,E02108,2511,2283,74,0,2498,818,265,1110,2028,465,2537,1109,1197
E02109,E02109,E02109,2233,1599,189,0,2160,343,666,1039,813,1237,2107,1052,1224
E02110,E02110,E02110,4358,3247,414,0,4324,994,784,1850,2525,1614,4311,1863,2121
E02111,E02111,E02111,1834,1704,34,0,1831,681,7,716,1737,16,1828,716,777
E02112,E02112,E02112,3485,3173,92,0,3475,1350,17,1402,3416,28,3514,1402,1535
E02113,E02113,E02113,2944,2288,259,0,2921,823,313,1166,2105,570,2736,1174,1333
E02114,E02114,E02114,2374,2089,93,0,2371,873,90,991,2198,153,2423,994,1090
E02115,E02115,E02115,3236,2873,102,0,3215,1136,132,1338,2920,195,3232,1343,1461
E02116,E02116,E02116,2566,2453,27,0,2564,946,7,977,2494,19,2589,965,1016
E02117,E02117,E02117,4347,2592,506,0,3716,186,1343,1561,453,2757,3268,1596,1913
E02118,E02118,E02118,1069,390,102,0,631,64,205,306,132,347,531,320,436
E02119,E02119,E02119,2275,1202,305,0,1927,79,838,950,181,1672,1912,1000,1235
E02120,E02120,E02120,3822,1877,837,0,3688,548,1145,1748,1154,2359,3629,1801,2096
E02121,E02121,E02121,3480,2130,596,0,3402,436,1073,1573,1039,2224,3379,1597,1727
E02122,E02122,E02122,2024,1567,162,0,1986,767,115,897,1744,238,2016,904,1041
E02123,E02123,E02123,2353,1237,518,0,2097,418,474,976,1024,952,2102,1030,1175
E02124,E02124,E02124,2405,1581,436,0,2377,463,444,990,1058,1032,2234,994,1207
E02125,E02125,E02125,4929,4288,222,0,4894,1060,923,2072,2768,2016,4995,2079,2294
E02126,E02126,E02126,3608,2813,255,0,3515,1067,325,1426,2891,563,3516,1449,1668
E02127,E02127,E02127,4004,3048,361,0,3905,1204,416,1667,3104,706,3887,1694,1960
E02128,E02128,E02128,4680,3391,672,0,4524,852,773,1658,2305,1451,3838,1681,2204
E02129,E02129,E02129,3603,2336,429,0,3328,712,716,1458,1898,1283,3234,1483,1913
E02130,E02130,E02130,4673,3350,364,0,4457,1137,969,2147,2686,1773,4536,2181,2540
E02131,E02131,E02131,3174,2067,326,0,2875,602,630,1268,1552,1099,2708,1302,1690
E02132,E02132,E02132,4355,2703,516,0,3914,703,1025,1815,1663,1664,3455,1855,2463
E02133,E02133,E02133,4546,3381,396,0,4317,1138,380,1577,3104,614,3811,1594,1817
E02134,E02134,E02134,4634,3197,554,0,4492,1001,1006,2148,2473,1640,4323,2182,2694
E02135,E02135,E02135,5533,4138,559,0,5378,1222,1034,2309,3162,1900,5142,2357,2886
E02136,E02136,E02136,3347,2649,255,0,3279,889,304,1291,2603,505,3268,1307,1555
E02137,E02137,E02137,2723,1979,293,0,2673,770,324,1186,2078,503,2735,1211,1450
E02138,E02138,E02138,5013,3149,739,0,4908,1032,1269,2640,2342,2118,4902,2695,3167
E02139,E02139,E02139,3380,2095,502,0,3279,702,817,1742,1658,1322,3304,1781,2146
E02140,E02140,E02140,2583,1832,264,0,2526,587,414,1088,1743,635,2512,1103,1316
E02141,E02141,E02141,2953,2080,339,0,2900,629,573,1341,1755,973,2935,1358,1711
E02142,E02142,E02142,3342,2404,371,0,3282,871,559,1553,2279,883,3320,1572,1848
E02143,E02143,E02143,2752,1898,314,0,2708,671,492,1291,1800,770,2743,1308,1578
E02144,E02144,E02144,4481,1631,742,0,3249,124,1264,1450,313,2293,2718,1493,1839
E02145,E02145,E02145,1914,1005,255,0,1480,30,564,616,63,1106,1208,635,767
E02146,E02146,E02146,4910,2286,925,0,3969,546,957,1735,1253,1765,3346,1805,2257
E02147,E02147,E02147,7129,4142,835,0,6432,433,2589,3116,1071,5041,6259,3222,3878
E02148,E02148,E02148,3549,2833,270,0,3499,1255,238,1553,3097,375,3552,1562,1753
E02149,E02149,E02149,3411,2875,189,0,3371,1102,251,1438,2844,426,3410,1447,1637
E02150,E02150,E02150,1880,1645,85,0,1860,575,52,639,1724,94,1849,641,692
E02151,E02151,E02151,779,682,23,0,771,273,2,279,770,3,787,281,316
E02152,E02152,E02152,3089,1667,698,0,3014,230,1034,1323,474,2210,2808,1336,1929
E02153,E02153,E02153,1292,710,239,0,1278,54,581,653,140,1069,1253,659,773
E02154,E02154,E02154,3730,2625,383,0,3694,543,1008,1663,1356,2148,3763,1672,1953
E02155,E02155,E02155,2075,1336,369,0,2042,500,416,981,1088,837,2065,997,1262
E02156,E02156,E02156,1830,1500,155,0,1804,351,479,852,784,991,1817,856,965
E02157,E02157,E02157,3381,2653,360,0,3330,663,426,1144,1508,872,2477,1158,1344
E02158,E02158,E02158,2619,1941,331,0,2609,718,292,1052,1812,735,2626,1057,1145
E02159,E02159,E02159,1830,1609,84,0,1820,707,20,737,1779,43,1841,738,813
E02160,E02160,E02160,2113,1889,61,0,2107,779,75,898,1920,104,2113,899,1004
E02161,E02161,E02161,2669,2108,187,0,2544,169,965,1169,427,1737,2222,1179,1331
E02162,E02162,E02162,3482,2170,678,0,3406,991,566,1767,2200,920,3424,1789,2101
E03001,E03001,E03001,804,671,55,0,803,220,45,272,693,79,793,267,318
E03002,E03002,E03002,5085,4522,195,0,5049,1553,156,1722,4813,314,5167,1717,1804
E03003,E03003,E03003,4592,4088,161,0,4560,1348,39,1402,4385,82,4510,1402,1491
E03004,E03004,E03004,1915,1614,81,0,1883,584,17,612,1821,39,1879,613,645
E03005,E03005,E03005,2605,2258,210,0,2598,594,150,780,2025,400,2559,774,821
E03006,E03006,E03006,10877,8832,827,0,10852,3082,423,3681,9489,905,10939,3666,3921
E03007,E03007,E03007,10904,7880,836,0,10804,3037,656,3774,8870,1537,10660,3780,4042
E03008,E03008,E03008,6251,5601,233,0,6239,1753,152,1994,5629,381,6301,1995,2110
E03009,E03009,E03009,4058,3822,67,0,4058,1208,45,1301,3847,97,4080,1304,1359
E03010,E03010,E03010,8492,6882,395,0,8413,2751,221,3027,7723,457,8344,3031,3243
E03011,E03011,E03011,5712,4994,265,0,5681,1791,82,1887,5412,155,5606,1885,1985
E03012,E03012,E03012,7773,6697,448,0,7709,2191,261,2466,7264,541,7842,2467,2657
E03013,E03013,E03013,3602,3284,99,0,3559,1215,11,1241,3574,21,3653,1239,1314
E03014,E03014,E03014,11648,9651,927,0,11593,3343,441,3834,10625,872,11670,3837,4039
E03015,E03015,E03015,29820,21226,4316,0,29681,8282,913,9361,27385,2162,30115,9363,9863
E03016,E03016,E03016,5217,4382,311,0,5170,1741,176,1937,4840,313,5211,1940,2075
E03017,E03017,E03017,9450,6993,1277,0,9364,2378,801,3226,7264,2015,9436,3232,3542
E03018,E03018,E03018,3749,3190,170,0,3737,1043,194,1283,3006,389,3497,1269,1471
E03019,E03019,E03019,3623,3228,123,0,3595,1391,11,1418,3578,18,3641,1423,1514
E03020,E03020,E03020,7593,6663,255,0,7401,2046,74,2172,6696,191,7061,2169,2269
E03021,E03021,E03021,4740,4028,241,0,4689,1234,309,1578,3513,620,4228,1577,1769
E03022,E03022,E03022,2493,2267,65,0,2461,949,4,959,2468,8,2491,959,1043
E03023,E03023,E03023,3206,2815,139,0,3173,1098,128,1232,2977,220,3208,1233,1346
E03024,E03024,E03024,4604,3857,291,0,4569,1304,260,1573,4115,521,4660,1574,1698
E03025,E03025,E03025,3843,3340,173,0,3811,1291,92,1398,3652,179,3874,1401,1508
E03026,E03026,E03026,2993,2556,165,0,2976,936,270,1230,2530,435,3012,1232,1382
E03027,E03027,E03027,3060,2215,263,0,3041,552,523,1154,1678,1131,2975,1136,1520
E03028,E03028,E03028,1613,1484,46,0,1611,552,65,630,1518,109,1647,630,656
E03029,E03029,E03029,1694,1394,71,0,1684,539,8,566,1640,22,1720,560,583
E03030,E03030,E03030,7607,6465,543,0,7578,1884,262,2239,6521,630,7505,2237,2376
E03031,E03031,E03031,1723,1303,107,0,1710,386,332,729,1076,643,1748,728,794
E03032,E03032,E03032,16630,13164,1752,0,16600,4044,1243,5478,13430,2763,16775,5483,5839
E03033,E03033,E03033,3915,3584,89,0,3912,1169,29,1234,3821,61,3983,1234,1277
E03034,E03034,E03034,4452,4091,65,0,4443,1480,4,1495,4475,6,4515,1495,1553
E03035,E03035,E03035,8068,6741,564,0,8047,1953,698,2721,6390,1564,8129,2724,2905
E03036,E03036,E03036,3974,3339,118,0,3907,1222,118,1371,3611,260,3952,1382,1525
E03037,E03037,E03037,3290,2957,79,0,3273,1219,13,1238,3247,24,3292,1240,1302
E03038,E03038,E03038,4527,3664,223,0,4441,1362,204,1575,4004,399,4440,1577,1683
E03039,E03039,E03039,9123,5810,1096,0,9070,1963,955,3012,6004,2361,8668,3017,4097
E03040,E03040,E03040,4888,4411,109,0,4867,1687,92,1814,4622,197,4907,1817,1909
E03041,E03041,E03041,2800,2525,94,0,2777,925,33,963,2658,67,2736,963,1030
E03042,E03042,E03042,4637,4055,203,0,4592,1497,164,1669,4259,282,4569,1671,1844
E03043,E03043,E03043,3501,3177,90,0,3485,1262,24,1296,3455,33,3514,1298,1353
E03044,E03044,E03044,2138,1978,44,0,2121,740,4,747,2145,7,2157,747,777
E03045,E03045,E03045,2334,2175,55,0,2317,807,5,819,2339,9,2361,821,855
E03046,E03046,E03046,1994,1694,99,0,1967,568,262,831,1517,494,2016,833,909
E03047,E03047,E03047,2174,1919,82,0,2158,754,105,876,1960,171,2179,876,938
E03048,E03048,E03048,2791,2529,93,0,2768,1086,11,1113,2770,19,2827,1115,1198
E03049,E03049,E03049,2623,2448,31,0,2603,1077,2,1089,2635,6,2671,1089,1146
E04001,E04001,E04001,4032,1980,407,0,3610,71,1342,1465,194,2850,3202,1474,1747
E04002,E04002,E04002,15140,10998,1991,0,15071,4107,896,5144,12553,2048,15078,5147,5646
E04003,E04003,E04003,7555,6042,455,0,7504,2374,391,2832,6689,738,7597,2831,3185
E04004,E04004,E04004,7050,6046,200,0,6998,2168,377,2589,6180,748,7036,2591,2866
E04005,E04005,E04005,1966,1568,81,0,1852,443,78,532,1541,152,1733,534,647
E04006,E04006,E04006,1011,942,20,0,1006,291,5,306,929,15,963,305,343
E04007,E04007,E04007,667,610,12,0,664,195,2,205,649,3,681,197,222
E04008,E04008,E04008,4870,2771,988,0,4824,624,960,1665,1914,2314,4472,1615,1869
E04009,E04009,E04009,36057,25554,4714,0,35890,9943,1358,11553,32401,3038,36289,11559,12396
E04010,E04010,E04010,10819,7920,1197,0,10716,2919,423,3436,9428,1061,10789,3442,3743
E04011,E04011,E04011,3788,3250,205,0,3778,1215,18,1267,3687,40,3839,1269,1312
E04012,E04012,E04012,5044,3643,479,0,5003,1437,403,1870,4076,932,5100,1872,1998
E04013,E04013,E04013,3866,2408,700,0,3846,1042,168,1247,3457,319,3914,1249,1315
E04014,E04014,E04014,1682,1461,73,0,1663,608,22,634,1649,44,1708,635,684
E04015,E04015,E04015,2112,1498,369,0,2099,493,114,640,1733,244,2081,640,1034
E04016,E04016,E04016,18071,13670,1812,0,17888,4927,1014,6041,15670,2100,18093,6055,6598
E04017,E04017,E04017,5124,4039,311,0,4995,1310,539,1864,3941,1148,5122,1871,2053
E04018,E04018,E04018,790,703,31,0,789,249,0,255,783,0,804,254,287
E04019,E04019,E04019,8733,7221,442,0,8671,2389,449,2907,7568,798,8529,2883,3259
E04020,E04020,E04020,6359,3976,936,0,6314,934,1266,2304,2932,2955,6115,2296,2649
E04021,E04021,E04021,1438,1247,78,0,1435,450,5,464,1436,12,1468,461,531
E04022,E04022,E04022,1259,1156,19,0,1252,381,13,405,1202,24,1248,402,469
E04023,E04023,E04023,3224,2954,53,0,3198,1010,36,1060,3127,57,3219,1061,1176
E04024,E04024,E04024,8256,6869,341,0,8038,2651,351,3041,7404,615,8105,3054,3473
E04025,E04025,E04025,2205,1988,28,0,2179,654,7,684,2074,15,2152,682,745
E04026,E04026,E04026,8475,6528,517,0,8324,2039,961,3061,5983,1978,8105,3066,3401
E04027,E04027,E04027,1358,1147,62,0,1350,351,20,372,1243,41,1285,373,400
E04028,E04028,E04028,8814,7272,497,0,8762,2737,130,2932,8373,273,8841,2924,3120
E04029,E04029,E04029,6879,5371,394,0,6658,1869,625,2555,5425,1202,6768,2567,3051
E04030,E04030,E04030,6273,5317,265,0,6179,1960,183,2164,5943,341,6334,2171,2400
E04031,E04031,E04031,4118,3603,114,0,4020,1358,30,1392,4019,62,4096,1392,1488
E04032,E04032,E04032,3465,2935,115,0,3417,946,355,1325,2737,684,3485,1327,1438
E04033,E04033,E04033,9196,7531,283,0,9147,2834,182,3062,8674,403,9199,3060,3487
E04034,E04034,E04034,8333,6998,349,0,8233,2646,247,2909,7868,492,8407,2919,3264
E04035,E04035,E04035,5609,4771,219,0,5508,2023,129,2170,5285,229,5555,2173,2340
E04036,E04036,E04036,13894,10515,951,0,13818,3998,702,4778,12241,1621,14086,4781,5092
E04037,E04037,E04037,7748,6325,327,0,7677,2360,39,2447,7515,86,7759,2445,2542
E04038,E04038,E04038,9667,6906,664,0,9539,2630,592,3331,8075,1287,9687,3333,3535
E04039,E04039,E04039,6539,5152,290,0,6471,1810,287,2137,5798,643,6546,2138,2355
E04040,E04040,E04040,2581,1684,209,0,2550,669,265,967,1855,571,2513,972,1117
E04041,E04041,E04041,8241,4916,1450,0,8167,2109,370,2573,7066,892,8266,2569,2916
E04042,E04042,E04042,1683,1407,79,0,1664,549,5,561,1653,11,1689,561,600
E05001,E05001,E05001,2657,2325,128,0,2625,930,3,939,2629,10,2655,940,991
E05002,E05002,E05002,2032,1779,90,0,1998,760,7,772,2028,12,2045,776,821
E05003,E05003,E05003,2338,2046,105,0,2312,799,17,818,2313,33,2351,818,878
E05004,E05004,E05004,1530,1304,77,0,1508,572,4,582,1487,6,1507,584,626
E05005,E05005,E05005,1802,1613,59,0,1781,645,14,671,1779,19,1830,674,716
E05006,E05006,E05006,5292,4522,290,0,5248,1397,592,2006,4135,1183,5366,2012,2191
E05007,E05007,E05007,2851,2602,64,0,2826,961,6,972,2858,13,2880,973,1033
E05008,E05008,E05008,3328,2499,292,0,3217,812,543,1365,2156,1018,3200,1391,1584
E05009,E05009,E05009,6160,4867,523,0,6058,1725,389,2157,4964,767,5837,2170,2386
E05010,E05010,E05010,3841,2887,351,0,3682,1003,340,1356,3032,647,3713,1372,1569
E05011,E05011,E05011,1795,1435,179,0,1769,532,111,647,1591,184,1784,656,775
E05012,E05012,E05012,3073,2471,196,0,3041,1038,252,1327,2561,415,3059,1333,1534
E05013,E05013,E05013,2164,1791,121,0,2142,730,34,776,2055,50,2129,777,822
E05014,E05014,E05014,1438,1107,105,0,1399,421,108,541,1221,186,1431,549,638
E05015,E05015,E05015,2299,1969,92,0,2281,785,117,914,2106,198,2332,915,1017
E05016,E05016,E05016,2687,2163,193,0,2648,794,217,1029,2172,400,2606,1035,1177
E05017,E05017,E05017,2676,1906,358,0,2587,547,403,965,1519,788,2346,971,1183
E05018,E05018,E05018,2481,2070,108,0,2442,765,141,924,2137,283,2455,928,1010
E05019,E05019,E05019,2723,2489,67,0,2701,900,6,912,2737,15,2772,913,950
E05020,E05020,E05020,3806,2614,450,0,3763,476,1024,1561,1508,2198,3833,1569,1880
E05021,E05021,E05021,4833,4146,209,0,4778,1466,167,1651,4339,338,4710,1653,1819
E05022,E05022,E05022,1287,1113,74,0,1278,456,76,541,1153,125,1300,541,666
E05023,E05023,E05023,1308,1119,52,0,1289,438,37,475,1259,65,1324,478,519
E05024,E05024,E05024,3079,2636,171,0,3045,1114,24,1156,3011,51,3099,1160,1242
E05025,E05025,E05025,1794,1531,91,0,1746,612,46,665,1632,77,1717,666,752
E05026,E05026,E05026,1384,1161,63,0,1352,483,35,522,1308,65,1383,526,585
E05027,E05027,E05027,2740,1743,302,0,2325,332,377,724,952,903,1884,855,912
E05028,E05028,E05028,1501,1303,66,0,1487,558,94,662,1308,175,1509,669,757
E05029,E05029,E05029,1975,1604,170,0,1941,583,115,701,1749,205,1962,709,792
E05030,E05030,E05030,2556,1961,230,0,2506,670,261,953,1982,498,2528,968,1087
E05031,E05031,E05031,2521,2019,204,0,2471,821,142,980,2026,294,2358,998,1116
E05032,E05032,E05032,1350,1153,42,0,1322,465,2,472,1327,2,1342,474,518
E05033,E05033,E05033,1701,1429,77,0,1676,511,103,625,1397,185,1608,627,737
E05034,E05034,E05034,1361,1109,84,0,1339,510,51,593,1216,87,1354,600,706
E05035,E05035,E05035,1523,1129,96,0,1396,495,84,590,1182,138,1336,598,722
E05036,E05036,E05036,2117,1786,66,0,2093,701,46,752,2045,79,2140,754,828
E05037,E05037,E05037,7049,5032,691,0,6898,1661,1030,2716,4704,2129,6907,2764,3387
E05038,E05038,E05038,3196,2456,274,0,3151,774,444,1238,2253,889,3184,1249,1377
E05039,E05039,E05039,6952,5478,433,0,6843,1431,1327,2783,4139,2673,6867,2794,3263
E05040,E05040,E05040,2089,1762,114,0,2075,701,92,800,1884,192,2095,802,866
E05041,E05041,E05041,2449,2090,125,0,2417,827,68,910,2298,120,2455,915,994
E05042,E05042,E05042,2234,1410,254,0,2084,435,427,958,1105,747,1993,973,1192
E05043,E05043,E05043,2760,2227,170,0,2707,934,79,1060,2394,138,2607,1065,1206
E05044,E05044,E05044,1922,1519,132,0,1888,556,112,707,1588,224,1878,711,818
E05045,E05045,E05045,2095,1681,146,0,2076,672,167,852,1698,350,2077,853,933
E05046,E05046,E05046,1734,1520,58,0,1725,556,73,644,1575,143,1750,645,680
E05047,E05047,E05047,2866,2496,113,0,2817,930,72,1013,2653,137,2815,1016,1076
E05048,E05048,E05048,1354,1201,47,0,1346,461,99,567,1174,166,1356,569,649
E05049,E05049,E05049,1884,1675,42,0,1869,711,22,748,1824,33,1898,750,945
E05050,E05050,E05050,3690,2977,199,0,3630,1193,190,1411,3357,251,3652,1416,1607
E05051,E05051,E05051,1623,1126,172,0,1593,323,391,741,864,688,1598,750,910
E05052,E05052,E05052,2368,1717,251,0,2320,563,406,996,1346,779,2177,1004,1157
E05053,E05053,E05053,1653,1419,57,0,1633,589,0,592,1657,0,1662,593,635
E05054,E05054,E05054,6088,5054,353,0,6014,1898,103,2015,5943,197,6178,2019,2239
E05055,E05055,E05055,2434,2046,127,0,2402,809,18,831,2415,35,2458,832,897
E05056,E05056,E05056,1439,1150,91,0,1416,447,53,503,1340,102,1452,504,574
E05057,E05057,E05057,17381,13839,1224,0,17124,3922,1910,5941,12844,3918,17077,5956,6991
E05058,E05058,E05058,3367,2716,172,0,3319,1113,50,1190,3179,103,3357,1194,1323
E05059,E05059,E05059,6478,5770,172,0,6427,1969,186,2213,5918,364,6448,2214,2351
E05060,E05060,E05060,5353,4470,278,0,5305,1556,299,1892,4689,550,5334,1889,2057
E05061,E05061,E05061,3250,2834,154,0,3215,974,97,1098,2971,176,3229,1101,1181
E05062,E05062,E05062,5334,4372,265,0,5280,1699,148,1865,5031,330,5407,1867,2010
E05063,E05063,E05063,2793,2398,87,0,2751,965,18,988,2714,35,2763,994,1086
E05064,E05064,E05064,3828,3207,246,0,3793,1316,94,1424,3628,210,3865,1430,1564
E05065,E05065,E05065,2429,1966,156,0,2392,660,273,940,1895,501,2419,944,1184
E05066,E05066,E05066,2744,2282,162,0,2686,832,134,977,2447,223,2696,984,1103
E05067,E05067,E05067,2407,2006,154,0,2351,782,26,815,2311,48,2377,822,914
E05068,E05068,E05068,2229,1730,196,0,2209,603,256,863,1744,462,2217,867,928
E05069,E05069,E05069,786,650,31,0,768,134,95,232,455,203,661,233,260
E06001,E06001,E06001,3867,2961,296,0,3851,1219,193,1442,3391,314,3790,1449,1762
E06002,E06002,E06002,2944,2500,165,0,2939,965,96,1098,2562,151,2808,1104,1319
E06003,E06003,E06003,20713,15764,1384,0,20562,6133,747,6952,18718,1537,20450,6975,7665
E06004,E06004,E06004,3671,3037,197,0,3661,1206,61,1308,3341,108,3553,1303,1534
E06005,E06005,E06005,193,181,4,0,193,68,0,69,195,0,196,68,86
E06006,E06006,E06006,1026,941,21,0,1022,345,9,367,995,15,1045,363,442
E06007,E06007,E06007,548,506,3,0,546,200,0,203,555,0,559,201,221
E06008,E06008,E06008,1752,1561,52,0,1750,516,3,524,1754,9,1772,521,574
E06009,E06009,E06009,270,246,2,0,270,87,1,91,267,1,275,89,98
E06010,E06010,E06010,156,146,3,0,156,53,6,62,147,7,159,62,71
E06011,E06011,E06011,361,315,15,0,356,124,1,129,356,1,364,127,139
E06012,E06012,E06012,624,550,17,0,618,210,2,218,613,4,632,216,240
E06013,E06013,E06013,1609,1443,46,0,1606,544,31,598,1522,49,1630,597,687
E06014,E06014,E06014,527,483,1,0,526,169,1,176,511,1,531,174,194
E06015,E06015,E06015,478,440,4,0,477,145,1,153,467,1,492,151,166
E06016,E06016,E06016,413,382,3,0,408,123,0,129,400,0,414,126,142
E06017,E06017,E06017,735,662,19,0,732,261,2,267,721,4,738,267,296
E06018,E06018,E06018,598,565,7,0,596,192,3,200,581,7,603,200,223
E06019,E06019,E06019,452,406,6,0,449,135,2,144,419,3,448,142,160
E06020,E06020,E06020,205,184,6,0,205,74,2,76,204,6,210,76,87
E06021,E06021,E06021,179,168,2,0,179,62,0,64,171,0,178,63,68
E06022,E06022,E06022,619,598,1,0,613,193,1,199,598,2,617,198,211
E06023,E06023,E06023,693,637,11,0,684,215,3,222,675,6,693,222,253
E06024,E06024,E06024,388,358,5,0,382,125,4,131,368,6,377,132,159
E06025,E06025,E06025,655,602,11,0,649,184,3,198,623,3,657,195,210
E06026,E06026,E06026,790,719,24,0,785,242,2,245,796,4,801,245,275
E06027,E06027,E06027,4347,3920,126,0,4327,1393,136,1570,3937,214,4264,1570,1892
E06028,E06028,E06028,471,425,5,0,468,144,2,154,464,4,483,154,181
E06029,E06029,E06029,784,702,18,0,779,229,1,241,770,2,795,238,261
E06030,E06030,E06030,959,891,12,0,954,298,2,309,945,2,966,304,343
E06031,E06031,E06031,145,133,2,0,144,42,0,43,143,0,146,45,54
E06032,E06032,E06032,658,593,14,0,657,212,1,219,649,3,669,218,227
E06033,E06033,E06033,2245,1978,63,0,2193,563,6,580,1817,13,1856,580,621
E06034,E06034,E06034,15323,12490,887,0,15239,4637,211,4924,14646,434,15319,4928,5251
E06035,E06035,E06035,1495,1339,34,0,1484,444,7,455,1481,12,1502,452,494
E06036,E06036,E06036,750,690,16,0,748,242,3,247,750,8,762,248,274
E06037,E06037,E06037,5710,4636,411,0,5674,1536,446,2000,4707,928,5678,2002,2181
E06038,E06038,E06038,6234,5005,328,0,6214,1791,309,2140,5380,651,6144,2148,2354
E06039,E06039,E06039,15597,12859,994,0,15453,4707,383,5147,14697,763,15607,5156,5532
E06040,E06040,E06040,13617,10232,1025,0,13328,3710,753,4538,11124,1557,12921,4660,5280
E06041,E06041,E06041,1706,1494,39,0,1687,538,20,576,1619,41,1703,576,755
E06042,E06042,E06042,584,521,13,0,583,195,4,209,561,5,588,206,241
E06043,E06043,E06043,1265,1132,19,0,1257,393,4,404,1217,8,1239,402,468
E06044,E06044,E06044,1850,1711,18,0,1845,594,13,618,1833,28,1878,611,680
E06045,E06045,E06045,265,236,0,0,265,88,1,93,268,2,278,91,104
E06046,E06046,E06046,388,354,5,0,384,123,0,129,390,0,398,128,145
E06047,E06047,E06047,258,229,3,0,257,79,0,79,262,0,262,79,89
E06048,E06048,E06048,751,699,6,0,749,222,3,230,712,4,728,229,243
E06049,E06049,E06049,321,306,2,0,321,102,0,102,319,0,319,102,116
E06050,E06050,E06050,866,805,9,0,865,273,6,291,837,12,874,282,300
E06051,E06051,E06051,740,667,16,0,737,233,3,241,740,7,758,239,254
E06052,E06052,E06052,191,176,3,0,189,63,0,68,180,0,187,64,68
E06053,E06053,E06053,2272,2016,61,0,2262,757,41,821,2145,70,2277,819,983
E06054,E06054,E06054,868,792,6,0,867,256,0,259,865,0,876,260,283
E06055,E06055,E06055,1137,1001,24,0,1137,360,7,374,1095,21,1133,371,405
E06056,E06056,E06056,1475,1328,22,0,1471,513,10,533,1463,17,1504,531,610
E06057,E06057,E06057,1937,1784,34,0,1914,601,43,656,1770,79,1881,653,777
E06058,E06058,E06058,1071,968,16,0,1064,345,10,365,971,22,1017,363,419
E06059,E06059,E06059,4643,3773,251,0,4620,1267,205,1506,4159,428,4691,1501,1687
E06060,E06060,E06060,1914,1657,64,0,1900,566,65,642,1782,114,1914,642,720
E06061,E06061,E06061,1725,1555,34,0,1722,486,7,497,1709,12,1728,496,523
E06062,E06062,E06062,7527,6091,338,0,7481,2078,551,2667,6339,1048,7488,2672,2972
E06063,E06063,E06063,793,722,18,0,790,239,2,244,791,3,802,244,277
E06064,E06064,E06064,2886,2534,120,0,2872,926,20,957,2826,43,2889,956,1028
E06065,E06065,E06065,2528,2261,68,0,2515,756,18,786,2486,32,2552,783,834
E06066,E06066,E06066,7563,5884,396,0,7503,2268,441,2782,6420,887,7518,2784,3110
E06067,E06067,E06067,440,396,15,0,439,123,0,127,404,0,413,126,147
E06068,E06068,E06068,586,533,8,0,582,190,0,196,575,0,589,193,217
E06069,E06069,E06069,944,835,26,0,934,305,10,324,905,21,945,324,362
E06070,E06070,E06070,3296,2848,115,0,3285,1061,49,1130,3144,79,3268,1132,1263
E06071,E06071,E06071,9325,7796,536,0,9268,2815,323,3234,8375,583,9200,3236,3585
E06072,E06072,E06072,4449,3937,115,0,4417,1351,137,1495,4216,256,4490,1497,1644
E06073,E06073,E06073,309,253,6,0,292,88,1,91,227,1,230,92,101
E06074,E06074,E06074,2080,1898,23,0,2072,637,11,688,1979,18,2094,665,724
E06075,E06075,E06075,2003,1787,68,0,1992,622,29,682,1894,48,2009,671,744
E06076,E06076,E06076,577,521,12,0,575,181,0,182,595,0,599,181,193
E06077,E06077,E06077,941,843,32,0,937,269,3,277,930,12,952,277,310
E06078,E06078,E06078,13852,11061,638,0,13764,4173,364,4610,12976,743,13921,4617,5066
E06079,E06079,E06079,2353,1784,111,0,2343,672,176,867,1976,350,2364,862,971
E06080,E06080,E06080,840,710,19,0,831,271,1,274,823,4,835,274,308
E06081,E06081,E06081,904,833,9,0,898,258,5,281,821,7,874,268,293
E06082,E06082,E06082,726,661,15,0,718,231,2,235,730,2,736,234,257
E06083,E06083,E06083,305,265,7,0,305,96,10,110,288,15,318,109,133
E06084,E06084,E06084,614,555,9,0,612,197,3,213,589,7,619,200,208
E06085,E06085,E06085,1157,1012,27,0,1138,331,2,336,1160,4,1169,335,369
E06086,E06086,E06086,1923,1779,25,0,1913,661,5,685,1884,6,1936,675,749
E06087,E06087,E06087,1089,1027,5,0,1081,335,3,349,1070,9,1097,344,379
E06088,E06088,E06088,772,694,27,0,772,249,2,253,771,3,777,252,274
E06089,E06089,E06089,502,463,8,0,496,157,1,163,488,3,501,160,179
E07001,E07001,E07001,5211,3998,333,0,5129,1755,348,2145,4345,588,5028,2151,2608
E07002,E07002,E07002,3500,2731,151,0,3374,1140,300,1483,2649,520,3254,1496,1849
E07003,E07003,E07003,555,498,8,0,535,170,1,171,565,1,566,171,191
E07004,E07004,E07004,1557,1394,20,0,1544,507,1,512,1511,1,1519,510,580
E07005,E07005,E07005,1692,1380,50,0,1674,622,37,666,1536,54,1601,670,819
E07006,E07006,E07006,412,361,11,0,404,130,0,130,388,0,388,131,154
E07007,E07007,E07007,394,360,5,0,392,131,2,134,392,2,395,134,149
E07008,E07008,E07008,221,207,3,0,218,74,1,75,225,1,226,75,83
E07009,E07009,E07009,645,569,13,0,640,205,5,211,643,7,652,212,246
E07010,E07010,E07010,214,190,2,0,212,78,1,80,221,3,225,79,90
E07011,E07011,E07011,673,594,15,0,670,240,2,244,674,3,679,244,286
E07012,E07012,E07012,496,461,7,0,494,167,0,172,490,0,511,173,190
E07013,E07013,E07013,247,197,8,0,235,68,0,69,199,0,202,69,79
E07014,E07014,E07014,166,152,0,0,164,59,0,59,166,0,166,60,73
E07015,E07015,E07015,484,442,5,0,482,155,0,157,494,0,498,155,179
E07016,E07016,E07016,124,116,4,0,124,41,1,43,122,2,125,42,52
E07017,E07017,E07017,972,867,20,0,970,332,2,342,946,6,977,342,384
E07018,E07018,E07018,183,175,1,0,183,58,0,60,181,0,183,60,65
E07019,E07019,E07019,1792,1555,39,0,1783,643,9,665,1760,19,1805,664,772
E07020,E07020,E07020,434,375,11,0,432,147,0,152,438,0,446,152,170
E07021,E07021,E07021,415,376,8,0,411,140,0,143,408,0,412,143,163
E07022,E07022,E07022,189,175,5,0,189,73,0,74,196,0,200,73,84
E07023,E07023,E07023,458,411,8,0,456,156,2,166,441,7,464,166,183
E07024,E07024,E07024,395,370,2,0,390,127,0,128,386,0,387,129,152
E07025,E07025,E07025,1532,1352,31,0,1517,498,8,516,1430,15,1473,518,600
E07026,E07026,E07026,2293,2045,37,0,2275,824,8,845,2251,16,2305,848,984
E07027,E07027,E07027,1276,1184,10,0,1273,419,4,435,1241,12,1286,433,503
E07028,E07028,E07028,237,219,2,0,236,81,1,82,238,1,239,82,92
E07029,E07029,E07029,452,424,6,0,446,141,0,142,446,0,447,142,157
E07030,E07030,E07030,1316,1212,12,0,1308,429,3,445,1286,7,1325,440,505
E07031,E07031,E07031,454,415,11,0,454,154,0,158,458,0,465,156,172
E07032,E07032,E07032,523,487,9,0,518,164,0,165,518,0,522,166,183
E07033,E07033,E07033,133,129,0,0,133,42,0,44,130,0,135,43,52
E07034,E07034,E07034,268,245,1,0,267,89,0,90,266,0,268,89,102
E07035,E07035,E07035,259,227,0,0,259,80,0,83,255,0,265,81,87
E07036,E07036,E07036,371,344,1,0,371,110,1,115,366,1,378,112,129
E07037,E07037,E07037,663,550,13,0,660,223,1,228,665,1,682,225,245
E07038,E07038,E07038,461,437,4,0,456,149,1,152,459,2,463,150,171
E07039,E07039,E07039,798,741,7,0,789,273,0,273,802,0,802,275,317
E07040,E07040,E07040,366,328,2,0,364,117,0,117,369,0,369,117,125
E07041,E07041,E07041,286,250,3,0,286,86,2,90,272,7,284,90,101
E07042,E07042,E07042,453,421,5,0,453,141,0,143,466,0,469,143,150
E07043,E07043,E07043,624,568,3,0,600,181,2,189,569,2,582,188,205
E07044,E07044,E07044,521,471,9,0,513,170,1,173,514,2,519,172,199
E07045,E07045,E07045,524,498,8,0,524,174,4,180,522,6,534,178,194
E07046,E07046,E07046,561,502,7,0,557,175,12,188,533,23,557,187,253
E07047,E07047,E07047,1021,922,15,0,1018,352,6,361,967,8,981,361,426
E07048,E07048,E07048,1451,1322,28,0,1447,472,4,479,1399,10,1413,477,563
E07049,E07049,E07049,833,748,13,0,827,257,4,262,843,4,848,263,289
E07050,E07050,E07050,16833,13690,676,0,16712,5458,422,5968,15133,834,16226,5964,6649
E07051,E07051,E07051,688,622,12,0,686,203,2,208,686,4,699,208,221
E07052,E07052,E07052,462,412,15,0,454,152,1,154,466,1,468,156,170
E07053,E07053,E07053,715,657,7,0,707,233,1,238,722,1,728,236,270
E07054,E07054,E07054,975,847,28,0,974,325,4,334,967,13,993,333,393
E07055,E07055,E07055,506,452,12,0,494,151,1,157,489,1,504,156,173
E07056,E07056,E07056,214,201,4,0,213,65,1,66,210,1,211,66,70
E07057,E07057,E07057,576,530,9,0,573,188,3,192,577,6,584,193,199
E07058,E07058,E07058,751,692,4,0,746,259,1,263,762,1,776,263,321
E07059,E07059,E07059,456,389,8,0,452,140,1,143,447,4,454,143,164
E07060,E07060,E07060,305,286,1,0,303,94,2,98,291,2,300,99,120
E07061,E07061,E07061,403,377,6,0,403,140,0,140,419,0,419,140,165
E07062,E07062,E07062,368,332,7,0,367,144,1,148,368,1,373,147,182
E07063,E07063,E07063,174,161,2,0,173,55,0,55,178,0,178,55,68
E07064,E07064,E07064,1041,955,13,0,1040,387,3,395,1043,5,1058,395,432
E07065,E07065,E07065,257,232,2,0,255,77,0,77,259,0,259,77,88
E07066,E07066,E07066,127,117,1,0,126,41,0,42,124,0,128,42,54
E07067,E07067,E07067,124,108,2,0,124,46,0,46,129,0,129,46,53
E07068,E07068,E07068,288,274,2,0,282,88,0,89,286,0,288,89,102
E07069,E07069,E07069,468,421,18,0,466,166,0,167,477,0,479,167,178
E07070,E07070,E07070,545,470,11,0,538,174,2,179,546,3,554,182,197
E07071,E07071,E07071,318,273,8,0,311,105,0,107,315,0,320,108,129
E07072,E07072,E07072,243,226,5,0,243,73,1,76,234,2,246,76,93
E07073,E07073,E07073,589,522,4,0,583,208,3,218,572,7,599,218,246
E07074,E07074,E07074,1834,1606,19,0,1763,634,10,654,1719,18,1760,659,848
E07075,E07075,E07075,780,686,20,0,778,309,5,316,795,5,803,315,423
E07076,E07076,E07076,885,785,21,0,879,297,9,313,856,13,891,312,372
E07077,E07077,E07077,267,250,4,0,263,92,1,95,259,1,270,95,110
E07078,E07078,E07078,359,337,2,0,359,117,1,119,359,1,364,119,132
E07079,E07079,E07079,159,145,2,0,159,45,0,46,160,0,161,46,55
E07080,E07080,E07080,521,471,6,0,519,178,3,186,516,8,536,186,218
E07081,E07081,E07081,178,165,4,0,178,58,0,60,179,0,187,60,79
E07082,E07082,E07082,473,426,4,0,470,156,0,161,468,0,477,160,189
E07083,E07083,E07083,602,547,5,0,593,202,2,208,566,5,578,212,333
E07084,E07084,E07084,2201,1812,85,0,2181,744,26,779,2045,38,2099,782,959
E07085,E07085,E07085,217,179,6,0,214,69,1,72,208,2,217,72,83
E07086,E07086,E07086,301,250,4,0,297,96,5,103,292,8,306,103,119
E07087,E07087,E07087,304,271,7,0,299,110,2,114,303,2,312,115,129
E07088,E07088,E07088,446,416,3,0,445,146,1,151,443,2,450,148,163
E07089,E07089,E07089,255,244,0,0,255,89,0,90,258,0,262,90,106
E07090,E07090,E07090,153,137,3,0,153,49,0,49,163,0,163,49,56
E07091,E07091,E07091,290,261,1,0,289,105,1,108,287,1,291,107,125
E07092,E07092,E07092,304,289,4,0,303,113,0,116,312,0,315,114,134
E07093,E07093,E07093,328,313,6,0,328,101,1,104,326,1,333,103,109
E07094,E07094,E07094,894,836,17,0,892,301,3,311,855,3,872,310,361
E07095,E07095,E07095,213,195,3,0,211,80,1,82,218,1,220,81,95
E07096,E07096,E07096,262,242,1,0,262,78,0,80,255,0,262,80,94
E07097,E07097,E07097,305,298,1,0,305,97,0,98,322,0,323,97,108
E07098,E07098,E07098,1208,1005,32,0,1204,411,25,444,1160,47,1222,444,537
E07099,E07099,E07099,871,814,9,0,870,303,0,313,883,0,904,310,353
E07100,E07100,E07100,310,282,1,0,310,109,0,111,311,0,314,111,124
E07101,E07101,E07101,1058,1005,8,0,1057,359,2,363,1060,3,1069,364,378
E07102,E07102,E07102,297,279,3,0,293,94,0,95,296,0,299,95,105
E07103,E07103,E07103,194,186,1,0,193,62,0,62,194,0,194,62,69
E07104,E07104,E07104,427,399,3,0,425,120,0,126,415,0,425,126,140
E07105,E07105,E07105,579,533,12,0,578,185,1,188,589,2,597,188,204
E07106,E07106,E07106,4811,3707,277,0,4797,1678,31,1746,4606,65,4776,1750,2089
E07107,E07107,E07107,708,661,7,0,704,240,3,247,695,6,713,247,285
E07108,E07108,E07108,430,399,5,0,429,139,1,143,428,1,436,143,170
E07109,E07109,E07109,1406,1249,26,0,1398,454,5,465,1328,10,1353,465,523
E07110,E07110,E07110,1128,1016,22,0,1126,362,1,368,1121,1,1133,368,406
E07111,E07111,E07111,1140,1069,13,0,1139,387,2,391,1126,2,1136,390,426
E07112,E07112,E07112,776,724,15,0,773,234,1,239,784,2,797,239,253
E07113,E07113,E07113,1014,925,7,0,1012,347,3,367,988,4,1029,368,401
E08001,E08001,E08001,2837,2460,73,0,2807,976,38,1037,2683,72,2802,1039,1272
E08002,E08002,E08002,361,335,2,0,358,109,0,109,359,0,359,110,127
E08003,E08003,E08003,792,725,8,0,791,264,0,269,786,0,799,267,330
E08004,E08004,E08004,969,895,21,0,968,315,22,344,948,28,992,342,391
E08005,E08005,E08005,318,303,0,0,317,103,0,103,316,0,316,103,113
E08006,E08006,E08006,105,95,1,0,105,34,0,36,99,0,105,36,36
E08007,E08007,E08007,741,667,12,0,739,254,3,263,699,6,716,261,296
E08008,E08008,E08008,366,338,5,0,363,113,0,113,368,0,368,113,128
E08009,E08009,E08009,686,645,6,0,680,209,1,212,693,2,699,211,224
E08010,E08010,E08010,187,183,0,0,185,67,0,68,191,0,192,67,71
E08011,E08011,E08011,297,270,8,0,296,101,1,102,303,1,304,102,121
E08012,E08012,E08012,359,339,3,0,359,109,5,115,354,15,370,115,131
E08013,E08013,E08013,141,120,2,0,139,46,0,46,138,0,138,46,52
E08014,E08014,E08014,255,231,4,0,254,91,0,94,249,0,255,94,111
E08015,E08015,E08015,486,455,1,0,484,147,0,153,477,0,488,151,169
E08016,E08016,E08016,238,219,0,0,237,80,0,81,233,0,234,82,91
E08017,E08017,E08017,1278,1098,19,0,1274,459,9,471,1251,20,1278,475,559
E08018,E08018,E08018,266,259,2,0,264,85,0,86,263,0,269,87,97
E08019,E08019,E08019,146,137,1,0,146,47,0,48,148,0,149,47,59
E08020,E08020,E08020,358,333,7,0,351,112,0,115,342,0,352,117,136
E08021,E08021,E08021,139,132,0,0,139,49,0,50,138,0,143,50,57
E08022,E08022,E08022,259,246,1,0,258,82,0,83,261,0,265,83,100
E08023,E08023,E08023,341,305,5,0,339,128,1,130,351,2,354,129,145
E08024,E08024,E08024,312,301,1,0,311,100,0,100,315,0,315,101,118
E08025,E08025,E08025,422,404,3,0,419,131,2,136,420,3,429,134,150
E08026,E08026,E08026,1161,1034,14,0,1155,433,12,462,1102,21,1161,463,600
E08027,E08027,E08027,569,543,5,0,568,180,1,183,572,1,575,183,199
E08028,E08028,E08028,412,384,5,0,412,122,0,122,416,0,416,122,144
E08029,E08029,E08029,1456,1280,30,0,1451,477,3,486,1441,5,1469,486,553
E08030,E08030,E08030,449,409,1,0,447,150,0,153,455,0,461,152,167
E08031,E08031,E08031,229,207,3,0,228,71,1,73,231,1,233,72,85
E08032,E08032,E08032,420,378,3,0,416,144,0,146,414,0,418,147,168
E08033,E08033,E08033,324,307,3,0,322,102,2,104,324,2,326,104,127
E08034,E08034,E08034,347,337,1,0,347,105,0,107,350,0,354,106,118
E08035,E08035,E08035,256,238,4,0,256,82,0,82,266,0,266,82,95
E08036,E08036,E08036,1626,1542,7,0,1624,555,18,585,1575,34,1642,586,699
E08037,E08037,E08037,347,324,4,0,346,113,1,116,350,1,354,114,122
E08038,E08038,E08038,343,330,4,0,340,114,0,116,350,0,353,116,126
E08039,E08039,E08039,206,175,10,0,202,64,1,67,189,1,194,66,80
E08040,E08040,E08040,232,217,1,0,231,67,0,71,219,0,229,70,88
E08041,E08041,E08041,1205,1088,14,0,1183,362,3,372,1100,4,1127,373,472
E08042,E08042,E08042,300,287,2,0,300,99,2,107,288,3,305,105,121
E08043,E08043,E08043,633,575,7,0,620,204,1,208,613,1,624,207,229
E08044,E08044,E08044,1533,1048,95,0,1519,460,72,555,1303,152,1511,560,643
E08045/08046,E08045/08046,E08045/08046,311,290,1,0,311,98,0,100,312,0,317,100,113
E08047,E08047,E08047,343,325,2,0,342,107,0,110,341,0,345,110,118
E08048,E08048,E08048,176,167,1,0,176,51,1,54,172,1,175,52,61
E08049,E08049,E08049,393,365,5,0,391,126,2,130,383,3,389,128,141
E08050,E08050,E08050,895,825,10,0,893,311,3,317,892,3,902,316,363
E08051,E08051,E08051,1503,1137,95,0,1496,518,2,525,1497,5,1521,525,665
E08052,E08052,E08052,233,208,4,0,233,78,0,81,231,0,238,80,91
E08053,E08053,E08053,308,272,6,0,303,96,0,103,293,0,307,103,119
E08054,E08054,E08054,1553,1329,88,0,1549,471,11,488,1525,21,1560,488,548
E08055,E08055,E08055,1269,1055,162,0,1266,338,72,422,1078,172,1279,420,461
E08056,E08056,E08056,250,233,3,0,250,67,1,72,248,2,256,71,76
E08057,E08057,E08057,182,167,2,0,182,67,0,71,192,0,196,69,74
E08058,E08058,E08058,440,408,11,0,440,143,6,150,436,7,447,150,170
E08059,E08059,E08059,661,621,10,0,661,191,0,194,669,0,677,194,208
E08060,E08060,E08060,556,506,5,0,555,172,1,175,567,2,571,174,187
E08061,E08061,E08061,256,242,1,0,256,73,0,78,244,0,255,77,81
E08062,E08062,E08062,261,240,3,0,260,80,2,89,250,5,268,85,98
E08063,E08063,E08063,137,116,3,0,137,48,0,50,141,0,147,50,58
E08064,E08064,E08064,379,358,1,0,379,115,0,120,368,0,383,119,147
E08065,E08065,E08065,982,927,8,0,974,318,1,321,999,1,1005,320,350
E08066,E08066,E08066,2998,2686,97,0,2986,1063,89,1174,2650,164,2867,1173,1389
E08067,E08067,E08067,2260,1955,33,0,2256,813,45,880,2167,65,2288,876,1074
E08068,E08068,E08068,90,88,1,0,90,28,0,31,91,0,96,30,31
E08069,E08069,E08069,463,439,1,0,463,154,2,156,474,5,479,156,169
E08070,E08070,E08070,6547,5436,284,0,6519,2167,220,2457,6078,348,6584,2463,2973
E08071,E08071,E08071,14676,11468,1047,0,14612,4480,229,4804,12933,393,13619,4817,5554
E08072,E08072,E08072,3639,2623,204,0,3626,1266,239,1531,3195,423,3667,1535,1852
E08073,E08073,E08073,287,265,3,0,283,82,0,87,282,0,289,85,99
E08074,E08074,E08074,469,437,6,0,464,137,0,138,463,0,465,137,147
E08075,E08075,E08075,577,548,3,0,577,172,1,177,571,1,581,177,196
E08076,E08076,E08076,894,831,9,0,891,284,3,295,854,9,874,289,315
E08077,E08077,E08077,175,160,2,0,174,57,1,61,166,2,176,58,74
E08078,E08078,E08078,229,216,2,0,229,87,0,87,226,0,226,87,104
E08079,E08079,E08079,200,189,0,0,197,62,2,64,194,4,198,64,71
E08080,E08080,E08080,805,725,10,0,799,298,6,309,791,13,822,309,444
E08081,E08081,E08081,208,174,4,0,203,70,2,75,204,4,212,74,86
E08082,E08082,E08082,405,371,4,0,404,148,0,150,407,0,410,150,182
E08083,E08083,E08083,244,220,5,0,244,93,0,94,260,0,262,93,105
E08084,E08084,E08084,281,265,4,0,279,100,0,102,286,0,292,101,117
E08085,E08085,E08085,141,134,0,0,141,52,0,52,142,0,142,52,60
E08086,E08086,E08086,134,127,1,0,134,45,0,45,135,0,135,45,50
E08087,E08087,E08087,559,498,6,0,556,212,0,212,571,0,571,213,236
E08088,E08088,E08088,343,312,9,0,341,107,0,109,342,0,345,108,121
E08089,E08089,E08089,421,381,3,0,417,123,2,128,418,2,426,126,142
E08090,E08090,E08090,615,591,3,0,613,205,1,208,618,1,622,208,233
E08091,E08091,E08091,174,156,1,0,174,60,0,60,170,0,170,60,66
E08092,E08092,E08092,751,683,10,0,751,261,1,269,749,1,765,267,304
E08093,E08093,E08093,179,164,1,0,178,64,0,65,176,0,178,65,80
E08094,E08094,E08094,4543,3705,196,0,4518,1540,27,1590,4448,53,4560,1592,1816
E08095,E08095,E08095,319,301,3,0,318,110,0,112,322,0,325,110,126
E08096,E08096,E08096,460,426,2,0,459,137,0,140,452,0,464,138,155
E08097,E08097,E08097,308,280,0,0,306,95,3,101,300,9,314,101,110
E08098,E08098,E08098,370,343,1,0,370,123,0,128,374,0,380,125,134
E09001,E09001,E09001,3163,2171,230,0,3147,1120,277,1432,2547,506,3144,1435,1990
E09002,E09002,E09002,943,676,47,0,932,346,20,375,887,32,945,379,491
E09003,E09003,E09003,456,393,12,0,448,166,0,168,454,0,456,167,206
E09004,E09004,E09004,2327,1782,76,0,2313,805,55,872,2185,97,2310,876,1231
E09005,E09005,E09005,323,304,4,0,319,112,0,116,308,0,317,117,141
E09006,E09006,E09006,572,523,4,0,567,213,0,218,567,0,581,217,313
E09007,E09007,E09007,457,407,8,0,456,149,3,158,437,3,451,158,187
E09008,E09008,E09008,497,442,13,0,497,167,1,170,496,1,501,171,210
E09009,E09009,E09009,525,475,4,0,524,202,0,206,510,0,520,206,267
E09010,E09010,E09010,953,790,25,0,942,338,3,348,950,4,967,347,468
E09011,E09011,E09011,707,625,12,0,707,249,0,258,709,0,725,255,302
E09012,E09012,E09012,356,303,3,0,354,125,0,129,341,0,349,128,161
E09013,E09013,E09013,340,300,5,0,339,122,4,126,334,6,340,126,165
E09014,E09014,E09014,598,526,13,0,595,221,3,230,577,6,601,231,285
E09015,E09015,E09015,252,224,2,0,249,100,0,101,257,0,258,102,119
E09016,E09016,E09016,188,169,2,0,183,67,0,69,184,0,188,68,91
E09017,E09017,E09017,597,547,5,0,595,206,1,209,590,1,598,209,273
E09018,E09018,E09018,371,342,5,0,366,121,0,121,373,0,373,122,145
E09019,E09019,E09019,313,297,2,0,313,113,0,113,322,0,322,113,146
E09020,E09020,E09020,241,212,6,0,241,81,0,81,246,0,246,82,107
E09021,E09021,E09021,128,116,0,0,128,46,0,47,133,0,137,47,63
E09022,E09022,E09022,188,178,2,0,187,65,0,65,186,0,186,65,74
E09023,E09023,E09023,138,127,3,0,137,51,0,51,142,0,142,51,59
E09024/09035,E09024/09035,E09024/09035,217,204,4,0,217,78,1,83,208,2,223,83,102
E09025,E09025,E09025,338,305,3,0,332,116,0,118,328,0,335,118,150
E09026,E09026,E09026,296,268,0,0,294,100,1,101,301,1,302,101,118
E09027,E09027,E09027,1021,758,12,0,1014,376,19,401,971,41,1027,401,566
E09028,E09028,E09028,151,144,0,0,151,57,0,58,153,0,157,58,71
E09029,E09029,E09029,139,128,0,0,139,48,0,49,140,0,141,49,70
E09030,E09030,E09030,2008,1383,165,0,1998,674,27,718,1886,56,1983,719,986
E09031,E09031,E09031,377,339,14,0,372,118,0,122,362,0,375,121,139
E09032,E09032,E09032,218,194,4,0,217,69,0,72,213,0,224,72,86
E09033,E09033,E09033,315,288,2,0,315,122,2,130,304,2,318,128,166
E09034,E09034,E09034,299,283,3,0,298,99,1,103,286,6,301,103,135
E09036,E09036,E09036,285,261,4,0,284,104,2,109,285,4,293,108,153
E09037,E09037,E09037,684,576,12,0,679,225,1,231,667,2,680,232,284
E09038,E09038,E09038,613,554,8,0,610,224,2,233,612,2,627,231,288
E09039,E09039,E09039,460,411,9,0,459,149,0,150,465,0,471,150,190
E09040,E09040,E09040,546,489,8,0,542,195,1,196,551,1,552,196,277
E09041,E09041,E09041,501,438,4,0,498,184,0,187,499,0,504,185,250
E09042,E09042,E09042,816,720,15,0,808,276,0,280,821,0,828,278,349
E09043,E09043,E09043,2061,1689,119,0,2052,690,2,700,2055,5,2084,702,831
E09044,E09044,E09044,616,548,11,0,615,215,2,223,613,2,633,224,291
E09045,E09045,E09045,727,648,17,0,719,241,1,244,721,1,725,245,360
E09046,E09046,E09046,399,356,5,0,394,139,0,142,397,0,404,141,174
E09047,E09047,E09047,428,390,5,0,427,160,3,164,428,3,432,163,218
E09048,E09048,E09048,1387,1079,81,0,1382,510,4,519,1380,10,1405,520,667
E09049,E09049,E09049,432,361,26,0,432,157,0,167,416,0,438,166,213
E09050,E09050,E09050,293,256,2,0,288,121,0,123,294,0,298,121,150
E09051,E09051,E09051,5492,3944,306,0,5459,1796,64,1927,4981,110,5302,1933,2384
E09052,E09052,E09052,250,217,0,0,248,78,0,80,249,0,255,80,111
E09053,E09053,E09053,668,605,8,0,666,216,1,224,664,1,681,224,307
E09054,E09054,E09054,902,754,37,0,897,344,21,368,874,35,914,370,494
E09055,E09055,E09055,1428,1192,35,0,1418,544,7,568,1367,7,1417,566,749
E10001,E10001,E10001,9806,7828,643,0,9748,3307,513,3960,8267,922,9468,3973,4799
E10002,E10002,E10002,4004,3136,194,0,3983,1307,201,1526,3485,419,3951,1527,1668
E10003,E10003,E10003,6042,5085,256,0,5991,2039,208,2317,5415,401,5983,2320,2594
E10004,E10004,E10004,2148,1707,183,0,2143,847,115,979,1851,265,2154,981,1189
E10005,E10005,E10005,1169,788,77,0,1164,354,136,513,852,268,1159,517,654
E10006,E10006,E10006,1449,1092,51,0,1362,568,77,659,1215,117,1357,674,904
E10007,E10007,E10007,6039,4685,260,0,6009,2235,119,2385,5779,181,6030,2394,2832
E10008,E10008,E10008,2875,2577,28,0,2855,929,12,957,2851,18,2901,954,1048
E10009,E10009,E10009,4554,3847,162,0,4546,1554,112,1726,4134,215,4469,1728,2015
E10010,E10010,E10010,1617,1408,33,0,1611,584,38,637,1505,67,1611,637,784
E10011,E10011,E10011,648,595,8,0,647,207,1,214,640,2,657,211,242
E10012,E10012,E10012,1770,1516,67,0,1762,550,40,598,1697,71,1787,596,684
E10013,E10013,E10013,610,554,10,0,607,195,0,196,617,0,619,195,221
E10014,E10014,E10014,2187,1843,49,0,2173,720,7,740,2150,19,2201,737,805
E10015,E10015,E10015,1526,1363,28,0,1513,456,28,487,1475,50,1529,487,582
E10016,E10016,E10016,2796,2451,90,0,2784,922,49,978,2719,84,2818,976,1067
E10017,E10017,E10017,620,561,6,0,618,191,2,196,628,3,638,195,212
E10018,E10018,E10018,1059,932,16,0,1054,357,3,362,1051,9,1069,363,397
E10019,E10019,E10019,2213,1633,37,0,2194,691,4,706,2135,6,2169,704,794
E10020,E10020,E10020,744,587,10,0,741,238,0,238,755,0,755,238,262
E10021,E10021,E10021,1801,1320,45,0,1754,612,31,664,1621,52,1718,671,1161
E10022,E10022,E10022,1012,867,14,0,1012,329,0,332,1027,0,1034,332,356
E10023,E10023,E10023,4210,3587,159,0,4198,1328,67,1447,3901,122,4168,1448,1637
E10024,E10024,E10024,787,584,5,0,783,262,0,269,786,0,804,270,327
E10025,E10025,E10025,568,501,14,0,568,196,1,200,571,1,576,197,227
E10026,E10026,E10026,1257,684,26,0,1226,410,11,430,1201,19,1248,437,695
E10027,E10027,E10027,18160,13703,1372,0,18046,6058,278,6525,16930,559,18007,6560,7367
E10028,E10028,E10028,991,806,3,0,984,311,2,318,984,4,997,319,360
E10029,E10029,E10029,1169,940,14,0,1152,387,0,389,1170,0,1175,390,522
E10030,E10030,E10030,6390,5054,200,0,6352,2191,77,2287,6254,122,6433,2298,2789
E10031,E10031,E10031,1173,943,17,0,1169,370,0,375,1176,0,1190,374,447
E10032,E10032,E10032,799,733,5,0,798,263,1,266,804,2,808,264,294
E10033,E10033,E10033,1505,1319,35,0,1499,512,9,530,1496,10,1522,529,603
E10034,E10034,E10034,807,724,6,0,803,252,1,257,804,2,815,257,282
E10035,E10035,E10035,1352,1138,17,0,1345,417,1,429,1345,5,1366,425,509
E10036,E10036,E10036,1018,669,17,0,985,331,3,337,995,5,1004,340,394
E10037,E10037,E10037,3031,2622,115,0,3021,993,16,1027,3004,29,3076,1025,1267
E10038,E10038,E10038,918,826,18,0,914,297,3,300,929,11,940,300,330
E10039,E10039,E10039,1342,1211,28,0,1335,442,1,447,1343,1,1354,444,489
E10040,E10040,E10040,1723,1573,18,0,1722,522,1,524,1760,1,1762,524,566
E10041,E10041,E10041,9151,7385,729,0,9120,2879,89,2998,8939,173,9180,2999,3212
E10042,E10042,E10042,3294,2860,108,0,3267,1019,22,1057,3208,33,3277,1056,1223
E10047,E10047,E10047,6563,5299,364,0,6527,2029,95,2190,6207,168,6560,2194,2376
E11001,E11001,E11001,2003,1693,45,0,1991,742,101,864,1809,139,1986,867,1049
E11002,E11002,E11002,3168,2059,246,0,3138,889,492,1403,2198,908,3142,1410,1824
E11003,E11003,E11003,1269,931,53,0,1227,421,130,564,963,234,1222,567,672
E11004,E11004,E11004,1290,1193,9,0,1281,454,6,465,1293,9,1310,464,532
E11005,E11005,E11005,594,550,12,0,594,202,1,210,592,1,607,205,218
E11006,E11006,E11006,1221,1135,15,0,1217,430,5,439,1242,10,1257,436,477
E11007,E11007,E11007,1054,961,13,0,1051,324,3,331,1017,6,1037,330,358
E11008,E11008,E11008,10994,8603,412,0,10900,2995,667,3736,9482,1421,11119,3744,4121
E11009,E11009,E11009,9578,7914,416,0,9496,2610,410,3049,8638,862,9590,3063,3407
E11010,E11010,E11010,5676,4863,186,0,5638,1696,148,1872,5345,284,5702,1872,2050
E11011,E11011,E11011,3025,2413,111,0,3000,888,117,1032,2644,246,2961,1023,1118
E11012,E11012,E11012,1091,990,13,0,1084,350,2,358,1094,3,1111,355,414
E11013,E11013,E11013,1388,1252,24,0,1378,486,18,510,1371,23,1408,510,581
E11014,E11014,E11014,1507,1380,27,0,1494,470,7,487,1513,13,1542,484,527
E11015,E11015,E11015,990,893,12,0,980,286,7,301,940,18,989,294,331
E11016,E11016,E11016,10561,9007,474,0,10500,2873,345,3253,9766,715,10578,3255,3500
E11017,E11017,E11017,1039,931,29,0,1026,339,7,349,1024,11,1044,349,385
E11018,E11018,E11018,1448,1290,38,0,1435,469,9,488,1419,13,1456,489,547
E11019,E11019,E11019,680,620,10,0,679,227,1,232,675,2,690,231,267
E11020,E11020,E11020,223,205,1,0,221,69,1,71,219,3,225,70,77
E11021,E11021,E11021,500,458,11,0,496,163,2,171,487,3,502,169,186
E11022,E11022,E11022,297,266,4,0,294,102,1,103,308,1,309,103,117
E11023,E11023,E11023,266,244,3,0,265,86,0,86,268,0,268,86,92
E11024,E11024,E11024,473,444,10,0,473,161,1,163,478,1,481,162,177
E11025,E11025,E11025,466,429,9,0,464,157,1,158,472,1,473,158,183
E11026,E11026,E11026,4468,3540,176,0,4438,1536,18,1573,4394,28,4471,1574,1749
E11027,E11027,E11027,366,333,7,0,365,119,1,123,366,1,376,122,137
E11028,E11028,E11028,386,330,7,0,378,126,1,129,373,1,377,128,149
E11029,E11029,E11029,761,701,6,0,760,249,4,260,698,7,728,258,325
E11030,E11030,E11030,387,349,9,0,386,137,1,138,398,1,399,138,150
E11031,E11031,E11031,405,380,2,0,405,145,0,147,409,0,418,147,165
E11032,E11032,E11032,479,436,9,0,475,172,1,175,485,2,489,174,195
E11033,E11033,E11033,663,612,6,0,659,202,2,215,653,3,679,211,239
E11034,E11034,E11034,241,223,5,0,239,80,0,83,241,0,245,83,96
E11035,E11035,E11035,609,571,4,0,605,213,1,216,603,2,613,215,242
E11036,E11036,E11036,409,379,2,0,409,139,0,142,408,0,418,142,161
E11037,E11037,E11037,886,783,33,0,886,285,10,298,868,19,898,297,333
E11038,E11038,E11038,748,654,12,0,739,259,7,275,725,9,749,274,315
E11039,E11039,E11039,198,179,0,0,194,59,0,60,201,0,203,61,75
E11040,E11040,E11040,405,373,3,0,405,129,3,133,393,5,404,133,149
E11041,E11041,E11041,886,797,14,0,885,290,0,303,887,0,912,297,333
E11042,E11042,E11042,328,310,4,0,328,108,1,111,328,1,335,110,130
E11043,E11043,E11043,1911,1741,36,0,1900,627,9,648,1890,16,1931,644,712
E11044,E11044,E11044,5177,4582,131,0,5162,1647,51,1732,4997,89,5183,1735,1926
E11045,E11045,E11045,9606,7755,720,0,9524,2734,405,3303,8318,942,9570,3229,3858
E11046,E11046,E11046,561,526,3,0,556,186,2,189,550,7,558,188,212
E11047,E11047,E11047,10769,8743,583,0,10705,3334,269,3681,10116,541,10852,3689,4192
E11048,E11048,E11048,4696,4061,149,0,4594,1361,32,1413,4266,76,4391,1416,1559
E11049,E11049,E11049,1977,1780,32,0,1947,651,2,660,1974,5,1996,658,721
E11050,E11050,E11050,949,872,24,0,946,297,1,308,959,1,978,304,327
E11051,E11051,E11051,1132,1031,15,0,1130,360,0,363,1152,0,1156,362,386
E11052,E11052,E11052,1017,919,17,0,1007,321,4,334,1004,9,1035,333,354
E11053,E11053,E11053,1741,1623,18,0,1738,542,3,555,1733,10,1768,556,615
E11054,E11054,E11054,1958,1769,42,0,1952,613,6,633,1943,16,1987,628,692
E11055,E11055,E11055,26657,21036,1533,0,26527,8246,561,8918,25183,1124,26639,8931,9743
E11056,E11056,E11056,1175,1076,24,0,1171,378,6,391,1154,11,1188,389,420
E11057,E11057,E11057,618,578,2,0,618,212,2,218,616,4,628,215,225
E11058,E11058,E11058,1834,1597,53,0,1824,578,66,657,1682,135,1847,659,743
E11059,E11059,E11059,620,546,12,0,613,199,4,211,601,6,624,209,225
E11060,E11060,E11060,1193,1053,35,0,1171,351,7,366,1044,14,1068,362,398
E11061,E11061,E11061,465,424,8,0,456,165,0,166,461,0,462,169,216
E11062,E11062,E11062,323,291,11,0,321,119,1,121,316,2,321,121,139
E11063,E11063,E11063,270,248,4,0,267,101,0,101,272,0,272,101,120
E11064,E11064,E11064,382,341,1,0,376,135,3,140,373,6,383,140,183
E11065,E11065,E11065,216,188,1,0,215,74,0,76,220,0,224,76,94
E11066,E11066,E11066,416,362,9,0,412,148,1,154,409,1,427,154,193
E11067,E11067,E11067,2324,1782,53,0,2307,782,50,849,2190,96,2327,851,974
E11068,E11068,E11068,237,216,3,0,234,81,0,84,231,0,237,85,100
E11069,E11069,E11069,842,752,22,0,841,271,4,283,824,12,858,281,321
E11070,E11070,E11070,2531,2060,98,0,2524,801,107,921,2308,195,2540,922,1061
E11071,E11071,E11071,536,493,8,0,534,153,1,156,485,1,491,156,182
E11072,E11072,E11072,714,655,15,0,713,230,9,242,715,15,739,241,255
E11073,E11073,E11073,471,439,4,0,471,135,0,141,454,0,473,141,165
E11074,E11074,E11074,1852,1639,59,0,1850,609,5,630,1836,17,1889,629,708
E11075,E11075,E11075,503,464,5,0,497,164,0,172,493,0,515,168,180
E11076,E11076,E11076,468,420,8,0,463,145,1,148,463,1,471,148,153
E11077,E11077,E11077,909,839,27,0,907,290,5,295,913,10,923,295,317
E11078,E11078,E11078,666,613,14,0,659,214,3,220,646,9,665,220,252
E11079,E11079,E11079,1201,1057,32,0,1196,370,11,388,1197,14,1229,388,429
E11080,E11080,E11080,507,464,12,0,505,156,1,164,487,1,503,159,183
E11081,E11081,E11081,4006,3368,198,0,3994,1240,64,1322,3813,140,4003,1324,1472
E11082,E11082,E11082,450,403,12,0,441,146,0,146,445,0,445,146,160
E11083,E11083,E11083,323,295,5,0,323,112,1,116,333,1,338,115,125
E11084,E11084,E11084,1232,1089,31,0,1224,399,7,412,1225,11,1249,412,461
E11085,E11085,E11085,2094,1842,73,0,2090,671,28,707,2042,42,2104,707,846
E11086,E11086,E11086,518,486,10,0,517,171,1,177,529,1,536,176,195
E11087,E11087,E11087,570,528,8,0,564,170,1,179,557,2,575,176,191
E11088,E11088,E11088,488,463,3,0,487,149,1,155,488,1,499,153,167
E11089,E11089,E11089,1330,1237,17,0,1325,438,2,451,1334,3,1365,449,515
E11090,E11090,E11090,970,858,19,0,961,301,4,311,965,7,984,309,340
E11091,E11091,E11091,1299,1114,36,0,1290,416,25,447,1278,45,1333,448,508
E11092,E11092,E11092,8005,6498,281,0,7898,2498,133,2671,7468,252,7834,2658,3031
E12001,E12001,E12001,4428,3513,123,0,4410,1455,154,1692,3830,278,4323,1667,2013
E12002,E12002,E12002,11346,8926,484,0,11250,3670,437,4223,10003,711,10984,4212,4872
E12003,E12003,E12003,736,684,6,0,732,242,4,251,735,4,757,248,289
E12004,E12004,E12004,1993,1724,34,0,1985,667,35,714,1887,46,1954,722,897
E12005,E12005,E12005,1288,1107,16,0,1276,437,2,449,1267,6,1303,445,514
E12006,E12006,E12006,120,107,0,0,120,42,0,43,119,0,120,42,48
E12007,E12007,E12007,983,900,7,0,973,349,0,349,986,0,986,349,413
E12008,E12008,E12008,337,314,1,0,335,113,0,114,343,0,344,115,145
E12009,E12009,E12009,300,286,1,0,300,96,0,97,305,0,307,96,120
E12010,E12010,E12010,248,233,0,0,248,83,1,85,262,1,264,84,107
E12011,E12011,E12011,457,424,8,0,456,157,0,157,465,0,465,157,181
E12012,E12012,E12012,323,301,3,0,323,109,0,109,333,0,333,109,118
E12013,E12013,E12013,354,330,3,0,353,122,1,126,358,1,363,123,144
E12014,E12014,E12014,145,133,0,0,145,53,0,53,146,0,146,53,59
E12015,E12015,E12015,1222,1099,26,0,1210,442,1,451,1204,1,1222,450,538
E12016,E12016,E12016,575,544,0,0,573,173,1,177,521,1,526,177,216
E12017,E12017,E12017,309,284,6,0,308,108,0,108,315,0,315,108,134
E12018,E12018,E12018,348,332,2,0,348,122,0,125,343,0,346,123,144
E12019,E12019,E12019,385,365,4,0,383,136,0,137,391,0,392,137,151
E12020,E12020,E12020,1304,1187,17,0,1301,481,2,493,1316,5,1339,488,581
E12021,E12021,E12021,275,265,1,0,274,87,0,89,272,0,278,88,99
E12022,E12022,E12022,512,467,2,0,508,170,2,178,496,4,510,176,232
E12023,E12023,E12023,174,156,2,0,174,59,0,60,180,0,181,59,72
E12024,E12024,E12024,367,333,4,0,366,126,0,128,372,0,374,127,139
E12025,E12025,E12025,167,148,0,0,163,51,0,52,160,0,162,52,59
E12026,E12026,E12026,360,322,13,0,357,123,1,125,363,1,365,124,154
E12027,E12027,E12027,544,481,11,0,536,181,0,182,536,0,538,184,208
E12028,E12028,E12028,252,230,6,0,252,81,0,83,257,0,260,82,95
E12029,E12029,E12029,626,592,6,0,622,217,0,219,626,0,629,220,265
E12030,E12030,E12030,490,460,2,0,490,146,0,149,490,0,493,148,162
E12031,E12031,E12031,299,275,0,0,289,114,3,119,299,4,305,121,140
E12032,E12032,E12032,334,318,1,0,334,110,1,120,319,1,332,116,131
E12033,E12033,E12033,733,688,0,0,733,240,3,258,707,11,748,247,267
E12035,E12035,E12035,1325,1205,21,0,1316,447,1,455,1322,1,1339,456,515
E12036,E12036,E12036,646,597,6,0,641,199,0,205,629,0,646,204,222
E12037,E12037,E12037,1012,933,19,0,1009,326,0,335,996,0,1017,333,368
E12038,E12038,E12038,745,702,4,0,745,242,0,249,722,0,748,246,267
E12039,E12039,E12039,420,372,4,0,417,138,0,144,409,0,425,143,167
E12040,E12040,E12040,526,502,4,0,526,154,0,161,515,0,537,159,184
E12041,E12041,E12041,856,776,9,0,847,274,1,276,854,2,857,276,296
E12042,E12042,E12042,6490,5020,277,0,6457,2066,193,2316,5991,331,6468,2317,2668
E12043/12034,E12043/12034,E12043/12034,441,420,2,0,440,149,1,152,438,1,446,151,173
E12044,E12044,E12044,189,172,3,0,189,58,0,60,193,0,195,58,62
E12045,E12045,E12045,831,748,16,0,825,267,3,274,833,4,844,273,298
E12046,E12046,E12046,374,339,3,0,370,133,0,136,380,0,386,135,158
E12047,E12047,E12047,158,144,1,0,156,55,1,56,155,1,156,56,63
E12048,E12048,E12048,156,137,3,0,155,54,1,57,156,1,161,57,64
E12049,E12049,E12049,211,198,3,0,209,64,0,64,213,0,213,65,76
E12050,E12050,E12050,703,658,6,0,695,243,1,247,681,6,698,247,301
E12051,E12051,E12051,358,338,0,0,357,123,1,125,362,1,367,125,144
E12052,E12052,E12052,487,453,4,0,485,154,1,156,488,1,491,156,178
E12053,E12053,E12053,299,273,7,0,299,98,2,105,292,2,302,102,110
E12054,E12054,E12054,672,610,9,0,652,165,0,167,474,0,478,167,192
E12055,E12055,E12055,149,148,0,0,148,43,0,46,138,0,147,46,52
E12056,E12056,E12056,949,866,18,0,947,351,3,357,914,7,930,359,442
E12057,E12057,E12057,212,186,2,0,207,81,0,83,199,0,202,82,101
E12058,E12058,E12058,109,106,0,0,109,35,0,36,108,0,113,36,43
E12059,E12059,E12059,561,516,8,0,561,179,2,182,560,3,565,181,201
E12060,E12060,E12060,381,349,4,0,380,117,1,123,370,3,386,122,133
E12061,E12061,E12061,378,357,1,0,377,111,1,115,368,1,373,116,124
E12062,E12062,E12062,1490,1354,26,0,1477,502,2,512,1496,3,1512,508,567
E12063,E12063,E12063,3894,3573,63,0,3885,1334,13,1389,3752,21,3909,1372,1617
E12064,E12064,E12064,535,511,2,0,535,177,0,181,537,0,547,180,202
E12065,E12065,E12065,1462,1361,16,0,1460,488,6,513,1416,12,1468,513,588
E12066,E12066,E12066,293,272,2,0,292,88,0,90,294,0,302,90,96
E12067,E12067,E12067,741,676,25,0,737,233,2,241,740,3,755,240,259
E12068,E12068,E12068,1617,1513,19,0,1611,526,0,532,1621,0,1641,532,590
E12069,E12069,E12069,361,340,7,0,360,112,1,114,357,5,367,116,125
E12070,E12070,E12070,564,525,10,0,564,183,0,186,564,0,573,184,201
E12071,E12071,E12071,364,325,8,0,361,114,0,117,362,0,368,116,140
E12072,E12072,E12072,522,489,0,0,521,169,0,169,532,0,532,169,189
E12073,E12073,E12073,1257,1172,7,0,1250,394,2,414,1239,3,1275,407,434
E12074,E12074,E12074,270,251,5,0,270,86,0,87,272,0,273,86,103
E12075,E12075,E12075,651,601,15,0,648,215,0,219,643,0,653,219,254
E12076,E12076,E12076,253,241,2,0,248,72,0,74,250,0,255,72,80
E12077,E12077,E12077,160,147,2,0,159,46,0,47,144,0,147,46,53
E12078,E12078,E12078,2366,2055,64,0,2358,764,36,815,2205,75,2328,817,1009
E12079,E12079,E12079,720,670,10,0,719,222,2,227,709,2,716,227,255
E12080,E12080,E12080,424,377,9,0,422,148,0,156,412,0,432,154,163
E12081,E12081,E12081,440,421,3,0,440,143,0,146,444,0,449,144,158
E12082,E12082,E12082,403,375,4,0,401,130,2,136,401,2,407,135,158
E12083,E12083,E12083,1462,1343,33,0,1452,452,1,459,1408,1,1427,460,493
E12084,E12084,E12084,717,676,5,0,713,237,0,239,711,0,717,239,282
E12085,E12085,E12085,261,236,2,0,261,87,0,88,263,0,264,87,102
E12086,E12086,E12086,458,424,7,0,454,140,2,143,460,4,465,142,154
E12087,E12087,E12087,3030,2045,315,0,2999,1037,7,1059,2977,20,3038,1058,1169
E13001,E13001,E13001,4131,2915,394,0,3924,1158,475,1698,2686,864,3686,1748,2270
E13002,E13002,E13002,3165,2520,149,0,3130,1083,238,1339,2623,401,3066,1349,1698
E13003,E13003,E13003,7307,5263,798,0,7161,2183,299,2560,6035,544,6804,2645,3246
E13004,E13004,E13004,712,643,13,0,704,235,1,238,706,1,713,239,268
E13005,E13005,E13005,239,229,0,0,236,69,0,73,235,0,246,73,84
E13006,E13006,E13006,563,496,17,0,560,187,0,189,558,0,564,188,212
E13007,E13007,E13007,751,706,8,0,744,241,0,244,764,0,774,244,267
E13008,E13008,E13008,675,620,13,0,666,231,3,239,667,3,686,240,283
E13009,E13009,E13009,840,749,21,0,834,272,11,287,816,14,837,285,338
E13010,E13010,E13010,405,380,2,0,404,130,2,133,409,4,415,132,151
E13011,E13011,E13011,365,310,11,0,335,111,3,116,334,5,344,125,168
E13012,E13012,E13012,3046,2540,92,0,3034,1053,77,1154,2844,125,3020,1155,1421
E13013,E13013,E13013,617,560,12,0,617,198,0,201,629,0,636,198,228
E13014,E13014,E13014,2794,2334,138,0,2769,926,14,957,2756,29,2841,956,1061
E13015,E13015,E13015,173,159,3,0,173,61,0,61,178,0,178,62,70
E13016,E13016,E13016,665,611,13,0,665,222,1,229,670,2,681,226,258
E13017,E13017,E13017,266,246,2,0,263,90,1,91,267,2,269,92,105
E13018,E13018,E13018,441,390,5,0,434,135,3,139,427,12,441,139,153
E13019,E13019,E13019,668,579,10,0,663,241,2,247,662,3,670,247,293
E13020,E13020,E13020,239,212,4,0,238,87,0,87,237,0,237,88,95
E13021,E13021,E13021,273,255,5,0,267,85,0,86,271,0,272,86,96
E13022,E13022,E13022,413,361,2,0,411,128,0,128,410,0,410,128,138
E13023,E13023,E13023,113,101,0,0,113,37,0,38,108,0,114,38,50
E13024,E13024,E13024,196,183,3,0,196,72,0,73,196,0,198,72,88
E13025,E13025,E13025,143,127,4,0,143,44,0,46,126,0,137,46,56
E13026,E13026,E13026,155,131,1,0,153,52,0,53,157,0,158,52,70
E13027,E13027,E13027,253,229,6,0,251,87,0,89,253,0,257,88,109
E13028,E13028,E13028,290,249,3,0,290,101,9,110,269,19,288,111,148
E13029,E13029,E13029,272,249,1,0,269,94,0,94,268,0,268,94,123
E13030,E13030,E13030,193,174,1,0,190,60,0,61,183,0,184,62,73
E13031,E13031,E13031,113,98,2,0,111,45,0,45,114,0,114,45,59
E13032,E13032,E13032,318,289,5,0,316,114,2,121,318,3,327,118,166
E13033,E13033,E13033,303,254,4,0,302,111,0,111,319,0,319,112,128
E13034,E13034,E13034,134,118,3,0,134,51,0,54,133,0,138,54,68
E13035,E13035,E13035,280,256,6,0,279,92,0,98,274,0,285,97,112
E13036,E13036,E13036,268,251,2,0,267,81,0,84,266,0,271,83,95
E13037,E13037,E13037,266,234,2,0,264,86,0,87,272,0,273,87,97
E13038,E13038,E13038,500,454,5,0,500,153,2,162,491,4,514,157,187
E13039,E13039,E13039,474,387,11,0,472,179,6,187,465,8,479,188,228
E13040,E13040,E13040,271,241,8,0,271,99,0,102,271,0,279,101,112
E13041,E13041,E13041,1024,863,59,0,1019,353,9,366,1025,15,1050,366,443
E13042,E13042,E13042,236,205,11,0,234,90,1,91,241,1,242,92,107
E13043,E13043,E13043,409,366,4,0,408,135,0,141,413,0,425,141,171
E13044,E13044,E13044,399,335,11,0,394,126,4,136,380,7,403,135,154
E13045,E13045,E13045,264,230,5,0,259,99,0,101,262,0,267,100,119
E13046,E13046,E13046,169,156,3,0,169,68,0,71,163,0,176,69,114
E13047,E13047,E13047,1011,898,31,0,1006,343,2,353,1015,6,1034,354,417
E13048,E13048,E13048,441,391,10,0,441,152,0,153,454,0,456,153,178
E13049,E13049,E13049,222,195,4,0,220,73,1,76,210,2,219,76,92
E13050,E13050,E13050,1241,1103,21,0,1238,439,7,460,1161,14,1215,463,600
E13051,E13051,E13051,426,391,2,0,426,135,0,137,429,0,431,136,150
E13052,E13052,E13052,327,301,5,0,327,98,0,102,295,0,305,99,111
E13053,E13053,E13053,275,242,6,0,274,86,0,91,279,0,290,88,99
E13054/13085,E13054/13085,E13054/13085,681,543,40,0,620,163,0,169,450,0,459,169,193
E13055,E13055,E13055,707,637,10,0,706,244,3,257,699,4,726,256,293
E13056,E13056,E13056,316,285,5,0,314,106,4,110,317,4,321,110,123
E13057,E13057,E13057,533,489,11,0,533,185,2,189,521,2,532,189,217
E13058,E13058,E13058,759,681,24,0,742,238,9,250,730,15,752,251,277
E13059,E13059,E13059,310,290,2,0,308,104,0,104,328,0,328,104,123
E13060,E13060,E13060,902,769,26,0,874,254,47,304,790,87,882,308,352
E13061,E13061,E13061,1718,1561,60,0,1713,550,6,563,1713,15,1743,564,622
E13062,E13062,E13062,749,687,12,0,745,253,0,254,763,0,765,255,290
E13063,E13063,E13063,313,278,9,0,310,95,3,99,308,3,313,98,117
E13064,E13064,E13064,332,300,0,0,332,107,0,108,336,0,337,107,119
E13065,E13065,E13065,632,576,5,0,630,199,1,205,597,1,612,204,240
E13066,E13066,E13066,448,411,4,0,448,154,1,160,439,2,453,159,181
E13067,E13067,E13067,272,240,5,0,270,90,1,93,263,6,274,92,104
E13068,E13068,E13068,250,235,1,0,250,85,0,88,249,0,255,87,102
E13069,E13069,E13069,214,194,3,0,214,75,0,80,213,0,223,80,102
E13070,E13070,E13070,409,371,9,0,407,130,1,131,414,1,415,131,151
E13071,E13071,E13071,444,406,2,0,442,130,0,130,455,0,455,130,139
E13072,E13072,E13072,184,173,1,0,180,68,0,69,176,0,177,68,93
E13073,E13073,E13073,251,226,4,0,251,82,1,86,248,1,259,87,97
E13074,E13074,E13074,558,501,20,0,555,170,1,176,554,4,568,173,202
E13075,E13075,E13075,706,643,6,0,703,225,0,227,715,0,721,229,266
E13076,E13076,E13076,588,525,9,0,584,190,0,192,596,0,604,192,203
E13077,E13077,E13077,401,366,8,0,401,132,0,133,405,0,410,133,154
E13078,E13078,E13078,129,115,5,0,129,51,0,51,135,0,135,51,66
E13079,E13079,E13079,1523,1103,110,0,1502,532,53,603,1394,94,1532,602,746
E13080,E13080,E13080,612,573,2,0,610,204,5,217,581,6,609,215,262
E13081,E13081,E13081,362,333,8,0,362,118,0,118,363,0,363,119,143
E13082,E13082,E13082,1682,1491,54,0,1678,525,22,562,1526,47,1604,562,691
E13083,E13083,E13083,2830,2334,194,0,2824,907,49,972,2742,80,2852,979,1103
E13084,E13084,E13084,554,491,9,0,551,178,0,182,541,0,552,179,204
E13086,E13086,E13086,214,198,4,0,214,75,0,76,219,0,220,76,88
E13087,E13087,E13087,321,306,4,0,320,107,2,109,310,8,318,109,130
E13088,E13088,E13088,300,254,8,0,295,92,1,94,300,1,305,94,105
E13089,E13089,E13089,10356,8077,714,0,10314,3328,103,3491,9749,209,10126,3498,3910
E13090,E13090,E13090,5315,4034,257,0,5277,1694,344,2070,4560,541,5178,2078,2501
E13091,E13091,E13091,4099,3112,215,0,4046,1266,449,1768,3185,801,4095,1777,2181
E13092,E13092,E13092,605,517,33,0,602,190,2,203,542,3,558,199,243
E13093,E13093,E13093,216,207,3,0,213,72,0,73,215,0,216,73,91
E13094,E13094,E13094,421,398,3,0,420,156,0,156,438,0,438,156,181
E13095,E13095,E13095,328,309,4,0,328,104,1,108,331,1,339,108,125
E13096,E13096,E13096,513,463,3,0,511,167,0,170,516,0,525,169,188
E13097,E13097,E13097,297,289,1,0,296,105,0,106,292,0,296,107,121
E13098,E13098,E13098,355,331,2,0,353,123,0,124,348,0,352,124,141
E13099,E13099,E13099,512,464,17,0,511,158,1,160,517,4,525,160,174
E13100,E13100,E13100,243,231,3,0,243,92,2,95,238,3,245,95,107
E13101,E13101,E13101,298,262,7,0,297,100,0,102,300,0,303,102,124
E13102,E13102,E13102,226,187,2,0,221,71,1,72,218,2,220,72,85
E13103,E13103,E13103,362,335,7,0,360,120,1,121,366,1,367,121,141
E13104,E13104,E13104,390,361,7,0,390,135,0,140,386,0,396,139,156
E13105,E13105,E13105,391,363,3,0,389,125,1,128,397,1,400,127,143
E13106,E13106,E13106,299,285,2,0,298,100,0,102,304,0,310,101,122
E14001,E14001,E14001,2384,1925,66,0,2305,912,96,1038,1940,165,2174,1043,1495
E14002,E14002,E14002,3907,3236,78,0,3898,1412,186,1633,3441,329,3842,1637,2124
E14003,E14003,E14003,626,351,65,0,623,139,115,256,351,224,578,257,383
E14004,E14004,E14004,1581,1260,35,0,1569,565,221,811,1185,314,1540,819,1086
E14005,E14005,E14005,4126,3475,65,0,4045,1524,194,1763,3613,300,4016,1771,2209
E14006,E14006,E14006,1321,968,60,0,1285,369,170,563,799,263,1101,566,819
E14007,E14007,E14007,806,750,4,0,805,282,2,288,798,6,812,286,306
E14008,E14008,E14008,432,398,1,0,431,139,1,142,427,1,438,142,156
E14009,E14009,E14009,1216,1054,15,0,1212,421,2,430,1242,2,1256,430,490
E14010,E14010,E14010,1589,1420,14,0,1585,521,1,530,1593,1,1611,528,622
E14011,E14011,E14011,450,393,5,0,450,141,0,147,455,0,466,145,175
E14012,E14012,E14012,698,613,9,0,696,246,1,250,706,1,711,248,436
E14013,E14013,E14013,1161,1039,11,0,1153,382,4,396,1117,7,1154,398,477
E14014,E14014,E14014,1386,1257,10,0,1380,457,4,469,1390,6,1409,467,542
E14015,E14015,E14015,860,779,5,0,856,295,1,300,872,1,880,297,345
E14016,E14016,E14016,413,396,1,0,413,147,0,149,421,0,424,147,164
E14017,E14017,E14017,1094,963,18,0,1088,372,7,383,1080,11,1103,383,638
E14018,E14018,E14018,776,668,10,0,770,271,1,279,753,2,768,280,552
E14019,E14019,E14019,1286,1210,11,0,1283,426,0,435,1262,0,1282,429,482
E14020,E14020,E14020,1474,1323,2,0,1470,487,3,496,1428,8,1450,492,577
E14021,E14021,E14021,9577,7953,213,0,9536,3408,112,3570,9199,186,9524,3573,4119
E14022,E14022,E14022,1513,1322,52,0,1504,514,41,561,1436,66,1515,565,681
E14023,E14023,E14023,390,365,5,0,389,126,0,131,399,0,406,132,154
E14024,E14024,E14024,633,590,1,0,628,206,2,215,621,3,634,211,263
E14025,E14025,E14025,1001,908,13,0,991,342,1,347,1007,1,1018,347,409
E14026,E14026,E14026,1389,1268,13,0,1387,441,2,450,1388,2,1409,446,523
E14027,E14027,E14027,771,707,4,0,761,235,2,240,725,3,737,240,265
E14028,E14028,E14028,449,429,1,0,449,151,1,158,441,2,455,155,174
E14029,E14029,E14029,461,430,1,0,461,158,3,164,455,7,471,164,200
E14030,E14030,E14030,1073,996,12,0,1068,368,0,368,1101,0,1101,369,415
E14031,E14031,E14031,444,411,1,0,437,143,2,150,427,5,441,149,182
E14032,E14032,E14032,2315,1925,20,0,2298,783,23,818,2214,46,2290,818,956
E14033,E14033,E14033,431,412,0,0,431,142,2,146,442,4,455,146,174
E14034,E14034,E14034,664,612,7,0,659,210,1,218,644,1,667,217,258
E14035,E14035,E14035,475,445,3,0,473,155,0,161,467,0,481,161,184
E14036,E14036,E14036,964,911,2,0,961,327,2,335,970,4,989,330,357
E14037,E14037,E14037,952,866,12,0,947,308,5,319,949,10,973,319,359
E14038,E14038,E14038,689,631,3,0,685,238,0,243,683,0,691,240,279
E14039,E14039,E14039,3293,2785,90,0,3281,1180,42,1238,3065,76,3175,1245,2258
E14040,E14040,E14040,482,437,2,0,479,161,1,164,478,2,488,164,192
E14041,E14041,E14041,557,513,7,0,557,174,2,177,570,7,578,176,201
E14042,E14042,E14042,1102,979,26,0,1094,386,9,407,1062,13,1103,407,476
E14043,E14043,E14043,373,361,2,0,373,125,1,128,377,2,391,129,153
E14044,E14044,E14044,831,756,13,0,827,262,1,270,809,2,821,268,453
E14045,E14045,E14045,837,746,12,0,826,258,6,271,801,11,834,268,327
E14046,E14046,E14046,1087,973,20,0,1085,339,3,352,1075,4,1103,347,415
E14047,E14047,E14047,415,376,5,0,411,147,3,158,397,6,418,153,330
E14048,E14048,E14048,1080,996,11,0,1078,356,4,366,1060,9,1079,362,412
E14049,E14049,E14049,2317,1950,68,0,2265,752,16,780,2174,41,2243,793,1768
E14050,E14050,E14050,538,457,3,0,515,185,1,192,486,1,496,198,436
E14051,E14051,E14051,6161,4859,166,0,6139,2111,80,2217,5972,159,6190,2224,2516
E14052,E14052,E14052,3463,2837,127,0,3413,1210,148,1410,3062,237,3401,1409,1789
E14053,E14053,E14053,319,273,9,0,311,103,5,111,300,7,315,112,130
E14054,E14054,E14054,1036,935,18,0,1034,328,1,343,975,1,1007,339,405
E14055,E14055,E14055,803,733,12,0,799,241,3,256,770,5,798,251,422
E14056,E14056,E14056,549,505,7,0,548,182,3,193,543,3,557,188,245
E14057,E14057,E14057,543,452,15,0,543,195,2,200,551,3,558,199,350
E14058,E14058,E14058,409,388,3,0,409,130,1,133,407,2,413,133,159
E14059,E14059,E14059,835,754,26,0,832,267,1,269,838,3,845,269,315
E14060,E14060,E14060,754,700,5,0,752,260,0,269,738,0,753,267,340
E14061,E14061,E14061,636,568,12,0,635,205,0,208,641,0,645,207,241
E14062,E14062,E14062,564,515,2,0,561,174,1,179,558,1,570,180,209
E14063,E14063,E14063,755,680,11,0,752,247,0,252,752,0,767,252,315
E14064,E14064,E14064,937,843,15,0,933,288,2,296,942,3,954,295,359
E14065,E14065,E14065,550,494,11,0,549,184,1,188,537,4,545,186,230
E14066,E14066,E14066,785,740,7,0,784,269,2,275,779,5,794,271,292
E14067,E14067,E14067,1302,1131,25,0,1272,479,4,490,1268,6,1284,494,858
E14068,E14068,E14068,92,89,0,0,91,32,0,33,94,0,97,32,34
E14069,E14069,E14069,580,518,5,0,580,197,0,200,587,0,591,198,219
E14070,E14070,E14070,505,458,7,0,505,182,1,186,508,1,517,184,199
E14071,E14071,E14071,534,491,5,0,532,172,2,178,525,4,537,176,208
E14072,E14072,E14072,911,821,5,0,899,306,3,319,902,4,922,319,390
E14073,E14073,E14073,448,420,7,0,448,149,0,154,446,0,460,149,169
E14074,E14074,E14074,324,304,4,0,324,106,1,108,322,5,333,108,121
E14075,E14075,E14075,890,749,21,0,875,325,6,334,873,9,888,337,651
E14076,E14076,E14076,561,490,11,0,561,198,2,200,584,4,588,200,258
E14077,E14077,E14077,508,454,3,0,508,171,0,176,505,0,523,175,209
E14078,E14078,E14078,372,352,3,0,372,119,0,121,378,0,383,119,135
E14079,E14079,E14079,713,610,6,0,711,250,5,261,701,8,720,256,336
E14080,E14080,E14080,814,746,3,0,813,275,1,280,771,4,782,280,332
E14081,E14081,E14081,564,524,3,0,563,201,1,209,564,1,578,205,227
E14082,E14082,E14082,4014,2928,75,0,3983,1306,31,1388,3778,60,3998,1390,1573
E14083,E14083,E14083,704,634,10,0,700,217,1,223,694,1,712,219,269
E14084,E14084,E14084,449,416,3,0,448,135,1,137,447,2,450,138,151
E14085,E14085,E14085,838,760,13,0,831,303,0,308,827,0,838,306,400
E14086,E14086,E14086,235,216,5,0,235,81,0,81,238,0,238,81,91
E14087,E14087,E14087,403,377,3,0,403,141,2,143,410,4,414,143,160
E14088,E14088,E14088,585,505,5,0,579,206,0,212,582,0,589,210,488
E14089,E14089,E14089,1539,1332,13,0,1533,550,4,568,1521,5,1558,566,705
E14090,E14090,E14090,586,545,5,0,583,196,0,197,593,0,594,196,236
E14091,E14091,E14091,584,537,7,0,582,188,0,189,592,0,594,189,206
E14092,E14092,E14092,2758,2401,47,0,2731,929,21,972,2631,39,2712,969,1161
E14093,E14093,E14093,889,812,4,0,878,304,5,314,867,7,884,313,581
E14094,E14094,E14094,660,596,8,0,650,227,1,231,662,1,669,233,252
E14095,E14095,E14095,522,455,2,0,517,183,0,186,515,0,524,188,220
E14096,E14096,E14096,529,465,3,0,527,189,3,197,527,5,537,194,226
E14097,E14097,E14097,1194,1029,10,0,1166,409,16,431,1156,27,1192,430,565
E14098,E14098,E14098,855,763,3,0,851,284,0,290,853,0,862,287,339
E14099,E14099,E14099,1835,1550,49,0,1773,577,4,587,1742,5,1759,584,655
E14100,E14100,E14100,1166,1039,23,0,1153,385,6,400,1152,13,1190,399,441
E14101,E14101,E14101,615,522,16,0,608,224,5,233,612,8,628,231,292
E14102,E14102,E14102,863,758,20,0,860,253,1,261,808,1,829,260,283
E14103,E14103,E14103,564,470,13,0,562,184,0,186,589,0,595,185,209
E14104,E14104,E14104,497,420,6,0,495,161,0,161,507,0,507,162,184
E14105,E14105,E14105,514,489,3,0,512,186,3,195,513,3,526,193,228
E14106,E14106,E14106,300,270,2,0,297,102,1,105,300,2,307,104,122
E14107,E14107,E14107,521,475,7,0,519,177,2,179,525,7,532,179,209
E14108,E14108,E14108,445,393,4,0,444,154,0,154,463,0,463,154,203
E14109,E14109,E14109,836,715,17,0,828,299,3,305,844,5,852,304,370
E14110,E14110,E14110,705,655,3,0,702,229,0,232,697,0,706,232,263
E14111,E14111,E14111,2206,1900,18,0,2194,777,12,804,2151,21,2193,797,1205
E14112,E14112,E14112,741,664,17,0,738,228,3,233,718,3,730,232,253
E14113,E14113,E14113,967,807,22,0,957,352,4,359,943,9,958,360,452
E14114,E14114,E14114,571,490,17,0,560,210,4,226,557,7,583,223,425
E14115,E14115,E14115,576,518,8,0,574,199,0,203,568,0,578,200,220
E14116,E14116,E14116,501,454,4,0,500,174,0,178,490,0,504,174,189
E14117,E14117,E14117,1727,1549,42,0,1719,586,5,595,1760,8,1774,593,657
E14118,E14118,E14118,2057,1655,45,0,1994,663,38,711,1720,60,1794,719,1873
E14119,E14119,E14119,2093,1727,42,0,2041,836,10,856,2035,13,2065,856,1500
E14120,E14120,E14120,528,468,2,0,525,179,5,186,521,7,530,185,237
E14121,E14121,E14121,1078,983,2,0,1078,355,12,400,982,20,1091,388,441
E14122,E14122,E14122,594,518,15,0,592,210,1,213,594,2,598,211,254
E14123,E14123,E14123,12085,10006,355,0,12013,4276,201,4547,11369,345,11887,4561,5057
E14124,E14124,E14124,485,457,2,0,483,169,1,173,482,4,489,171,184
E15001,E15001,E15001,9817,8151,289,0,9777,3428,234,3718,9365,390,9873,3723,4105
E15002,E15002,E15002,2953,2287,118,0,2866,889,144,1062,2554,248,2864,1063,1219
E15003,E15003,E15003,1746,1304,184,0,1728,574,172,771,1356,332,1737,773,831
E15004,E15004,E15004,6192,4487,575,0,5951,1677,476,2214,4581,887,5569,2221,2558
E15005,E15005,E15005,6424,5325,350,0,6357,2150,228,2429,5874,448,6440,2423,2618
E15006,E15006,E15006,2380,2159,48,0,2378,678,90,805,2107,192,2406,805,852
E15007,E15007,E15007,6761,5679,190,0,6683,2299,205,2560,6296,375,6789,2562,2889
E15008,E15008,E15008,138,117,5,0,133,44,1,46,134,2,137,45,55
E15009,E15009,E15009,2614,2298,82,0,2610,813,70,905,2444,127,2623,905,1041
E15010,E15010,E15010,4399,3703,137,0,4378,1288,224,1526,3957,457,4451,1524,1733
E15011,E15011,E15011,1786,1528,44,0,1782,544,3,555,1769,7,1797,550,668
E15012,E15012,E15012,396,367,4,0,395,127,5,137,392,7,406,134,163
E15013,E15013,E15013,508,447,12,0,495,176,7,185,489,10,502,185,225
E15014,E15014,E15014,1327,1225,30,0,1324,429,19,456,1290,26,1332,456,512
E15015,E15015,E15015,201,183,2,0,199,61,0,64,192,0,202,63,76
E15016,E15016,E15016,276,262,2,0,276,96,1,100,279,1,286,98,108
E15017,E15017,E15017,727,658,17,0,718,228,6,238,711,8,727,238,286
E15018,E15018,E15018,304,279,12,0,304,109,0,115,294,0,302,114,158
E15019,E15019,E15019,235,214,5,0,234,78,2,84,228,3,241,84,94
E15020,E15020,E15020,254,230,5,0,253,87,0,88,248,0,249,87,105
E15021,E15021,E15021,975,859,27,0,962,307,5,321,950,11,984,318,371
E15022,E15022,E15022,743,628,18,0,737,253,5,266,731,8,756,262,333
E15023,E15023,E15023,155,143,2,0,155,46,0,49,152,0,157,49,70
E15024,E15024,E15024,445,403,5,0,435,138,1,144,376,1,384,144,175
E15025,E15025,E15025,269,237,3,0,269,87,0,89,247,0,253,88,98
E15026,E15026,E15026,430,388,7,0,429,152,6,162,424,9,438,162,188
E15027,E15027,E15027,395,359,5,0,391,127,0,132,392,0,406,132,159
E15028,E15028,E15028,419,355,5,0,412,143,6,151,405,15,424,150,181
E15029,E15029,E15029,524,482,7,0,520,150,3,153,513,5,518,153,172
E15030,E15030,E15030,332,304,2,0,332,110,2,114,328,7,341,113,142
E15031,E15031,E15031,246,225,0,0,243,89,0,89,249,0,249,89,100
E15032,E15032,E15032,5652,4679,197,0,5581,1780,144,1937,5389,262,5680,1940,2135
E15033,E15033,E15033,2765,2230,111,0,2651,826,29,865,2596,51,2672,864,971
E15034,E15034,E15034,7151,5903,295,0,6982,2289,128,2471,6706,234,7014,2439,2698
E15035,E15035,E15035,14043,11677,595,0,13833,4211,400,4682,12856,811,13875,4687,4990
E15036,E15036,E15036,785,638,48,0,776,248,8,264,762,17,793,260,289
E15037,E15037,E15037,363,314,6,0,358,126,1,129,353,5,361,127,135
E15038,E15038,E15038,1310,1164,19,0,1293,421,2,436,1236,5,1275,439,535
E15039,E15039,E15039,1760,1521,29,0,1738,577,12,611,1662,22,1736,609,748
E15040,E15040,E15040,682,580,16,0,661,227,5,240,643,7,664,239,296
E15041,E15041,E15041,636,554,20,0,627,205,3,216,619,7,647,214,248
E15042,E15042,E15042,309,265,16,0,309,104,1,107,316,1,320,105,130
E15043,E15043,E15043,459,404,10,0,449,150,1,157,445,2,456,153,205
E15044,E15044,E15044,1024,897,22,0,1010,346,7,359,987,18,1021,360,401
E15045,E15045,E15045,269,217,17,0,263,95,7,103,244,13,260,104,126
E15046,E15046,E15046,776,572,24,0,706,233,7,246,625,14,649,251,305
E15047,E15047,E15047,302,260,8,0,300,99,0,101,303,0,309,101,120
E15048,E15048,E15048,478,428,14,0,476,161,0,171,454,0,477,166,197
E15049,E15049,E15049,764,631,33,0,745,245,8,261,694,9,723,259,398
E15050,E15050,E15050,840,750,14,0,833,276,1,286,822,1,846,285,480
E15051,E15051,E15051,453,387,13,0,441,150,2,159,430,4,455,158,192
E15052,E15052,E15052,382,344,5,0,380,126,3,131,383,6,391,129,174
E15053,E15053,E15053,268,229,7,0,262,90,2,92,253,3,256,95,122
E15054,E15054,E15054,2750,2353,85,0,2717,893,28,934,2675,44,2748,935,1048
E15055,E15055,E15055,909,781,16,0,894,267,3,275,733,8,755,273,338
E15056,E15056,E15056,9834,7903,536,0,9764,2634,802,3495,7974,1748,9881,3496,3785
E15057,E15057,E15057,1038,900,26,0,1029,343,6,356,1031,10,1056,353,416
E15058,E15058,E15058,239,220,4,0,237,75,2,78,236,2,239,78,104
E15059,E15059,E15059,303,269,6,0,299,99,2,103,287,4,298,104,125
E15060,E15060,E15060,2209,1850,81,0,2162,684,34,726,2025,56,2105,728,821
E15061,E15061,E15061,3584,3158,109,0,3567,1136,44,1206,3457,73,3609,1202,1324
E15062,E15062,E15062,583,508,16,0,582,192,5,206,570,10,599,200,234
E15063,E15063,E15063,2448,2166,110,0,2428,782,24,832,2224,32,2316,832,1027
E15064,E15064,E15064,1204,1059,37,0,1193,403,23,431,1157,39,1208,431,513
E15065,E15065,E15065,348,309,4,0,348,108,0,110,340,0,344,109,133
E15066,E15066,E15066,7429,6352,232,0,7375,2278,147,2462,7002,299,7403,2455,2910
E15067,E15067,E15067,213,193,2,0,212,75,0,81,204,0,221,78,102
E15068,E15068,E15068,398,371,3,0,395,134,1,139,389,2,400,138,166
E15069,E15069,E15069,230,223,1,0,230,72,0,76,226,0,235,76,88
E15070,E15070,E15070,201,181,5,0,194,61,0,63,193,0,196,65,83
E15071,E15071,E15071,1759,1604,21,0,1758,620,10,659,1687,14,1776,653,753
E15072,E15072,E15072,290,262,2,0,284,90,2,99,246,3,261,95,118
E15073,E15073,E15073,461,435,8,0,457,151,0,162,440,0,469,161,195
E15074,E15074,E15074,546,494,9,0,544,173,5,183,527,8,553,183,221
E15075,E15075,E15075,190,162,6,0,187,63,2,68,182,4,192,68,82
E15076,E15076,E15076,345,314,4,0,343,112,1,116,332,4,343,117,139
E15077,E15077,E15077,340,312,6,0,339,111,1,121,333,2,351,117,144
E15078,E15078,E15078,406,374,5,0,405,133,1,140,401,2,416,140,170
E15079,E15079,E15079,149,133,4,0,149,49,0,52,140,0,152,52,62
E15080,E15080,E15080,261,254,2,0,261,89,0,92,257,0,263,92,111
E15081,E15081,E15081,595,535,11,0,595,200,8,216,560,16,596,214,263
E15082,E15082,E15082,1536,1380,18,0,1530,538,14,565,1500,18,1551,569,696
E16001,E16001,E16001,1546,1262,115,0,1524,570,44,625,1460,74,1557,626,756
E16002,E16002,E16002,1767,1355,160,0,1754,559,240,823,1365,365,1765,831,1108
E16003,E16003,E16003,256,170,38,0,252,88,13,101,193,21,214,103,136
E16004,E16004,E16004,1396,1106,81,0,1344,496,116,628,1048,203,1281,630,767
E16005,E16005,E16005,2539,2164,60,0,2508,914,43,1006,2217,72,2384,1017,1489
E16006,E16006,E16006,448,380,19,0,437,164,0,166,442,0,444,170,333
E16007,E16007,E16007,105,90,0,0,103,39,2,42,98,3,102,42,66
E16009,E16009,E16009,101,86,1,0,96,47,3,52,97,3,103,54,98
E16010,E16010,E16010,498,343,20,0,426,163,7,172,409,10,430,188,356
E16011,E16011,E16011,162,141,4,0,162,58,0,64,149,0,161,63,116
E16012,E16012,E16012,861,518,36,0,662,227,3,239,579,8,615,243,385
E16013,E16013,E16013,94,86,3,0,94,32,0,34,87,0,99,34,55
E16014/16008,E16014/16008,E16014/16008,208,195,6,0,208,72,0,77,197,0,207,77,101
E16015,E16015,E16015,128,121,0,0,128,49,0,52,125,0,129,51,76
E16016,E16016,E16016,94,63,5,0,77,25,2,28,67,3,75,29,48
E16018,E16018,E16018,294,256,5,0,293,113,0,121,289,0,302,116,156
E16019,E16019,E16019,1248,1038,33,0,1234,461,5,480,1225,11,1259,486,621
E16020/16017,E16020/16017,E16020/16017,203,182,4,0,203,72,0,74,209,0,213,74,98
E16021,E16021,E16021,342,309,4,0,341,118,0,123,335,0,351,123,144
E16022,E16022,E16022,195,159,1,0,186,74,0,75,188,0,189,75,109
E16023,E16023,E16023,319,273,0,0,315,116,0,124,303,0,314,123,158
E16024,E16024,E16024,275,224,10,0,271,104,1,106,270,1,272,108,135
E16025,E16025,E16025,723,649,12,0,719,258,4,267,706,4,721,266,298
E16026,E16026,E16026,2922,2592,66,0,2899,1024,63,1101,2830,100,2955,1106,1281
E16027,E16027,E16027,10058,7109,820,0,9957,3270,411,3763,9108,809,10134,3771,4255
E16028,E16028,E16028,865,735,22,0,862,312,3,320,863,4,882,321,377
E16029,E16029,E16029,1873,1604,65,0,1864,616,11,636,1861,17,1906,637,722
E16030,E16030,E16030,852,655,60,0,771,265,0,266,740,0,743,274,351
E16031,E16031,E16031,323,284,5,0,321,116,1,120,329,1,335,120,146
E16032,E16032,E16032,17359,13284,1317,0,17188,5899,350,6371,16131,582,17044,6387,7456
E16033,E16033,E16033,284,250,0,0,284,100,1,102,290,2,294,102,128
E16034,E16034,E16034,689,636,3,0,686,225,1,231,679,1,690,231,269
E16035,E16035,E16035,775,670,30,0,773,269,4,281,765,7,787,279,319
E16036,E16036,E16036,582,538,5,0,581,184,1,187,583,1,594,187,212
E16037,E16037,E16037,852,770,10,0,848,271,1,274,862,2,866,274,311
E16038,E16038,E16038,442,392,10,0,442,147,5,152,449,8,457,152,176
E16039,E16039,E16039,258,221,9,0,258,101,1,103,258,3,264,102,132
E16040,E16040,E16040,1905,1505,63,0,1722,618,29,656,1631,41,1700,659,759
E16041,E16041,E16041,2604,2218,76,0,2591,889,23,920,2555,46,2625,920,1012
E16042,E16042,E16042,694,627,17,0,692,225,3,234,689,5,705,232,256
E16043,E16043,E16043,1199,1055,51,0,1195,379,2,388,1221,2,1245,386,419
E16044,E16044,E16044,654,572,15,0,650,221,0,224,664,0,667,224,244
E16045,E16045,E16045,949,815,19,0,943,281,32,313,794,55,849,316,368
E16046,E16046,E16046,508,441,12,0,508,188,0,190,518,0,521,191,263
E16047,E16047,E16047,200,180,2,0,196,78,1,79,196,1,197,81,105
E16048,E16048,E16048,714,613,14,0,707,268,0,273,710,0,719,273,326
E16049,E16049,E16049,363,302,4,0,342,142,2,147,332,3,341,152,323
E16050,E16050,E16050,407,344,17,0,403,148,0,149,413,0,414,150,223
E16051,E16051,E16051,206,168,5,0,205,73,2,79,199,3,208,79,130
E16052,E16052,E16052,282,260,2,0,281,104,0,104,286,0,286,104,136
E16053,E16053,E16053,269,225,13,0,266,95,0,97,264,0,268,97,113
E16054,E16054,E16054,2215,1808,71,0,2171,802,58,877,1977,99,2114,886,1623
E16055,E16055,E16055,219,194,1,0,214,77,0,77,216,0,216,78,100
E16056,E16056,E16056,459,365,9,0,411,172,0,175,420,0,426,176,245
E16057,E16057,E16057,270,223,8,0,267,108,1,110,272,3,280,110,153
E16058,E16058,E16058,723,472,39,0,589,195,10,215,527,24,571,221,426
E16059,E16059,E16059,110,96,4,0,109,49,0,50,109,0,110,51,68
E16060,E16060,E16060,374,313,15,0,364,143,6,153,319,6,331,155,356
E16061,E16061,E16061,245,201,9,0,235,87,1,91,229,2,239,92,141
E16062,E16062,E16062,297,267,4,0,296,110,0,112,301,0,303,112,140
E16063,E16063,E16063,1580,1331,15,0,1530,593,32,631,1420,46,1480,634,1144
E16064,E16064,E16064,645,564,24,0,638,244,2,247,644,2,648,248,486
E16065,E16065,E16065,142,118,1,0,142,52,0,53,138,0,139,53,81
E16066,E16066,E16066,257,241,0,0,257,87,0,88,260,0,262,88,110
E16067,E16067,E16067,643,572,14,0,639,202,1,207,640,1,654,208,239
E16068,E16068,E16068,222,210,4,0,222,86,0,86,230,0,230,86,113
E16069,E16069,E16069,429,396,2,0,429,149,0,151,426,0,431,151,197
E16070,E16070,E16070,364,325,5,0,361,124,0,128,361,0,373,129,171
E16071,E16071,E16071,922,831,26,0,913,340,7,355,912,11,935,357,422
E16072,E16072,E16072,333,293,14,0,327,128,0,131,326,0,330,133,183
E16073,E16073,E16073,294,248,9,0,289,104,2,107,292,3,296,107,138
E16074,E16074,E16074,542,514,3,0,540,194,0,194,546,0,546,194,235
E16075,E16075,E16075,569,522,15,0,568,194,0,195,574,0,578,195,226
E16076,E16076,E16076,196,183,3,0,196,72,0,74,199,0,201,72,94
E16077,E16077,E16077,196,176,5,0,195,81,0,83,196,0,198,85,108
E16078,E16078,E16078,447,396,3,0,443,164,0,167,451,0,459,168,249
E16079,E16079,E16079,371,350,5,0,370,135,0,136,375,0,377,136,170
E16080,E16080,E16080,535,481,10,0,527,187,0,190,539,0,549,192,258
E16081,E16081,E16081,466,431,8,0,464,164,0,168,471,0,481,167,198
E16082,E16082,E16082,761,599,4,0,697,262,2,269,678,5,692,282,485
E16083,E16083,E16083,447,405,6,0,442,159,1,168,426,1,446,170,243
E16084,E16084,E16084,324,285,10,0,320,117,0,119,327,0,329,118,161
E16085,E16085,E16085,354,319,3,0,350,123,1,126,339,5,351,129,159
E16086,E16086,E16086,286,265,2,0,281,102,1,106,272,2,283,107,185
E16087,E16087,E16087,383,326,14,0,378,158,1,162,392,4,401,162,376
E16088,E16088,E16088,1037,894,22,0,1032,431,21,466,936,42,1008,477,1674
E16089,E16089,E16089,274,233,4,0,273,109,0,113,271,0,283,113,208
E16090,E16090,E16090,498,469,1,0,493,173,1,176,500,1,507,176,223
E16091,E16091,E16091,626,554,6,0,621,246,4,252,644,6,653,253,327
E16092,E16092,E16092,706,592,20,0,698,272,1,273,707,5,712,274,469
E16093,E16093,E16093,748,625,19,0,743,242,1,254,734,1,766,253,323
E16094,E16094,E16094,244,214,3,0,242,96,1,98,237,2,240,97,133
E16095,E16095,E16095,307,276,4,0,307,114,0,115,313,0,315,115,168
E16096,E16096,E16096,226,203,6,0,225,79,0,80,227,0,229,81,109
E16097,E16097,E16097,94,83,0,0,89,31,0,34,78,0,87,34,45
E16098,E16098,E16098,237,217,3,0,237,95,0,98,240,0,243,97,168
E16099,E16099,E16099,224,203,4,0,223,86,2,88,237,4,241,88,131
E16100,E16100,E16100,199,169,1,0,194,65,0,66,199,0,200,66,149
E16101,E16101,E16101,349,316,9,0,346,129,0,133,341,0,351,133,265
E16102,E16102,E16102,104,92,4,0,104,35,0,35,107,0,107,35,61
E16103,E16103,E16103,121,111,2,0,121,42,0,43,125,0,126,43,62
E16104,E16104,E16104,133,120,2,0,133,47,0,48,134,0,135,48,66
E16105,E16105,E16105,1144,914,136,0,1141,316,9,346,989,33,1082,342,359
E16106,E16106,E16106,5860,5176,156,0,5825,1969,34,2014,5784,65,5878,2016,2162
E16107,E16107,E16107,1038,801,70,0,951,110,139,264,365,351,754,290,308
E16108,E16108,E16108,443,387,16,0,436,134,0,140,433,0,446,141,157
E16109,E16109,E16109,592,555,5,0,587,176,1,182,581,1,601,182,204
E16110,E16110,E16110,259,232,12,0,257,78,0,78,263,0,263,78,88
E16111,E16111,E16111,1439,1272,55,0,1420,459,2,464,1412,2,1423,465,517
E16112,E16112,E16112,333,312,3,0,333,108,0,109,341,0,342,109,127
E16113,E16113,E16113,760,649,16,0,756,211,31,247,698,64,774,247,281
E16114,E16114,E16114,151,140,2,0,151,49,0,50,149,0,151,49,56
E16115,E16115,E16115,729,669,3,0,728,228,2,238,719,3,740,237,280
E16116,E16116,E16116,1805,1649,31,0,1798,587,2,591,1842,2,1847,590,651
E16117,E16117,E16117,135,117,4,0,135,43,0,44,139,0,141,44,48
E16118,E16118,E16118,1226,1034,46,0,1220,401,13,418,1208,32,1245,420,483
E16119,E16119,E16119,638,577,9,0,636,212,5,217,627,9,636,218,246
E16120,E16120,E16120,290,243,14,0,288,108,1,111,302,1,307,110,138
E16121,E16121,E16121,287,219,3,0,282,99,1,104,276,2,283,104,128
E16122,E16122,E16122,220,168,2,0,220,68,0,70,218,0,221,69,84
E16124,E16124,E16124,154,143,0,0,154,48,0,49,158,0,159,48,66
E16125,E16125,E16125,142,99,10,0,136,45,1,47,132,3,137,48,83
E16126,E16126,E16126,192,167,3,0,192,66,1,68,197,1,201,68,91
E16127,E16127,E16127,231,138,3,0,153,61,0,62,147,0,148,62,82
E16128/16123,E16128/16123,E16128/16123,182,129,5,0,179,71,1,79,159,2,175,74,95
E16129,E16129,E16129,149,126,2,0,149,56,0,57,153,0,154,56,67
E16130,E16130,E16130,585,494,14,0,583,220,3,227,568,5,581,224,321
E16131,E16131,E16131,367,292,11,0,364,133,1,139,355,1,365,138,165
E16132/16133,E16132/16133,E16132/16133,314,219,10,0,309,115,1,122,317,2,328,118,151
E16134,E16134,E16134,1826,1488,50,0,1795,617,72,701,1619,108,1763,708,1034
E16135,E16135,E16135,364,276,9,0,343,128,8,143,329,12,356,143,299
E16136,E16136,E16136,696,552,24,0,687,243,1,248,689,2,696,249,316
E16137,E16137,E16137,1361,1096,35,0,1339,476,21,513,1276,41,1343,509,620
E16138,E16138,E16138,123,112,0,0,119,48,0,49,120,0,122,50,62
E16139,E16139,E16139,260,220,4,0,259,86,1,89,261,1,264,88,125
E16140,E16140,E16140,211,178,3,0,211,75,1,77,212,2,215,76,101
E16141,E16141,E16141,475,433,8,0,469,154,0,155,468,0,471,157,180
E16142,E16142,E16142,221,184,1,0,204,74,0,74,202,0,202,79,91
E16143,E16143,E16143,182,130,6,0,182,67,1,71,190,1,195,70,85
E16144,E16144,E16144,946,826,32,0,944,341,1,345,955,2,968,345,400
E16145,E16145,E16145,255,214,8,0,251,91,0,102,219,0,249,100,125
E16146,E16146,E16146,412,362,5,0,412,155,1,161,406,2,419,160,193
E16147,E16147,E16147,198,162,10,0,197,66,0,68,198,0,200,66,77
E16148,E16148,E16148,315,272,5,0,315,115,0,117,318,0,323,117,139
E16149,E16149,E16149,169,138,3,0,169,54,0,56,159,0,167,56,69
E16150,E16150,E16150,293,228,16,0,292,91,0,94,292,0,299,93,111
E16151,E16151,E16151,1454,1194,50,0,1435,474,8,489,1441,10,1468,492,558
E16152,E16152,E16152,149,131,0,0,147,53,1,55,147,1,149,54,64
E16153,E16153,E16153,745,642,21,0,735,213,1,214,733,2,735,216,241
E16154,E16154,E16154,160,133,0,0,159,57,1,60,156,2,160,59,74
E16155,E16155,E16155,1079,909,47,0,1074,408,2,418,1075,2,1096,415,529
E17001,E17001,E17001,756,675,33,0,753,324,23,347,737,38,775,348,402
E17002,E17002,E17002,1740,1568,40,0,1732,632,17,673,1692,37,1754,677,753
E17003,E17003,E17003,1495,1342,50,0,1479,555,29,591,1442,52,1512,592,655
E17004,E17004,E17004,609,575,11,0,608,254,2,259,616,3,625,259,297
E17005,E17005,E17005,834,784,8,0,833,297,9,311,802,15,828,312,347
E17006,E17006,E17006,1326,1063,83,0,1276,276,250,549,687,575,1334,570,881
E17007,E17007,E17007,1950,1707,64,0,1916,583,95,690,1639,157,1822,739,846
E17008,E17008,E17008,4726,4117,203,0,4666,1460,82,1558,3836,176,4056,1580,1783
E17009,E17009,E17009,1473,1314,50,0,1456,580,12,613,1477,19,1517,616,681
E17010,E17010,E17010,3072,2285,410,0,3025,1106,90,1209,2819,186,3044,1220,1373
E17011,E17011,E17011,663,561,22,0,661,192,90,290,449,173,644,289,347
E17012,E17012,E17012,1827,1097,151,0,1791,576,266,869,1187,526,1773,873,1185
E17013,E17013,E17013,1011,897,28,0,1004,386,0,388,1026,0,1031,391,426
E17014,E17014,E17014,837,380,72,0,665,32,193,246,52,385,470,252,326
E17015,E17015,E17015,1935,929,371,0,1891,163,616,850,358,1154,1647,874,1126
E17016,E17016,E17016,1522,1400,21,0,1518,547,7,575,1469,15,1540,576,646
E17017,E17017,E17017,804,589,56,0,790,229,69,326,488,104,629,332,586
E17018,E17018,E17018,1201,891,63,0,1192,437,77,525,1051,143,1226,526,638
E17019,E17019,E17019,885,658,37,0,869,277,38,331,727,77,851,331,435
E17020,E17020,E17020,1262,964,78,0,1244,507,78,608,1047,131,1223,614,716
E17021,E17021,E17021,681,651,3,0,681,280,10,290,670,15,685,290,321
E17022,E17022,E17022,777,750,5,0,775,311,53,368,719,54,777,369,409
E17023,E17023,E17023,3715,3473,36,0,3708,1167,64,1254,3574,108,3764,1255,1317
E17024,E17024,E17024,1812,1381,118,0,1803,673,124,834,1515,229,1820,836,982
E17025,E17025,E17025,887,857,7,0,886,337,3,347,876,7,897,347,375
E17026,E17026,E17026,608,580,5,0,607,230,2,234,588,2,593,234,258
E17027,E17027,E17027,1941,1251,203,0,1785,346,416,799,918,801,1784,835,1050
E17028,E17028,E17028,928,759,48,0,877,419,19,455,772,42,847,475,580
E17029,E17029,E17029,1563,1272,106,0,1510,224,307,548,629,764,1439,579,729
E17030,E17030,E17030,703,525,113,0,689,264,33,300,637,66,713,306,346
E17031,E17031,E17031,723,603,38,0,702,264,16,285,661,32,704,297,347
E17032,E17032,E17032,2659,2421,75,0,2642,987,88,1096,2414,203,2660,1108,1265
E17033,E17033,E17033,2045,1784,55,0,2033,711,60,794,1896,126,2093,796,875
E17034,E17034,E17034,763,713,6,0,758,269,6,287,711,17,753,290,312
E17035,E17035,E17035,565,507,8,0,565,273,1,290,531,1,572,291,346
E17036,E17036,E17036,979,808,54,0,972,343,142,504,719,232,982,507,627
E17037,E17037,E17037,888,831,6,0,884,352,10,369,850,16,882,369,404
E17038,E17038,E17038,1107,1045,16,0,1102,408,36,457,1027,61,1118,459,516
E17039,E17039,E17039,4301,3988,65,0,4288,1284,89,1429,3888,152,4202,1431,1555
E17040,E17040,E17040,1472,1155,40,0,1442,340,224,565,951,466,1418,569,682
E17041,E17041,E17041,1114,901,64,0,1062,329,28,372,959,32,1012,373,434
E17042,E17042,E17042,4931,4131,150,0,4899,1541,272,1851,4191,556,4845,1856,2045
E17043,E17043,E17043,4843,3924,206,0,4802,1371,308,1702,4138,611,4823,1706,1890
E17044,E17044,E17044,3330,3005,96,0,3310,1175,78,1261,3182,124,3317,1264,1376
E17045,E17045,E17045,636,408,78,0,576,155,67,260,392,115,568,275,396
E17046,E17046,E17046,2890,2644,43,0,2887,931,170,1123,2578,269,2904,1124,1232
E17047,E17047,E17047,1619,1383,62,0,1609,673,76,767,1550,100,1675,770,901
E17048,E17048,E17048,2494,2251,69,0,2488,909,24,944,2266,42,2336,945,1023
E17049,E17049,E17049,799,757,9,0,798,308,9,319,777,13,796,320,348
E17050,E17050,E17050,1668,1571,23,0,1666,611,56,676,1549,111,1677,677,726
E17051,E17051,E17051,1299,622,145,0,1068,237,258,551,499,425,998,558,809
E17052,E17052,E17052,1137,704,171,0,1091,256,183,496,583,277,923,504,700
E17053,E17053,E17053,786,587,56,0,749,315,39,375,646,65,741,376,481
E17054,E17054,E17054,3423,2965,109,0,3408,1056,188,1289,2907,342,3416,1286,1463
E17055,E17055,E17055,1625,756,161,0,1602,377,408,800,740,779,1548,808,1066
E17056,E17056,E17056,1057,540,130,0,972,254,215,493,533,377,955,506,655
E17057,E17057,E17057,2003,933,288,0,1890,292,638,956,690,1210,1942,977,1246
E17058,E17058,E17058,785,564,58,0,755,317,64,393,617,118,762,404,548
E17059,E17059,E17059,649,516,21,0,644,212,44,269,538,62,620,270,349
E17060,E17060,E17060,727,465,67,0,714,240,124,374,504,222,745,377,510
E17061,E17061,E17061,2354,2106,30,0,2335,701,31,748,1956,57,2057,751,816
E17062,E17062,E17062,3775,3453,69,0,3754,1258,18,1321,3614,36,3787,1305,1380
E17063,E17063,E17063,1396,1179,64,0,1365,559,41,612,1321,82,1425,624,760
E17064,E17064,E17064,1505,1151,95,0,1467,390,249,663,991,372,1412,666,880
E17065,E17065,E17065,2587,2299,83,0,2549,873,70,951,2401,118,2547,952,1061
E17066,E17066,E17066,2130,1951,45,0,2125,724,61,794,1999,121,2150,796,836
E17067,E17067,E17067,683,641,3,0,678,273,17,291,642,36,679,293,319
E17068,E17068,E17068,843,691,39,0,837,159,94,275,418,194,640,277,335
E17069,E17069,E17069,1029,918,26,0,1026,406,5,414,1044,6,1056,414,456
E17070,E17070,E17070,2985,2466,150,0,2960,994,141,1149,2714,288,3030,1153,1266
E17071,E17071,E17071,758,635,25,0,746,337,12,355,710,21,739,357,430
E17072,E17072,E17072,1225,1097,33,0,1220,511,11,539,1186,14,1233,540,615
E17073,E17073,E17073,649,588,17,0,643,255,2,261,622,4,642,262,295
E17074,E17074,E17074,451,400,15,0,448,185,20,206,433,23,457,208,241
E18001,E18001,E18001,4000,2955,235,0,3954,1263,157,1479,3367,251,3754,1488,1886
E18002,E18002,E18002,6500,5538,195,0,6420,2239,280,2568,5922,398,6422,2574,3071
E18003,E18003,E18003,2223,1607,168,0,2200,786,163,975,1839,286,2170,979,1235
E18004,E18004,E18004,2198,1447,111,0,2058,693,161,895,1644,260,2001,914,1306
E18005,E18005,E18005,3738,2975,82,0,3706,1278,60,1375,3404,94,3574,1382,1733
E18006,E18006,E18006,5795,4456,286,0,5734,1905,240,2194,5159,396,5676,2197,2652
E18007,E18007,E18007,2783,2480,62,0,2776,1091,38,1152,2715,48,2818,1153,1348
E18008,E18008,E18008,3733,2763,213,0,3686,1144,331,1504,2954,594,3619,1509,1818
E18009,E18009,E18009,2568,1878,111,0,2545,980,122,1129,2336,174,2560,1134,1487
E18010,E18010,E18010,6990,5844,169,0,6938,2396,320,2760,6254,462,6795,2775,3753
E18011,E18011,E18011,486,440,13,0,484,156,0,159,499,0,506,159,192
E18012,E18012,E18012,1572,1418,28,0,1561,550,0,556,1586,0,1606,556,598
E18013,E18013,E18013,4469,3679,104,0,4426,1505,10,1533,4369,14,4426,1534,1696
E18014,E18014,E18014,1016,909,24,0,1012,280,7,293,971,12,992,292,313
E18015,E18015,E18015,1920,1308,92,0,1901,596,251,872,1432,426,1903,878,1151
E18016,E18016,E18016,324,308,2,0,324,112,1,115,330,1,333,113,118
E18017,E18017,E18017,279,246,8,0,278,90,0,94,280,0,285,94,108
E18018,E18018,E18018,645,539,12,0,641,206,0,208,647,0,649,207,228
E18019,E18019,E18019,695,636,20,0,691,200,3,206,647,8,659,205,232
E18020,E18020,E18020,390,350,4,0,389,132,0,134,396,0,399,133,143
E18021,E18021,E18021,1788,1531,41,0,1761,582,14,601,1757,22,1786,598,690
E18022,E18022,E18022,1271,1138,23,0,1260,374,2,377,1276,4,1281,377,402
E18023,E18023,E18023,595,491,12,0,578,184,1,185,579,2,581,186,235
E18024,E18024,E18024,1999,1707,45,0,1989,693,2,707,2014,6,2047,704,853
E18025,E18025,E18025,427,399,8,0,426,128,1,130,435,1,439,130,143
E18026,E18026,E18026,690,604,16,0,689,220,5,228,686,8,700,228,258
E18027,E18027,E18027,1396,1306,17,0,1391,434,10,448,1329,14,1351,447,501
E18028,E18028,E18028,464,432,2,0,459,139,1,140,461,1,462,143,163
E18029,E18029,E18029,702,602,14,0,688,225,1,229,692,2,703,228,260
E18030,E18030,E18030,908,785,13,0,903,327,14,345,873,18,898,344,404
E18031,E18031,E18031,736,689,6,0,735,223,1,232,727,2,745,230,257
E18032,E18032,E18032,221,175,4,0,218,75,1,78,219,1,225,78,107
E18033/18046,E18033/18046,E18033/18046,1092,892,29,0,1073,382,5,396,1082,8,1105,397,540
E18034,E18034,E18034,3348,2554,167,0,3274,1132,141,1300,2795,211,3068,1308,1662
E18035,E18035,E18035,216,160,4,0,214,94,1,97,224,1,230,97,125
E18036,E18036,E18036,291,191,9,0,279,95,1,97,281,1,283,100,154
E18037,E18037,E18037,683,501,17,0,654,245,4,256,650,15,679,259,394
E18038,E18038,E18038,180,130,5,0,176,76,0,76,176,0,176,77,167
E18039,E18039,E18039,1085,835,38,0,1062,376,4,385,1064,9,1084,391,609
E18040,E18040,E18040,543,452,9,0,538,181,2,188,541,2,550,186,240
E18041,E18041,E18041,814,539,31,0,753,317,12,336,715,22,748,344,630
E18042,E18042,E18042,354,244,9,0,350,124,1,129,345,1,357,130,186
E18043,E18043,E18043,346,316,6,0,345,113,2,119,339,3,350,119,148
E18044,E18044,E18044,305,185,9,0,294,120,0,122,306,0,308,127,237
E18045,E18045,E18045,195,131,10,0,176,77,0,78,178,0,179,88,192
E18047,E18047,E18047,467,393,8,0,457,178,1,180,449,1,451,184,347
E18048,E18048,E18048,216,165,4,0,206,90,1,92,207,1,209,93,232
E18049,E18049,E18049,525,430,7,0,506,204,0,208,506,0,516,212,424
E18050,E18050,E18050,385,310,13,0,379,147,1,155,369,1,381,153,284
E18051,E18051,E18051,804,640,18,0,778,295,4,303,786,10,800,309,566
E18052,E18052,E18052,1518,1169,34,0,1482,558,35,612,1369,66,1478,613,888
E18053,E18053,E18053,382,301,7,0,358,138,1,150,328,1,353,150,242
E18054,E18054,E18054,636,577,6,0,626,222,1,224,625,5,631,223,289
E18055,E18055,E18055,713,585,22,0,699,240,4,244,699,5,704,248,353
E18056,E18056,E18056,381,332,6,0,377,123,0,129,374,0,388,129,152
E18057,E18057,E18057,433,395,9,0,431,140,1,144,429,2,435,143,205
E18058,E18058,E18058,394,325,3,0,388,135,2,142,380,3,394,143,176
E18059,E18059,E18059,259,224,9,0,257,85,1,87,264,1,266,86,101
E18060,E18060,E18060,1793,1463,51,0,1765,555,9,576,1666,14,1712,573,802
E18061,E18061,E18061,660,576,14,0,657,216,9,229,639,14,662,230,265
E18062,E18062,E18062,770,600,17,0,765,268,16,291,744,25,785,292,588
E18063,E18063,E18063,509,426,5,0,482,161,4,166,483,4,488,169,248
E18064,E18064,E18064,514,476,5,0,511,176,4,184,508,5,520,184,211
E18065,E18065,E18065,322,277,7,0,318,98,1,99,329,1,330,99,139
E18066,E18066,E18066,205,191,1,0,203,65,0,65,208,0,208,66,84
E18067,E18067,E18067,315,270,4,0,301,93,3,98,293,5,301,98,116
E18068,E18068,E18068,565,504,8,0,563,189,1,192,577,1,582,192,221
E18069,E18069,E18069,345,265,6,0,344,106,0,109,342,0,348,108,116
E18070,E18070,E18070,468,375,21,0,462,175,7,183,457,10,471,184,322
E18071,E18071,E18071,981,763,32,0,936,340,19,360,916,26,943,372,699
E18072,E18072,E18072,316,264,4,0,315,109,3,113,329,3,334,113,139
E18073,E18073,E18073,720,640,11,0,716,228,3,234,702,8,714,235,306
E18074,E18074,E18074,677,502,8,0,669,228,13,248,640,28,689,245,294
E18075,E18075,E18075,17965,14780,877,0,17855,5715,404,6182,17083,798,18050,6193,6819
E18076,E18076,E18076,1722,1577,40,0,1713,527,23,557,1623,45,1680,556,575
E18077,E18077,E18077,427,401,7,0,426,133,1,134,427,2,429,134,141
E18078,E18078,E18078,217,165,21,0,214,56,33,89,151,61,212,89,128
E18079,E18079,E18079,955,911,12,0,954,289,1,296,952,1,972,295,314
E18080,E18080,E18080,5310,4594,127,0,5233,1741,67,1841,5068,118,5270,1844,2019
E18081,E18081,E18081,6958,5992,208,0,6902,2204,74,2308,6750,141,6985,2310,2597
E18082,E18082,E18082,11818,9732,427,0,11713,3856,115,4014,11589,194,11891,4019,4362
E18083,E18083,E18083,1189,1123,11,0,1189,355,5,363,1196,9,1213,364,408
E18084,E18084,E18084,1425,1312,29,0,1415,490,2,499,1406,2,1425,501,569
E18085,E18085,E18085,7534,6392,262,0,7471,2433,82,2553,7127,137,7373,2570,3000
E18086,E18086,E18086,20397,17121,931,0,20148,6398,749,7220,18855,1358,20403,7246,8323
E18087,E18087,E18087,1466,1340,29,0,1455,466,5,472,1475,7,1487,475,519
E18088,E18088,E18088,1609,1473,27,0,1600,476,30,510,1575,46,1626,509,553
E18089,E18089,E18089,666,628,13,0,666,205,0,209,670,0,675,207,227
E18090,E18090,E18090,636,617,3,0,633,193,2,197,625,2,630,195,221
E18091,E18091,E18091,736,698,5,0,734,227,4,233,738,7,752,233,251
E18092,E18092,E18092,5522,4112,511,0,5473,1670,227,1928,5071,504,5669,1937,2154
E18093,E18093,E18093,605,568,7,0,604,191,0,194,606,0,615,193,211
E18094,E18094,E18094,968,900,13,0,966,301,7,315,944,12,978,315,343
E18095,E18095,E18095,1358,1262,18,0,1353,430,2,435,1355,4,1364,434,473
E18096,E18096,E18096,9898,7890,660,0,9750,3102,42,3169,9410,82,9583,3172,3453
E18097,E18097,E18097,2783,2514,56,0,2757,855,21,892,2730,38,2806,892,973
E18098,E18098,E18098,1007,846,38,0,998,315,26,344,952,46,1005,347,485
E18099,E18099,E18099,5122,4252,201,0,5074,1634,207,1863,4696,392,5139,1869,2107
E18100,E18100,E18100,2090,1777,78,0,2064,598,137,740,1838,245,2098,745,826
E18101,E18101,E18101,8181,7354,151,0,8131,2602,93,2725,7880,160,8129,2727,2954
E18102,E18102,E18102,4565,3911,166,0,4544,1379,28,1420,4374,60,4474,1421,1518
E18103,E18103,E18103,5158,4669,140,0,5140,1520,20,1570,4979,47,5122,1568,1712
E18104,E18104,E18104,2813,2603,38,0,2800,904,7,921,2809,17,2844,922,1009
E18105,E18105,E18105,335,309,2,0,333,117,0,118,335,0,337,117,144
E18106,E18106,E18106,643,544,11,0,643,212,1,216,647,4,658,215,255
E18107,E18107,E18107,808,708,11,0,801,281,6,293,790,12,816,294,353
E18108,E18108,E18108,210,175,6,0,209,68,0,69,215,0,216,69,89
E18109,E18109,E18109,272,234,5,0,272,85,2,90,263,7,275,89,115
E18110,E18110,E18110,491,425,8,0,489,154,1,159,485,2,493,157,194
E18111,E18111,E18111,459,401,8,0,456,145,2,153,438,7,459,150,177
E18112,E18112,E18112,429,323,6,0,424,143,0,157,410,0,429,144,191
E18113,E18113,E18113,225,188,11,0,224,88,0,91,226,0,233,90,110
E18114,E18114,E18114,1048,889,20,0,1045,375,30,418,1015,44,1087,419,550
E18115,E18115,E18115,1359,1228,12,0,1352,507,9,525,1320,13,1349,527,653
E18116,E18116,E18116,290,223,4,0,285,91,0,96,279,0,287,91,118
E18117,E18117,E18117,416,382,2,0,415,142,1,145,412,1,415,144,171
E18118,E18118,E18118,596,530,14,0,592,185,0,185,596,0,596,185,211
E18119,E18119,E18119,199,155,8,0,196,59,0,61,190,0,193,60,75
E18120,E18120,E18120,579,520,10,0,577,194,0,198,581,0,587,197,248
E18121,E18121,E18121,231,215,4,0,230,75,0,78,221,0,230,76,96
E18122,E18122,E18122,778,690,24,0,768,276,3,282,775,3,787,283,354
E18123,E18123,E18123,661,594,12,0,660,213,1,216,661,1,666,216,271
E18124,E18124,E18124,145,139,0,0,145,48,0,48,145,0,145,48,56
E18125,E18125,E18125,195,175,3,0,195,63,0,64,194,0,196,63,71
E18126,E18126,E18126,767,697,11,0,757,233,3,240,714,8,729,239,274
E18127,E18127,E18127,1040,932,20,0,1036,363,3,370,1040,10,1055,369,444
E18128,E18128,E18128,857,771,15,0,855,328,12,346,836,16,863,347,426
E18129,E18129,E18129,1050,908,30,0,1042,361,5,373,1029,9,1055,373,453
E18130,E18130,E18130,363,344,1,0,363,122,4,129,356,10,373,128,148
E18131,E18131,E18131,4808,3769,114,0,4783,1606,18,1648,4717,25,4795,1651,1804
E18132,E18132,E18132,406,368,6,0,405,133,0,138,401,0,414,137,175
E18133,E18133,E18133,1029,931,23,0,1027,361,1,375,1011,1,1040,373,459
E18134,E18134,E18134,320,294,4,0,320,100,0,102,317,0,324,102,121
E18135,E18135,E18135,743,676,14,0,743,250,0,252,744,0,752,254,274
E18136,E18136,E18136,377,339,3,0,376,134,3,138,375,5,385,140,154
E18137,E18137,E18137,244,216,5,0,232,86,0,87,236,0,238,88,110
E18138,E18138,E18138,589,550,4,0,589,179,1,183,588,6,600,182,207
E18139,E18139,E18139,381,345,2,0,375,130,1,133,375,1,382,132,168
E18140,E18140,E18140,1545,1330,35,0,1533,550,7,568,1519,13,1565,570,658
E18141,E18141,E18141,1146,1001,28,0,1141,387,4,400,1076,8,1112,399,486
E18142,E18142,E18142,353,325,7,0,345,106,0,107,351,0,352,107,122
E18143,E18143,E18143,2107,1797,49,0,2098,727,23,763,2044,40,2118,765,894
E18144,E18144,E18144,1319,1193,28,0,1314,446,8,465,1272,17,1319,460,505
E18145,E18145,E18145,464,431,6,0,463,163,1,168,458,2,472,167,208
E18146,E18146,E18146,277,244,2,0,275,94,0,96,269,0,274,97,121
E18147,E18147,E18147,705,637,3,0,705,266,3,269,717,3,720,270,325
E18148,E18148,E18148,531,489,8,0,530,181,0,184,525,0,528,183,223
E18149,E18149,E18149,219,198,6,0,218,84,0,85,223,0,225,85,117
E18150,E18150,E18150,325,304,2,0,324,117,0,121,315,0,320,121,164
E18151,E18151,E18151,655,616,2,0,654,242,3,252,638,3,661,253,359
E18152,E18152,E18152,412,368,4,0,404,148,0,148,411,0,411,149,173
E18153,E18153,E18153,582,521,12,0,577,225,2,229,575,3,586,229,268
E18154,E18154,E18154,373,345,5,0,373,136,0,137,380,0,382,136,174
E18155,E18155,E18155,164,155,2,0,164,61,1,64,163,1,168,64,80
E18156,E18156,E18156,279,245,6,0,276,96,0,97,280,0,281,98,115
E18157,E18157,E18157,388,364,4,0,384,128,0,129,394,0,400,129,151
E18158,E18158,E18158,605,543,9,0,599,210,2,220,590,3,609,218,266
E18159,E18159,E18159,399,376,7,0,399,138,1,142,404,2,410,141,167
E18160,E18160,E18160,207,194,1,0,207,71,0,73,208,0,211,72,82
E18161,E18161,E18161,1280,1069,25,0,1272,475,9,496,1217,15,1263,501,615
E18162,E18162,E18162,1886,1564,46,0,1873,700,37,750,1761,54,1847,751,1000
E18163,E18163,E18163,349,317,4,0,349,118,0,121,356,0,359,118,144
E18164,E18164,E18164,345,313,3,0,344,116,0,119,339,0,345,116,134
E18165,E18165,E18165,317,282,2,0,316,107,1,110,313,1,316,108,148
E18166,E18166,E18166,429,396,6,0,428,161,2,164,425,2,428,164,216
E18167,E18167,E18167,461,437,4,0,458,168,1,173,458,4,473,173,205
E18168,E18168,E18168,680,631,1,0,675,242,1,246,690,1,695,246,281
E18169,E18169,E18169,88,76,1,0,87,36,0,36,87,0,87,37,42
E18170,E18170,E18170,1537,1427,21,0,1525,595,14,613,1462,27,1493,612,777
E18171,E18171,E18171,941,880,8,0,933,316,2,320,929,3,939,319,377
E18172,E18172,E18172,479,431,12,0,476,157,0,158,477,0,480,158,190
E18173,E18173,E18173,364,338,2,0,362,127,0,128,375,0,377,128,163
E18174,E18174,E18174,160,152,0,0,160,58,0,61,158,0,163,61,74
E18175,E18175,E18175,479,433,5,0,471,169,1,171,475,1,480,172,215
E18176,E18176,E18176,437,420,0,0,437,154,0,157,433,0,442,155,172
E18177,E18177,E18177,503,443,9,0,499,186,2,195,492,2,504,194,235
E18178,E18178,E18178,631,521,19,0,626,215,7,225,609,13,632,226,288
E18179,E18179,E18179,358,326,7,0,356,118,0,122,348,0,354,119,133
E18180,E18180,E18180,355,299,10,0,352,109,2,112,335,4,341,113,137
E18181,E18181,E18181,343,296,10,0,340,124,2,126,342,7,349,126,155
E18182,E18182,E18182,1185,1041,31,0,1172,353,20,380,1131,38,1184,378,451
E18183,E18183,E18183,1878,1623,45,0,1865,679,43,739,1810,65,1912,738,868
E18184,E18184,E18184,404,351,7,0,396,132,0,133,403,0,405,132,156
E18185,E18185,E18185,492,428,11,0,487,137,7,145,486,8,495,146,157
E18186,E18186,E18186,518,452,11,0,515,165,7,178,516,9,532,176,214
E18187,E18187,E18187,1235,1075,60,0,1233,372,5,380,1163,14,1190,380,426
E18188,E18188,E18188,479,412,13,0,479,154,1,160,482,1,490,158,179
E18189,E18189,E18189,4673,3521,193,0,4526,1442,88,1548,4258,151,4443,1560,1982
E18190,E18190,E18190,306,243,8,0,295,98,4,103,295,6,302,106,177
E18191,E18191,E18191,465,385,15,0,456,149,5,155,453,10,465,156,219
E18192,E18192,E18192,743,633,20,0,734,226,3,231,742,7,752,232,250
E18193,E18193,E18193,4385,3731,146,0,4366,1348,14,1375,4399,28,4463,1377,1500
E18194,E18194,E18194,281,241,11,0,281,95,0,96,285,0,286,95,113
E18195,E18195,E18195,3491,2969,111,0,3457,1234,55,1319,3346,91,3496,1321,1837
E18196,E18196,E18196,695,641,6,0,693,227,1,230,702,1,708,229,252
E18197,E18197,E18197,445,414,3,0,444,147,1,149,447,1,450,149,185
E18198,E18198,E18198,1366,1252,20,0,1351,427,4,432,1356,8,1367,432,473
E18199,E18199,E18199,544,490,6,0,544,193,1,196,547,1,550,194,247
E18200,E18200,E18200,317,287,5,0,315,110,2,115,308,2,319,115,140
E18201,E18201,E18201,595,540,10,0,594,188,1,191,601,2,607,189,217
E18202,E18202,E18202,216,173,5,0,216,74,1,79,208,3,217,76,97
E18203,E18203,E18203,883,784,13,0,881,299,2,308,877,4,894,306,355
E18204,E18204,E18204,526,481,16,0,524,181,3,186,525,7,541,186,206
E18205,E18205,E18205,251,237,3,0,250,82,0,82,252,0,252,83,98
E18206,E18206,E18206,450,409,7,0,449,153,0,155,439,0,441,155,200
E18207,E18207,E18207,1175,1095,25,0,1172,375,11,395,1155,13,1183,395,441
E18208,E18208,E18208,264,242,1,0,264,85,1,91,253,4,270,91,97
E18209,E18209,E18209,538,475,8,0,534,195,10,212,522,10,542,210,258
E18210,E18210,E18210,651,578,11,0,651,210,6,219,647,9,662,218,258
E18211,E18211,E18211,792,749,16,0,790,247,0,252,788,0,797,251,285
E18212,E18212,E18212,652,596,10,0,652,209,6,220,647,8,668,220,260
E18213,E18213,E18213,825,752,4,0,819,273,2,280,783,3,802,280,330
E18214,E18214,E18214,1065,979,13,0,1061,363,7,383,1039,9,1081,383,430
E18215,E18215,E18215,445,415,6,0,443,148,1,149,447,1,448,151,168
E18216,E18216,E18216,662,609,17,0,662,237,0,238,683,0,684,238,268
E18217,E18217,E18217,550,518,2,0,550,190,0,193,541,0,552,192,217
E18218,E18218,E18218,833,697,8,0,829,302,6,313,829,7,854,313,411
E18219,E18219,E18219,632,549,10,0,632,213,4,219,633,6,641,221,268
E18220,E18220,E18220,775,708,19,0,769,255,3,263,760,6,778,264,308
E18221,E18221,E18221,418,375,6,0,411,151,0,152,417,0,418,152,168
E18222,E18222,E18222,681,631,10,0,676,224,1,229,672,1,684,229,265
E18223,E18223,E18223,971,918,12,0,968,325,2,330,977,5,988,330,351
E18224,E18224,E18224,1706,1539,44,0,1696,654,13,683,1690,20,1741,686,840
E18225,E18225,E18225,540,486,11,0,539,192,6,201,528,12,543,199,235
E18226,E18226,E18226,238,222,5,0,237,89,0,89,239,0,239,89,104
E18227,E18227,E18227,1079,966,22,0,1072,361,6,373,992,6,1017,375,500
E18228,E18228,E18228,328,297,2,0,326,111,0,116,315,0,326,117,134
E18229,E18229,E18229,1390,1227,31,0,1382,508,15,532,1356,20,1395,532,655
E18230,E18230,E18230,2518,2318,28,0,2505,816,10,838,2357,13,2407,837,979
E18231,E18231,E18231,311,280,6,0,311,117,2,123,303,4,318,123,140
E18232,E18232,E18232,744,676,10,0,742,246,1,253,735,1,750,253,284
E18233,E18233,E18233,1076,977,22,0,1070,362,3,370,1078,4,1093,369,422
E18234,E18234,E18234,574,518,5,0,567,213,1,217,576,1,585,216,271
E18235,E18235,E18235,4026,3405,181,0,4009,1343,37,1411,3855,58,4009,1411,1735
E18236,E18236,E18236,374,321,4,0,369,124,1,130,364,4,382,129,156
E18237,E18237,E18237,761,670,19,0,752,264,6,275,742,9,763,274,318
E18238,E18238,E18238,916,851,9,0,910,301,0,302,926,0,930,302,323
E18239,E18239,E18239,4004,2901,282,0,3944,1418,125,1564,3673,238,3964,1570,1912
E18240,E18240,E18240,623,558,18,0,623,221,1,225,617,1,623,223,263
E18241,E18241,E18241,143,127,0,0,142,58,0,60,149,0,151,61,69
E18242,E18242,E18242,606,548,15,0,599,207,1,214,583,1,604,215,242
E18243,E18243,E18243,123,95,1,0,123,34,0,39,92,0,98,34,40
E18244,E18244,E18244,344,319,6,0,343,122,3,127,352,7,362,127,150
E18245,E18245,E18245,271,247,6,0,269,94,0,94,274,0,274,94,104
E18246,E18246,E18246,537,467,13,0,528,166,0,170,465,0,474,172,225
E18247,E18247,E18247,1487,1271,29,0,1452,529,11,549,1423,22,1464,555,857
E18248,E18248,E18248,316,283,6,0,315,100,0,106,316,0,325,104,122
E18249,E18249,E18249,6665,5221,446,0,6618,2071,206,2314,6071,404,6580,2317,2571
E18250,E18250,E18250,919,802,20,0,887,302,6,310,891,6,900,314,409
E18251,E18251,E18251,196,183,4,0,196,56,0,61,192,0,199,61,70
E18252,E18252,E18252,3859,3278,118,0,3835,1303,57,1383,3756,94,3910,1384,1676
E18253,E18253,E18253,2571,2148,75,0,2481,740,7,765,2143,13,2205,838,1104
E18254,E18254,E18254,253,226,3,0,245,73,1,76,243,3,251,74,84
E18255,E18255,E18255,664,610,13,0,661,194,1,200,627,1,638,198,233
E18256,E18256,E18256,622,555,8,0,614,201,1,205,612,2,618,207,263
E18257,E18257,E18257,2340,2008,79,0,2287,811,36,861,2235,54,2317,858,1078
E18258,E18258,E18258,467,409,13,0,461,153,0,157,463,0,472,159,210
E18259,E18259,E18259,949,860,21,0,939,293,1,297,892,1,902,298,321
E18260,E18260,E18260,8316,6471,411,0,8254,2553,252,2847,7736,490,8355,2857,3250
E18261,E18261,E18261,592,555,11,0,592,218,0,220,601,0,603,218,259
E18262,E18262,E18262,1141,1011,28,0,1124,389,5,398,1110,6,1124,402,476
E18263,E18263,E18263,574,525,11,0,570,173,0,175,528,0,531,173,197
E18264,E18264,E18264,572,521,10,0,570,186,2,191,575,3,582,191,206
E18265,E18265,E18265,520,491,6,0,518,181,0,182,524,0,525,182,220
E18266,E18266,E18266,903,802,14,0,900,335,23,362,838,30,876,361,454
E18267,E18267,E18267,204,199,1,0,203,69,0,69,204,0,204,69,82
E18268,E18268,E18268,429,386,10,0,428,150,0,155,419,0,430,155,206
E18269,E18269,E18269,213,200,2,0,212,81,0,81,215,0,215,81,101
E18270,E18270,E18270,489,442,9,0,487,167,1,171,462,1,466,170,190
E18271,E18271,E18271,2001,1495,179,0,1989,631,14,649,1710,27,1753,650,799
E18272,E18272,E18272,341,328,2,0,340,115,0,116,343,0,348,116,146
E18273,E18273,E18273,313,289,2,0,309,119,0,121,316,0,320,120,142
E18274,E18274,E18274,601,555,14,0,601,237,4,243,607,7,617,244,297
E18275,E18275,E18275,542,483,6,0,540,180,0,183,537,0,543,182,209
E18276,E18276,E18276,379,359,6,0,379,128,2,133,380,3,392,132,182
E18277,E18277,E18277,304,284,2,0,299,103,0,106,298,0,304,105,117
E18278,E18278,E18278,458,405,4,0,452,167,0,171,465,0,471,171,209
E18279,E18279,E18279,458,415,4,0,449,139,1,144,396,1,404,145,173
E18280,E18280,E18280,632,560,13,0,627,241,7,252,612,17,639,253,319
E18281,E18281,E18281,135,128,2,0,135,46,0,48,129,0,135,47,59
E18282,E18282,E18282,531,493,4,0,523,174,1,179,523,1,537,180,210
E18283,E18283,E18283,384,336,3,0,376,124,0,127,385,0,389,127,140
E18284,E18284,E18284,5059,4406,142,0,5033,1787,118,1937,4786,207,5076,1935,2278
E18285,E18285,E18285,295,270,1,0,291,108,0,114,285,0,295,113,137
E18286,E18286,E18286,287,223,5,0,285,97,2,99,287,2,289,99,140
E18287,E18287,E18287,569,466,10,0,560,217,2,220,578,2,582,223,377
E18288,E18288,E18288,602,492,15,0,595,236,7,248,605,8,618,247,334
E18289,E18289,E18289,327,294,3,0,327,102,2,109,321,4,334,109,130
E18290,E18290,E18290,332,251,17,0,313,127,1,131,298,2,305,135,288
E18291,E18291,E18291,362,323,1,0,358,135,0,138,361,0,364,137,172
E18292,E18292,E18292,793,653,12,0,769,281,4,286,776,9,788,295,483
E18293,E18293,E18293,450,373,10,0,440,170,0,172,449,0,451,175,320
E18294,E18294,E18294,346,294,2,0,344,124,0,125,346,0,347,124,164
E18295,E18295,E18295,380,325,6,0,374,134,1,138,372,1,383,142,176
E18296,E18296,E18296,370,309,3,0,366,119,1,124,363,1,371,123,166
E18297,E18297,E18297,294,223,5,0,293,86,0,91,284,0,302,90,105
E18298,E18298,E18298,622,494,18,0,616,191,0,200,562,0,584,201,269
E18299,E18299,E18299,357,310,3,0,351,129,1,132,359,2,363,130,156
E18300,E18300,E18300,483,381,14,0,479,171,3,182,470,5,495,183,237
E18301,E18301,E18301,536,401,4,0,502,198,2,203,501,5,513,211,389
E18302,E18302,E18302,368,304,5,0,364,123,1,128,361,1,373,128,162
E18303,E18303,E18303,545,428,15,0,535,193,8,205,529,11,552,206,282
E18304,E18304,E18304,735,516,29,0,685,259,4,263,696,4,700,273,504
E18305,E18305,E18305,365,327,6,0,359,114,4,119,358,7,366,119,160
E18306,E18306,E18306,1252,1043,25,0,1225,409,4,420,1140,8,1155,421,583
E18307,E18307,E18307,791,554,25,0,744,279,12,293,741,21,764,299,800
E18308,E18308,E18308,377,312,9,0,376,129,1,134,378,1,388,135,168
E18309,E18309,E18309,303,195,16,0,290,112,0,119,283,0,292,116,162
E18310,E18310,E18310,835,613,42,0,816,327,9,351,816,10,847,358,614
E18311,E18311,E18311,205,127,7,0,201,81,0,85,194,0,204,81,120
E18312,E18312,E18312,230,181,5,0,213,81,1,84,213,1,217,90,342
E18313,E18313,E18313,199,141,5,0,197,73,1,76,196,3,204,77,144
E18314,E18314,E18314,238,183,9,0,235,84,0,85,240,0,244,84,158
E18315,E18315,E18315,256,193,8,0,238,96,2,101,220,2,225,108,300
E18316,E18316,E18316,431,339,15,0,415,163,1,167,418,2,425,173,244
E18317,E18317,E18317,247,182,6,0,237,82,1,86,232,1,240,91,160
E18318,E18318,E18318,987,710,49,0,946,359,31,395,899,47,956,407,923
E18319,E18319,E18319,183,108,8,0,161,75,0,78,165,0,172,82,189
E18320,E18320,E18320,649,574,10,0,644,217,0,221,644,0,650,220,252
E18321,E18321,E18321,1060,928,20,0,1030,323,0,327,943,0,956,337,584
E18322,E18322,E18322,174,158,3,0,174,54,0,54,177,0,177,54,64
E18323,E18323,E18323,1330,1204,46,0,1330,461,5,470,1327,13,1351,469,561
E18324,E18324,E18324,886,795,10,0,879,300,0,306,875,0,895,306,419
E18325,E18325,E18325,1202,1004,42,0,1189,428,7,438,1181,13,1197,439,546
E19001,E19001,E19001,9663,5850,799,0,8744,2580,524,3170,6553,1041,7745,3217,4287
E19002,E19002,E19002,4205,3461,99,0,4184,1663,88,1777,3963,117,4137,1787,2268
E19003,E19003,E19003,4885,3541,403,0,4731,1560,579,2207,3358,900,4374,2267,3235
E19004,E19004,E19004,199,186,2,0,198,74,0,77,197,0,202,76,102
E19005,E19005,E19005,375,307,13,0,358,141,4,148,356,8,372,155,452
E19006,E19006,E19006,93,78,4,0,89,38,0,38,91,0,91,39,99
E19007,E19007,E19007,2012,1613,40,0,1962,764,49,827,1854,77,1957,837,1305
E19008,E19008,E19008,312,215,4,0,269,117,1,123,258,2,266,134,433
E19009/19020,E19009/19020,E19009/19020,233,207,3,0,229,89,0,92,227,0,231,91,158
E19010,E19010,E19010,585,497,4,0,574,210,1,211,589,1,590,215,330
E19012,E19012,E19012,171,148,8,0,169,62,0,63,160,0,165,64,102
E19013,E19013,E19013,189,148,3,0,171,75,0,78,170,0,176,81,286
E19014/19011,E19014/19011,E19014/19011,282,241,3,0,281,100,0,104,277,0,287,103,151
E19015,E19015,E19015,926,774,14,0,903,336,3,345,895,6,913,354,750
E19016,E19016,E19016,1037,882,17,0,1030,367,7,387,1001,11,1040,393,919
E19017,E19017,E19017,255,215,3,0,249,99,2,106,229,4,253,107,209
E19018,E19018,E19018,106,97,1,0,105,31,0,32,108,0,110,32,55
E19019,E19019,E19019,269,213,3,0,256,108,2,112,252,2,256,114,289
E19021,E19021,E19021,270,218,4,0,268,95,0,97,264,0,269,97,138
E19022,E19022,E19022,390,324,12,0,387,147,1,149,371,1,373,152,267
E19023,E19023,E19023,161,142,0,0,155,57,0,57,159,0,159,57,130
E19024,E19024,E19024,272,237,1,0,267,112,0,114,264,0,272,116,188
E19025,E19025,E19025,665,549,16,0,641,250,1,254,621,1,628,255,648
E19026,E19026,E19026,530,446,8,0,529,202,1,207,519,4,533,205,293
E19027,E19027,E19027,131,104,6,0,125,45,0,46,123,0,125,49,98
E19028,E19028,E19028,274,232,10,0,272,113,2,115,278,4,282,115,169
E19029,E19029,E19029,152,121,5,0,152,67,0,67,157,0,157,67,150
E19030,E19030,E19030,923,774,36,0,908,360,8,376,901,10,924,381,727
E19031,E19031,E19031,297,220,18,0,260,95,2,97,247,6,253,101,203
E19032,E19032,E19032,339,287,6,0,322,130,0,132,316,0,320,138,242
E19033,E19033,E19033,1538,997,69,0,1321,481,73,573,1092,125,1249,602,1003
E19034,E19034,E19034,176,141,7,0,160,63,2,67,154,4,164,72,191
E19035,E19035,E19035,438,371,6,0,421,172,0,179,423,0,437,185,442
E19036,E19036,E19036,1823,1420,72,0,1740,590,6,620,1628,8,1677,625,982
E19037,E19037,E19037,151,111,7,0,144,54,1,57,139,4,146,56,121
E19038,E19038,E19038,479,431,7,0,467,183,2,195,458,2,480,195,408
E19039,E19039,E19039,443,392,14,0,438,175,2,178,449,3,453,182,306
E19040,E19040,E19040,357,299,10,0,352,128,2,135,352,3,365,133,202
E19041,E19041,E19041,312,256,6,0,304,107,0,112,298,0,306,112,169
E19042,E19042,E19042,246,201,6,0,245,93,3,100,234,6,250,100,223
E19043,E19043,E19043,388,337,13,0,377,132,1,137,375,3,388,139,235
E19044,E19044,E19044,229,185,7,0,220,78,1,83,212,1,221,86,127
E19045,E19045,E19045,423,337,16,0,411,160,3,175,403,4,422,172,361
E19046,E19046,E19046,205,119,10,0,187,83,0,85,183,0,187,89,201
E19047,E19047,E19047,222,176,2,0,219,82,0,83,228,0,229,83,126
E19048,E19048,E19048,367,285,16,0,358,136,0,137,371,0,372,139,209
E19049,E19049,E19049,319,240,10,0,306,125,2,135,300,3,311,131,323
E19050,E19050,E19050,551,401,14,0,535,197,0,200,526,0,529,203,345
E19051,E19051,E19051,269,156,12,0,261,103,2,106,265,2,268,106,199
E19052,E19052,E19052,195,164,4,0,190,66,0,67,188,0,190,68,93
E19053,E19053,E19053,164,117,2,0,163,57,0,58,167,0,169,58,86
E19054,E19054,E19054,269,210,2,0,250,96,0,97,247,0,249,103,210
E19055,E19055,E19055,246,168,6,0,225,84,2,89,214,4,221,93,210
E19056,E19056,E19056,2912,1939,157,0,2731,991,67,1078,2523,83,2654,1110,2056
E19057,E19057,E19057,665,570,20,0,661,255,4,259,656,17,673,259,412
E19058,E19058,E19058,163,147,2,0,163,56,0,57,164,0,165,57,75
E19059,E19059,E19059,135,116,1,0,133,50,0,51,139,0,140,52,115
E19060,E19060,E19060,557,407,23,0,528,213,11,228,463,21,494,236,540
E19061,E19061,E19061,210,140,7,0,192,82,0,86,185,0,192,92,206
E19062,E19062,E19062,872,736,20,0,836,258,16,280,796,22,829,282,346
E19063,E19063,E19063,435,369,9,0,414,143,0,144,412,0,416,153,208
E19064,E19064,E19064,180,163,5,0,180,66,1,67,187,2,189,67,88
E19065,E19065,E19065,791,708,6,0,788,256,2,258,791,4,795,259,296
E19066,E19066,E19066,881,730,16,0,874,320,1,336,873,1,898,335,616
E19067,E19067,E19067,518,437,12,0,516,162,2,165,521,3,525,166,211
E19068,E19068,E19068,128,112,4,0,128,50,0,50,136,0,136,50,66
E19069,E19069,E19069,811,665,34,0,794,244,14,260,790,25,818,263,335
E19070,E19070,E19070,1983,1786,18,0,1975,675,5,701,1947,9,2007,699,831
E19071,E19071,E19071,327,273,3,0,320,121,1,122,328,2,330,123,168
E19072,E19072,E19072,283,256,2,0,281,99,0,101,283,0,289,101,119
E19073,E19073,E19073,598,562,11,0,597,205,0,209,602,0,610,206,259
E19074,E19074,E19074,764,660,7,0,744,254,0,255,756,0,759,258,325
E19075,E19075,E19075,759,623,11,0,741,277,3,284,745,7,763,289,388
E19076,E19076,E19076,402,357,14,0,400,133,1,135,406,2,409,135,176
E19077,E19077,E19077,698,631,8,0,693,233,6,240,691,10,705,241,289
E19078,E19078,E19078,570,494,5,0,559,195,1,199,564,2,571,201,251
E19079,E19079,E19079,2026,1813,56,0,2013,655,2,673,1957,3,2000,670,788
E19080,E19080,E19080,244,226,3,0,244,84,0,85,238,0,243,85,103
E19081,E19081,E19081,877,747,12,0,869,272,0,274,793,0,796,277,347
E19082,E19082,E19082,6472,5150,241,0,6221,2006,46,2115,5849,102,6128,2138,2634
E19083,E19083,E19083,913,804,24,0,901,312,4,316,903,6,909,316,359
E19084,E19084,E19084,4185,3267,75,0,4137,1489,89,1620,3932,135,4166,1632,2227
E19085,E19085,E19085,1011,904,12,0,1001,351,1,358,1023,1,1037,361,433
E19086,E19086,E19086,302,262,3,0,302,102,1,103,308,1,309,103,123
E19087,E19087,E19087,709,620,13,0,696,224,1,226,686,3,690,229,297
E19088,E19088,E19088,1939,1593,76,0,1926,712,8,731,1862,13,1903,737,951
E19089,E19089,E19089,1490,1291,26,0,1477,549,1,555,1487,2,1504,558,693
E19090,E19090,E19090,776,586,27,0,712,204,2,209,607,2,618,214,309
E19091,E19091,E19091,1838,1530,45,0,1830,647,3,661,1799,6,1830,661,796
E19092,E19092,E19092,407,343,10,0,405,133,1,137,404,1,412,136,149
E19093,E19093,E19093,710,633,10,0,699,245,0,248,709,0,716,247,330
E19094,E19094,E19094,481,457,6,0,479,186,1,189,489,2,494,189,245
E19095,E19095,E19095,460,418,6,0,458,157,0,158,457,0,461,159,188
E19096,E19096,E19096,442,387,2,0,442,154,1,155,441,1,442,155,197
E19097,E19097,E19097,868,785,8,0,860,318,2,327,845,4,870,326,417
E19098,E19098,E19098,105,95,0,0,105,37,0,37,108,0,108,37,49
E19099,E19099,E19099,423,370,13,0,422,154,0,157,425,0,432,157,203
E19100,E19100,E19100,162,146,4,0,161,57,0,57,163,0,163,58,88
E19101,E19101,E19101,397,342,9,0,395,153,2,161,391,3,413,160,208
E19102,E19102,E19102,647,580,5,0,642,229,1,235,640,1,652,234,298
E19103,E19103,E19103,335,305,10,0,332,107,0,112,296,0,304,111,133
E19104,E19104,E19104,519,466,9,0,518,180,0,182,518,0,520,181,225
E19105,E19105,E19105,512,462,10,0,511,188,0,189,480,0,481,189,254
E19106,E19106,E19106,612,532,9,0,605,209,0,222,579,0,611,215,262
E19107,E19107,E19107,247,226,4,0,245,98,0,98,245,0,245,99,151
E19108,E19108,E19108,365,315,4,0,361,135,0,138,366,0,370,137,167
E19109,E19109,E19109,944,830,9,0,940,328,2,342,910,2,945,341,424
E19110,E19110,E19110,1804,1568,35,0,1769,705,42,756,1716,61,1793,769,1441
E19111,E19111,E19111,542,494,12,0,540,182,0,184,536,0,546,185,239
E19112,E19112,E19112,771,662,13,0,764,263,1,266,776,1,780,266,318
E19113,E19113,E19113,255,241,0,0,253,90,0,100,229,0,249,96,120
E19114,E19114,E19114,445,415,4,0,443,156,1,165,432,5,451,161,185
E19115,E19115,E19115,512,456,4,0,509,183,1,185,517,4,523,184,235
E19116,E19116,E19116,627,547,14,0,623,237,2,241,625,2,629,243,312
E19117,E19117,E19117,353,309,8,0,348,121,0,125,352,0,358,124,167
E19118,E19118,E19118,1567,1308,27,0,1556,587,4,596,1513,5,1529,600,750
E19119,E19119,E19119,1016,884,15,0,1015,369,1,379,1003,1,1018,374,481
E19120,E19120,E19120,513,445,5,0,509,177,0,178,519,0,520,179,235
E19121,E19121,E19121,1072,957,9,0,1066,406,2,413,1054,5,1076,415,515
E19122,E19122,E19122,421,380,4,0,419,157,2,161,410,3,421,162,204
E19123,E19123,E19123,239,219,5,0,237,87,0,87,237,0,237,87,104
E19124,E19124,E19124,779,687,19,0,773,307,1,312,766,2,781,314,408
E19125,E19125,E19125,521,464,5,0,517,173,0,179,507,0,516,179,237
E19126,E19126,E19126,493,427,3,0,489,173,1,178,486,1,494,178,218
E19127,E19127,E19127,369,339,5,0,367,147,0,148,371,0,372,148,192
E19128,E19128,E19128,1184,1030,26,0,1179,431,4,443,1151,8,1176,442,509
E19129,E19129,E19129,1290,1178,17,0,1282,447,1,452,1302,1,1313,452,507
E19130,E19130,E19130,997,860,21,0,994,363,5,369,992,13,1009,370,445
E19131,E19131,E19131,374,335,10,0,371,119,2,124,369,3,377,122,136
E19132,E19132,E19132,1412,1231,27,0,1410,522,6,532,1407,13,1431,535,828
E19133,E19133,E19133,1600,1416,31,0,1578,576,2,591,1597,2,1620,597,818
E19134,E19134,E19134,512,449,4,0,506,177,0,180,513,0,519,181,232
E19135,E19135,E19135,1739,1412,80,0,1708,541,5,554,1618,9,1651,556,674
E19136,E19136,E19136,714,630,10,0,708,237,5,253,691,6,723,253,469
E19137,E19137,E19137,431,367,6,0,421,148,0,148,412,0,412,149,186
E19138,E19138,E19138,698,621,14,0,698,241,7,249,692,13,707,253,322
E19139,E19139,E19139,478,424,10,0,473,167,0,168,481,0,485,168,209
E19140,E19140,E19140,756,659,10,0,749,298,3,303,749,5,757,307,387
E19141,E19141,E19141,434,417,4,0,431,151,0,154,429,0,432,152,179
E19142,E19142,E19142,3426,2922,89,0,3403,1231,71,1321,3272,117,3427,1322,1603
E19143,E19143,E19143,1645,1423,28,0,1603,521,4,533,1612,6,1638,534,616
E19144,E19144,E19144,283,260,8,0,283,113,0,113,296,0,296,114,135
E19145,E19145,E19145,325,294,5,0,325,112,0,114,331,0,333,113,131
E19146,E19146,E19146,193,172,2,0,190,67,0,67,190,0,190,67,86
E19147,E19147,E19147,695,628,15,0,688,219,0,222,702,0,708,222,253
E19148,E19148,E19148,365,334,3,0,363,138,1,140,362,2,365,140,165
E19149,E19149,E19149,617,549,6,0,615,224,0,225,612,0,614,225,289
E19150,E19150,E19150,264,241,3,0,262,100,1,106,253,1,262,105,128
E19151,E19151,E19151,666,555,20,0,665,242,0,249,661,0,675,248,342
E19152,E19152,E19152,293,244,11,0,290,102,6,112,272,7,292,111,152
E19153,E19153,E19153,335,307,3,0,334,130,0,132,337,0,339,131,164
E19154,E19154,E19154,326,295,2,0,324,115,1,117,325,1,328,117,138
E19155,E19155,E19155,568,477,13,0,561,214,1,222,559,1,575,223,264
E19156,E19156,E19156,334,267,14,0,329,109,4,117,297,7,310,116,176
E19157,E19157,E19157,697,634,10,0,697,257,1,265,684,5,703,265,342
E19158,E19158,E19158,454,406,14,0,454,151,1,154,449,2,453,153,186
E19159,E19159,E19159,451,425,3,0,449,156,0,164,437,0,456,162,210
E19160,E19160,E19160,171,150,0,0,171,62,0,63,174,0,175,62,77
E19161,E19161,E19161,374,326,9,0,374,126,0,127,380,0,381,126,158
E19162,E19162,E19162,508,450,9,0,505,169,1,171,508,1,510,170,193
E19163,E19163,E19163,1092,943,31,0,1087,369,3,375,1101,3,1108,378,425
E19164,E19164,E19164,662,601,16,0,660,228,0,229,691,0,692,228,282
E19165,E19165,E19165,17952,13945,1196,0,17786,6150,313,6594,16612,548,17537,6656,7754
E19166,E19166,E19166,817,729,25,0,813,281,1,290,801,4,821,287,337
E20001,E20001,E20001,4678,3990,142,0,4663,1512,170,1686,4227,384,4621,1708,1823
E20002,E20002,E20002,2497,1920,172,0,2464,747,137,909,2170,248,2482,933,1041
E20003,E20003,E20003,509,374,43,0,504,138,75,228,303,115,450,233,327
E20004,E20004,E20004,1456,1305,27,0,1448,544,48,608,1281,106,1432,609,674
E20005,E20005,E20005,2137,1741,62,0,2116,595,234,858,1510,450,2033,870,1015
E20006,E20006,E20006,1375,1305,9,0,1366,530,8,542,1348,17,1383,543,591
E20007,E20007,E20007,2918,2751,26,0,2917,999,15,1081,2699,30,2920,1085,1221
E20008,E20008,E20008,1157,999,41,0,1153,434,30,465,1073,48,1122,466,538
E20009,E20009,E20009,508,388,22,0,505,167,51,224,389,89,494,226,274
E20010,E20010,E20010,1171,888,56,0,1117,284,158,456,784,288,1101,461,600
E20011,E20011,E20011,2155,1902,64,0,2126,710,69,792,1938,116,2074,795,901
E20012,E20012,E20012,1625,1465,35,0,1601,673,20,695,1611,28,1644,697,776
E20013,E20013,E20013,570,253,67,0,554,27,226,266,59,472,554,271,411
E20014,E20014,E20014,1799,836,366,0,1748,166,609,853,343,1162,1667,866,1195
E20015,E20015,E20015,1080,600,121,0,1065,230,256,514,505,510,1067,527,635
E20016,E20016,E20016,1028,910,34,0,1022,393,68,479,861,83,969,484,561
E20017,E20017,E20017,872,614,130,0,853,201,27,235,567,40,621,243,311
E20018,E20018,E20018,948,857,24,0,940,333,19,361,772,31,820,364,429
E20019,E20019,E20019,1467,1364,6,0,1460,544,1,558,1405,1,1452,554,585
E20020,E20020,E20020,878,833,3,0,878,313,6,346,819,16,896,332,349
E20021,E20021,E20021,498,409,29,0,495,157,63,230,366,97,489,232,294
E20022,E20022,E20022,1169,1116,7,0,1162,487,4,495,1152,9,1170,497,545
E20023,E20023,E20023,524,505,3,0,523,194,4,206,502,7,530,206,233
E20024,E20024,E20024,863,840,2,0,863,277,6,308,774,18,875,308,410
E20025,E20025,E20025,976,874,17,0,970,372,33,414,872,53,944,417,486
E20026,E20026,E20026,368,275,15,0,359,93,68,164,215,133,351,164,214
E20027,E20027,E20027,1445,1391,15,0,1445,537,28,580,1339,39,1448,571,624
E20028,E20028,E20028,810,768,5,0,807,304,24,342,718,44,786,345,406
E20029,E20029,E20029,1755,893,204,0,1746,316,385,761,861,804,1768,765,972
E20030,E20030,E20030,1039,930,11,0,1003,315,121,441,715,268,991,462,551
E20031,E20031,E20031,751,709,8,0,749,261,19,296,668,34,751,297,332
E20032,E20032,E20032,1567,1485,9,0,1549,559,17,597,1412,33,1541,593,638
E20033,E20033,E20033,1116,1012,9,0,1113,272,14,288,695,25,723,290,320
E20034,E20034,E20034,704,305,102,0,636,12,309,331,29,556,609,342,531
E20035,E20035,E20035,662,295,200,0,628,41,246,313,85,395,516,316,663
E20036,E20036,E20036,1677,1566,14,0,1673,629,13,652,1656,20,1702,653,693
E20037,E20037,E20037,3869,3499,92,0,3858,1304,9,1346,3786,16,3914,1336,1405
E20065,E20065,E20065,6485,5776,186,0,6442,2118,291,2447,5766,546,6417,2528,3107
E21001,E21001,E21001,344,321,5,0,344,111,0,112,351,0,352,111,131
E21002,E21002,E21002,622,554,12,0,620,202,1,203,630,2,632,203,228
E21003,E21003,E21003,2028,1653,64,0,1946,599,55,690,1679,77,1867,696,873
E21004,E21004,E21004,930,846,14,0,923,330,6,341,931,11,951,343,407
E21005,E21005,E21005,507,482,1,0,505,184,0,186,485,0,488,185,216
E21006,E21006,E21006,320,300,3,0,317,108,1,109,326,1,327,109,126
E21007,E21007,E21007,330,308,3,0,321,108,0,112,319,0,324,110,130
E21008,E21008,E21008,452,429,8,0,451,153,2,158,454,3,464,157,182
E21009,E21009,E21009,370,344,5,0,369,126,0,128,371,0,376,127,159
E21010,E21010,E21010,408,376,9,0,407,136,0,142,400,0,414,143,165
E21011,E21011,E21011,403,380,6,0,403,128,0,129,414,0,415,128,144
E21012,E21012,E21012,443,393,13,0,435,145,0,147,443,0,445,147,159
E21013,E21013,E21013,1690,1537,33,0,1685,545,12,563,1584,27,1622,563,647
E21014,E21014,E21014,686,627,14,0,682,220,1,224,682,1,690,224,237
E21015,E21015,E21015,1222,1138,17,0,1217,399,3,413,1219,4,1241,405,439
E21016,E21016,E21016,294,271,8,0,291,93,0,96,292,0,297,96,112
E21017,E21017,E21017,524,483,10,0,520,184,1,186,523,2,526,185,203
E21018,E21018,E21018,270,251,1,0,269,91,0,93,273,0,277,92,104
E21019,E21019,E21019,539,504,9,0,539,168,2,173,545,4,558,173,193
E21020,E21020,E21020,289,261,5,0,285,95,2,97,291,2,293,97,111
E21021,E21021,E21021,213,207,0,0,212,73,1,74,208,4,212,74,96
E21022,E21022,E21022,1195,1001,30,0,1183,439,12,457,1124,32,1167,460,600
E21023,E21023,E21023,448,415,5,0,442,163,2,166,454,3,461,166,215
E21024,E21024,E21024,431,400,7,0,428,155,0,157,430,0,436,157,202
E21025,E21025,E21025,388,364,3,0,388,138,0,143,382,0,393,140,157
E21026,E21026,E21026,407,383,4,0,405,149,4,156,395,4,408,157,170
E21027,E21027,E21027,476,442,6,0,476,176,0,176,485,0,485,176,199
E21028,E21028,E21028,1386,1231,22,0,1374,484,21,514,1309,30,1359,510,605
E21029,E21029,E21029,1159,1023,28,0,1154,346,10,369,958,14,1005,367,440
E21030,E21030,E21030,346,303,2,0,341,125,0,126,344,0,346,126,145
E21031,E21031,E21031,722,650,19,0,710,233,2,237,705,2,712,235,274
E21032,E21032,E21032,540,497,5,0,535,184,1,187,542,3,549,186,211
E21033,E21033,E21033,316,280,7,0,311,106,0,108,304,0,307,108,134
E21034,E21034,E21034,562,506,11,0,561,186,0,188,565,0,569,188,211
E21035,E21035,E21035,748,663,2,0,736,266,1,272,722,4,741,272,320
E21036,E21036,E21036,452,405,2,0,448,168,0,175,432,0,452,174,198
E21037,E21037,E21037,299,276,4,0,299,108,0,111,291,0,296,110,134
E21038,E21038,E21038,1257,1108,17,0,1256,447,17,474,1217,26,1265,475,557
E21039,E21039,E21039,1129,980,19,0,1110,440,10,453,1096,13,1115,453,578
E21040,E21040,E21040,227,198,3,0,215,77,0,77,207,0,207,85,116
E21041,E21041,E21041,2373,2069,47,0,2359,836,49,900,2208,72,2324,890,1076
E21042,E21042,E21042,609,556,1,0,604,204,2,214,590,3,609,213,238
E21043,E21043,E21043,732,660,6,0,727,250,1,252,732,1,735,252,286
E21044,E21044,E21044,885,797,6,0,879,314,3,326,866,3,887,325,392
E21045,E21045,E21045,222,199,2,0,219,77,0,78,222,0,226,79,104
E21046,E21046,E21046,330,303,6,0,325,117,0,119,315,0,324,120,139
E21047,E21047,E21047,670,615,9,0,664,219,1,223,654,1,663,221,255
E21048,E21048,E21048,625,581,3,0,620,217,0,219,629,0,634,217,239
E21049,E21049,E21049,1206,1090,27,0,1199,386,7,397,1188,7,1206,402,462
E21050,E21050,E21050,1738,1582,36,0,1735,555,5,564,1758,10,1779,561,613
E21051,E21051,E21051,17490,13258,1462,0,17312,5485,656,6240,15567,1346,17212,6259,6911
E21052,E21052,E21052,13073,10538,754,0,12800,3677,523,4328,10606,974,11916,4593,5266
E21053,E21053,E21053,4269,3661,164,0,4224,1294,48,1362,3978,106,4149,1382,1547
E21054,E21054,E21054,514,487,2,0,512,170,0,172,511,0,519,171,190
E21055,E21055,E21055,2050,1817,38,0,2036,688,15,710,2011,34,2060,711,815
E21056,E21056,E21056,342,311,5,0,339,106,1,107,347,1,348,107,119
E21057,E21057,E21057,1428,1324,9,0,1422,490,15,511,1404,23,1440,511,572
E21058,E21058,E21058,607,584,2,0,605,197,0,198,623,0,625,198,213
E21059,E21059,E21059,3180,2709,85,0,3143,1097,40,1149,3055,65,3149,1157,1397
E21060,E21060,E21060,1730,1584,30,0,1714,569,4,579,1710,8,1727,580,640
E21061,E21061,E21061,920,827,20,0,920,324,1,326,933,4,939,326,374
E21062,E21062,E21062,240,231,2,0,239,77,1,80,227,3,237,80,97
E21063,E21063,E21063,1095,945,25,0,1079,344,3,352,908,4,917,352,404
E21064,E21064,E21064,897,818,10,0,888,308,0,308,893,0,893,309,348
E21066,E21066,E21066,1660,1482,56,0,1647,508,7,525,1472,15,1532,521,571
E21067,E21067,E21067,1445,1315,15,0,1439,495,13,512,1408,22,1444,512,556
E21068,E21068,E21068,1601,1462,45,0,1592,525,1,530,1626,1,1632,532,577
E21069,E21069,E21069,336,316,0,0,333,129,0,132,340,0,345,131,155
E21070,E21070,E21070,652,587,8,0,651,238,6,247,642,17,663,248,287
E21071,E21071,E21071,367,339,4,0,366,130,0,134,377,0,385,134,153
E21072,E21072,E21072,352,308,3,0,349,124,2,131,343,2,356,130,148
E21073,E21073,E21073,546,484,7,0,540,199,0,202,542,0,546,203,257
E21074,E21074,E21074,253,235,2,0,251,93,0,94,253,0,254,93,111
E21075,E21075,E21075,312,286,2,0,309,109,1,111,309,1,311,111,128
E21076,E21076,E21076,191,184,0,0,191,64,0,65,193,0,194,65,75
E21077,E21077,E21077,238,212,2,0,238,81,0,81,236,0,236,81,104
E21078,E21078,E21078,2528,2178,56,0,2518,932,49,992,2395,110,2525,999,1293
E21079,E21079,E21079,1006,910,12,0,1003,350,5,364,992,5,1017,363,410
E21080,E21080,E21080,360,332,10,0,360,115,2,122,351,3,368,121,145
E21081,E21081,E21081,336,307,7,0,334,110,0,114,333,0,342,114,127
E21082,E21082,E21082,138,133,3,0,138,46,0,47,137,0,142,47,62
E21083,E21083,E21083,917,862,8,0,914,329,4,335,899,6,910,335,392
E21084,E21084,E21084,364,297,9,0,362,133,1,134,364,4,368,135,171
E21085,E21085,E21085,282,266,0,0,282,96,1,99,279,1,286,100,126
E21086,E21086,E21086,294,277,1,0,293,97,0,99,295,0,301,98,114
E21087,E21087,E21087,415,374,6,0,412,152,1,153,412,3,415,153,177
E21088,E21088,E21088,984,909,6,0,982,351,9,371,931,10,968,371,448
E21089,E21089,E21089,890,790,5,0,881,305,0,309,881,0,886,308,371
E21090,E21090,E21090,347,325,3,0,342,122,3,126,339,7,349,126,158
E21091,E21091,E21091,284,254,0,0,279,104,0,105,281,0,282,105,120
E21092,E21092,E21092,527,463,9,0,522,191,1,195,523,1,529,194,222
E21093,E21093,E21093,701,633,3,0,695,238,1,243,691,3,702,242,291
E21094,E21094,E21094,448,419,1,0,448,165,0,166,453,0,455,165,190
E21095,E21095,E21095,373,349,11,0,372,133,1,136,367,4,374,135,161
E21096,E21096,E21096,506,465,9,0,502,164,2,167,486,4,491,167,189
E21097,E21097,E21097,511,472,6,0,510,174,1,177,515,1,518,175,201
E21098,E21098,E21098,1219,1107,19,0,1209,417,0,421,1208,0,1215,422,480
E21099,E21099,E21099,490,422,11,0,488,199,0,202,487,0,492,202,256
E21100,E21100,E21100,328,309,3,0,326,108,0,116,315,0,334,114,135
E21101,E21101,E21101,2218,1777,56,0,2192,748,70,828,2015,121,2169,829,949
E21102,E21102,E21102,4880,3529,201,0,4828,1643,185,1862,4272,280,4633,1872,2373
E21103,E21103,E21103,541,487,6,0,540,178,0,181,545,0,552,181,219
E21104,E21104,E21104,852,757,12,0,851,313,9,332,820,14,865,332,400
E21105,E21105,E21105,300,262,1,0,298,106,0,107,293,0,299,106,118
E21106,E21106,E21106,915,824,9,0,914,322,4,330,910,5,931,329,383
E21107,E21107,E21107,659,604,9,0,652,236,7,246,644,13,663,246,292
E21108,E21108,E21108,1178,1072,19,0,1177,407,9,420,1105,11,1124,420,478
E21109,E21109,E21109,213,182,5,0,203,71,0,71,210,0,210,71,88
E21110,E21110,E21110,415,397,6,0,413,137,1,140,418,1,421,138,159
E21111,E21111,E21111,820,734,17,0,817,287,1,289,821,4,827,289,327
E21112,E21112,E21112,452,404,9,0,448,157,0,157,446,0,446,159,187
E21113,E21113,E21113,272,261,0,0,272,94,0,95,278,0,279,94,112
E21114,E21114,E21114,748,662,19,0,743,224,2,230,669,2,682,229,266
E21115,E21115,E21115,857,777,21,0,850,262,5,272,838,7,856,273,309
E21116,E21116,E21116,467,433,2,0,465,162,0,162,477,0,477,163,198
E21117,E21117,E21117,79,66,0,0,76,26,0,27,76,0,78,27,40
E21118,E21118,E21118,287,262,6,0,287,105,0,105,293,0,293,105,128
E21119,E21119,E21119,745,678,7,0,738,251,0,253,745,0,750,253,290
E21120,E21120,E21120,666,609,7,0,661,218,1,222,665,1,679,221,239
E21121,E21121,E21121,534,487,4,0,531,169,1,170,505,4,509,170,194
E21122,E21122,E21122,428,405,2,0,427,146,1,148,439,1,445,148,179
E21123,E21123,E21123,734,601,78,0,730,243,1,245,670,1,672,244,309
E21124,E21124,E21124,138,125,1,0,138,47,1,49,139,2,142,48,55
E21125,E21125,E21125,759,690,12,0,758,244,1,246,768,1,771,246,289
E21126,E21126,E21126,1076,981,14,0,1063,363,3,367,1075,8,1084,366,431
E21127,E21127,E21127,321,302,1,0,321,118,0,119,321,0,322,119,131
E21128,E21128,E21128,1479,1266,21,0,1467,486,34,553,1321,45,1475,534,842
E21129,E21129,E21129,593,537,10,0,591,200,3,206,596,4,611,204,231
E21130,E21130,E21130,946,816,10,0,913,355,3,361,905,7,920,361,447
E21131,E21131,E21131,523,478,8,0,519,191,0,192,530,0,532,192,231
E21132,E21132,E21132,405,371,4,0,404,134,0,136,404,0,414,137,160
E21133,E21133,E21133,1290,1164,16,0,1286,472,6,481,1247,17,1269,483,566
E21134,E21134,E21134,1504,1372,20,0,1492,480,14,506,1399,30,1461,507,584
E21135,E21135,E21135,1061,995,4,0,1055,378,1,391,1060,2,1086,390,462
E21136,E21136,E21136,550,498,11,0,547,184,1,190,550,1,557,188,223
E22001,E22001,E22001,2912,2216,143,0,2893,1023,117,1172,2624,170,2862,1174,1480
E22002,E22002,E22002,5111,3888,187,0,5074,1828,216,2108,4552,332,5024,2112,2680
E22003,E22003,E22003,1941,1671,27,0,1930,744,56,817,1812,72,1930,819,1035
E22004,E22004,E22004,6929,5879,189,0,6888,2549,259,2856,6273,387,6757,2878,3403
E22005,E22005,E22005,299,281,3,0,299,101,0,103,298,0,303,102,123
E22006,E22006,E22006,531,466,5,0,529,192,0,201,517,0,531,195,240
E22007,E22007,E22007,349,310,7,0,346,115,1,118,345,1,350,118,138
E22008,E22008,E22008,1294,1134,25,0,1284,463,23,493,1227,32,1273,490,627
E22009,E22009,E22009,174,164,3,0,174,65,0,65,176,0,176,65,78
E22010,E22010,E22010,973,845,27,0,968,383,11,398,961,21,991,399,500
E22011,E22011,E22011,294,254,4,0,287,89,0,91,284,0,286,91,135
E22012,E22012,E22012,242,218,1,0,238,82,0,83,243,0,244,83,99
E22013,E22013,E22013,188,172,1,0,188,66,2,71,192,2,197,69,88
E22014,E22014,E22014,299,259,2,0,298,102,0,103,284,0,285,102,118
E22015,E22015,E22015,601,507,8,0,587,207,4,214,578,5,586,217,336
E22016,E22016,E22016,319,292,1,0,312,120,0,122,312,0,314,124,167
E22017,E22017,E22017,321,291,5,0,320,115,1,116,322,1,323,116,158
E22018,E22018,E22018,178,156,3,0,173,62,1,63,180,1,181,64,68
E22019,E22019,E22019,312,274,10,0,309,107,0,108,305,0,309,110,127
E22020,E22020,E22020,128,120,2,0,128,48,0,48,132,0,132,49,62
E22021,E22021,E22021,566,520,7,0,563,190,3,194,566,3,571,195,239
E22022,E22022,E22022,479,416,8,0,468,181,0,182,481,0,483,184,300
E22023,E22023,E22023,248,230,3,0,248,85,0,85,257,0,257,85,106
E22024,E22024,E22024,615,569,5,0,612,207,3,216,618,3,632,215,257
E22025,E22025,E22025,290,279,0,0,290,89,0,90,299,0,301,89,104
E22026,E22026,E22026,525,464,5,0,519,183,0,183,520,0,520,183,201
E22027,E22027,E22027,2959,2320,128,0,2927,968,30,1011,2875,55,2977,1014,1234
E22028,E22028,E22028,630,574,4,0,629,219,0,223,632,0,637,222,251
E22029,E22029,E22029,546,495,3,0,545,187,0,189,555,0,559,190,219
E22030,E22030,E22030,667,605,11,0,665,242,0,243,664,0,665,246,278
E22031,E22031,E22031,729,662,15,0,729,243,0,248,740,0,748,246,277
E22032,E22032,E22032,405,382,9,0,405,132,0,136,407,0,420,136,162
E22033,E22033,E22033,686,615,23,0,685,217,0,218,664,0,666,218,253
E22034,E22034,E22034,1468,1245,48,0,1455,498,0,513,1438,0,1472,517,660
E22035,E22035,E22035,434,363,16,0,431,144,0,146,434,0,441,146,184
E22036,E22036,E22036,235,219,2,0,234,78,0,84,224,0,235,80,97
E22037/22045,E22037/22045,E22037/22045,368,339,0,0,363,132,0,135,364,0,370,134,153
E22038,E22038,E22038,672,638,7,0,664,216,0,218,671,0,676,217,250
E22039,E22039,E22039,651,623,2,0,650,213,0,215,654,0,659,214,235
E22040,E22040,E22040,418,374,8,0,417,138,3,144,414,5,425,143,158
E22041,E22041,E22041,682,619,4,0,678,241,0,243,673,0,680,244,292
E22042,E22042,E22042,473,447,2,0,470,160,0,162,472,0,474,162,180
E22043,E22043,E22043,334,294,10,0,334,113,0,118,317,0,337,117,135
E22044,E22044,E22044,776,657,20,0,758,266,0,266,780,0,780,269,327
E22046,E22046,E22046,688,633,5,0,688,254,5,259,687,9,696,259,309
E22047,E22047,E22047,681,605,7,0,668,229,2,234,655,7,669,234,354
E22048,E22048,E22048,1868,1701,28,0,1861,618,5,634,1852,7,1879,632,702
E22049,E22049,E22049,2729,2461,88,0,2721,884,10,930,2588,16,2676,930,1086
E22050,E22050,E22050,141,123,3,0,141,53,1,54,139,1,140,54,72
E22051,E22051,E22051,912,819,11,0,907,295,2,303,921,2,937,302,356
E22052,E22052,E22052,296,275,4,0,296,100,2,104,300,3,307,104,116
E22053,E22053,E22053,107,103,0,0,106,37,0,38,108,0,110,38,45
E22054,E22054,E22054,255,239,3,0,254,96,0,97,259,0,260,96,125
E22055,E22055,E22055,387,364,3,0,384,132,0,135,385,0,391,134,155
E22056,E22056,E22056,442,401,3,0,442,138,1,149,416,4,448,148,169
E22057,E22057,E22057,381,363,2,0,380,130,0,132,384,0,386,132,150
E22058,E22058,E22058,278,263,0,0,277,81,0,82,249,0,251,82,98
E22059,E22059,E22059,6318,5161,123,0,6282,2151,100,2302,5973,155,6246,2305,2706
E22060,E22060,E22060,349,318,7,0,348,130,0,130,351,0,351,130,145
E22061,E22061,E22061,434,405,4,0,425,152,0,152,430,0,430,152,170
E22062,E22062,E22062,254,233,3,0,246,87,0,88,242,0,243,87,103
E22063,E22063,E22063,1231,1071,26,0,1228,468,3,473,1215,6,1226,476,553
E22064,E22064,E22064,1150,1044,10,0,1149,376,0,381,1151,0,1164,379,425
E22065,E22065,E22065,332,301,5,0,331,121,0,122,326,0,330,122,150
E22066,E22066,E22066,419,390,5,0,419,152,0,152,415,0,415,152,165
E22067,E22067,E22067,526,493,3,0,526,169,0,176,515,0,530,174,203
E22068,E22068,E22068,1394,1259,19,0,1380,470,13,496,1383,15,1426,493,563
E22069,E22069,E22069,413,379,6,0,410,137,0,137,418,0,418,139,148
E22070,E22070,E22070,523,480,7,0,520,164,2,168,532,4,539,168,191
E22071,E22071,E22071,1088,1004,14,0,1082,370,3,381,1084,3,1115,378,416
E22072,E22072,E22072,298,271,7,0,296,95,0,98,300,0,304,96,111
E22073,E22073,E22073,638,608,5,0,638,215,1,218,644,1,651,218,243
E22074,E22074,E22074,408,370,1,0,405,147,0,148,412,0,413,148,172
E22075,E22075,E22075,549,520,5,0,548,179,0,183,546,0,559,182,197
E22076,E22076,E22076,532,489,14,0,532,178,0,180,537,0,543,179,216
E22077,E22077,E22077,765,695,10,0,760,248,0,251,754,0,762,250,273
E22078,E22078,E22078,849,785,9,0,845,305,1,310,835,2,844,311,354
E22079,E22079,E22079,2300,2043,32,0,2294,797,7,813,2284,10,2327,810,894
E22080,E22080,E22080,807,726,13,0,803,265,0,267,802,0,815,268,305
E22081,E22081,E22081,329,311,2,0,328,114,0,114,330,0,330,115,136
E23082,E23082,E23082,1534,1336,21,0,1526,559,15,586,1489,32,1540,586,657
E23083,E23083,E23083,4352,3740,149,0,4341,1510,127,1673,3931,192,4205,1669,1969
E23084,E23084,E23084,2275,1814,75,0,2242,850,71,950,1990,91,2129,955,1226
E23085,E23085,E23085,3922,3063,133,0,3864,1430,277,1755,3391,455,3934,1765,2058
E23086,E23086,E23086,5699,5016,155,0,5667,2090,175,2323,5042,230,5386,2328,2648
E23087,E23087,E23087,2467,2007,67,0,2458,969,43,1028,2346,73,2463,1029,1218
E23088,E23088,E23088,1855,1494,39,0,1851,743,65,827,1695,91,1834,828,1063
E23089,E23089,E23089,501,436,9,0,501,167,0,169,511,0,515,169,193
E23090,E23090,E23090,634,561,11,0,625,215,2,219,593,5,606,218,254
E23091,E23091,E23091,342,312,7,0,341,124,1,129,346,1,355,128,143
E23092,E23092,E23092,422,371,12,0,422,155,1,162,419,1,430,161,177
E23093,E23093,E23093,635,557,14,0,629,217,2,223,620,3,632,221,265
E23094,E23094,E23094,435,377,7,0,428,156,1,160,429,1,440,159,184
E23095,E23095,E23095,499,460,3,0,496,155,0,157,444,0,452,158,177
E23096,E23096,E23096,2680,2051,102,0,2668,915,12,966,2572,15,2694,966,1097
E23097,E23097,E23097,244,222,8,0,241,81,0,82,245,0,249,83,94
E23098,E23098,E23098,462,419,12,0,459,144,4,152,442,11,459,151,183
E23099,E23099,E23099,530,500,3,0,527,186,1,190,519,2,529,189,215
E23100,E23100,E23100,672,605,11,0,671,229,0,241,639,0,683,233,280
E23101,E23101,E23101,451,393,5,0,444,148,1,151,459,1,462,150,165
E23102,E23102,E23102,541,490,11,0,540,192,1,195,554,1,558,194,222
E23103,E23103,E23103,667,605,2,0,657,226,1,232,655,1,665,231,260
E23104,E23104,E23104,900,797,25,0,900,376,12,399,872,15,907,398,476
E23105,E23105,E23105,761,665,10,0,758,254,1,255,720,1,721,255,294
E23106,E23106,E23106,153,137,0,0,152,45,0,45,156,0,156,45,52
E23107,E23107,E23107,445,385,4,0,443,145,0,151,425,0,448,149,170
E23108,E23108,E23108,708,597,14,0,668,213,2,219,596,2,602,219,247
E23109,E23109,E23109,1238,1124,25,0,1238,446,8,468,1199,16,1239,465,551
E23110,E23110,E23110,970,840,31,0,962,328,4,344,934,5,971,344,430
E23111,E23111,E23111,782,707,8,0,778,260,0,268,758,0,782,263,297
E23112,E23112,E23112,639,547,19,0,632,199,2,204,618,3,627,202,262
E23113,E23113,E23113,543,501,4,0,543,202,0,202,550,0,550,202,224
E23114,E23114,E23114,553,498,4,0,551,185,2,190,509,3,515,190,211
E23115,E23115,E23115,1352,1151,29,0,1335,491,5,501,1339,8,1359,502,576
E23116,E23116,E23116,683,578,32,0,680,239,1,242,674,1,677,242,273
E23117,E23117,E23117,1117,1030,7,0,1114,408,4,420,1116,6,1133,419,493
E23118,E23118,E23118,457,393,9,0,456,157,0,159,461,0,467,158,178
E23119,E23119,E23119,952,830,27,0,944,333,2,341,932,7,962,340,429
E23120,E23120,E23120,419,376,9,0,418,154,2,159,417,3,428,157,185
E23121,E23121,E23121,1153,872,85,0,1134,403,48,468,979,89,1112,469,556
E23122,E23122,E23122,961,793,16,0,954,353,8,370,902,11,939,371,484
E23123,E23123,E23123,530,469,4,0,526,184,0,187,535,0,539,186,236
E23124,E23124,E23124,653,592,8,0,649,243,0,244,659,0,661,244,266
E23125,E23125,E23125,2134,1698,65,0,2129,775,47,850,2009,82,2152,849,993
E23126,E23126,E23126,522,464,9,0,516,170,0,171,529,0,530,171,215
E23127,E23127,E23127,1721,1103,106,0,1714,548,4,568,1647,22,1726,568,617
E23128,E23128,E23128,680,589,8,0,677,244,6,250,686,6,692,251,299
E23129,E23129,E23129,593,514,8,0,584,206,2,217,593,2,610,214,263
E23130,E23130,E23130,1024,898,13,0,1013,368,7,376,1039,9,1049,378,450
E23131,E23131,E23131,277,251,0,0,275,93,1,95,274,2,278,94,114
E23132,E23132,E23132,1045,926,27,0,1044,355,0,355,1067,0,1067,355,389
E23133,E23133,E23133,5553,4437,185,0,5523,1844,19,1909,5448,34,5646,1910,2079
E23134,E23134,E23134,3324,2784,139,0,3277,1134,8,1155,3262,13,3321,1153,1279
E23135,E23135,E23135,824,717,22,0,812,271,3,278,818,5,835,277,342
E23137/23136,E23137/23136,E23137/23136,1460,1329,22,0,1444,538,6,549,1475,12,1494,550,617
E23138,E23138,E23138,332,290,8,0,324,114,2,117,305,2,310,118,142
E23139,E23139,E23139,905,801,26,0,901,294,0,303,893,0,921,304,327
E23140,E23140,E23140,416,364,3,0,416,133,0,136,416,0,422,134,152
E23141,E23141,E23141,757,681,9,0,749,254,2,264,731,4,750,262,292
E23142,E23142,E23142,415,371,3,0,414,149,2,153,417,5,424,151,168
E23143,E23143,E23143,652,602,2,0,649,229,0,238,645,0,661,234,284
E23144,E23144,E23144,251,231,1,0,249,91,0,92,251,0,252,92,103
E23145,E23145,E23145,479,442,6,0,477,157,0,157,482,0,482,157,184
E23146,E23146,E23146,539,494,4,0,539,182,0,187,533,0,548,184,205
E23147,E23147,E23147,291,266,5,0,290,98,1,100,293,2,296,101,118
E23148,E23148,E23148,433,400,7,0,428,143,2,146,428,3,435,146,162
E23149,E23149,E23149,348,304,3,0,341,111,0,114,341,0,345,113,131
E23150,E23150,E23150,862,756,6,0,861,310,4,318,845,5,859,317,381
E23151,E23151,E23151,435,399,4,0,435,161,1,165,425,1,432,164,188
E23152,E23152,E23152,178,163,1,0,175,70,0,72,177,0,184,71,89
E23153,E23153,E23153,347,297,1,0,345,103,0,104,319,0,325,104,127
E23154,E23154,E23154,250,239,0,0,249,84,0,85,252,0,254,85,100
E23155,E23155,E23155,788,634,11,0,745,274,6,285,742,6,757,293,367
E23156,E23156,E23156,868,757,11,0,855,323,4,334,842,6,875,334,397
E23157,E23157,E23157,326,298,6,0,324,111,0,113,322,0,328,112,126
E23158,E23158,E23158,907,813,10,0,899,329,3,335,884,14,908,335,399
E23159,E23159,E23159,746,620,12,0,722,270,0,273,720,0,723,274,344
E23160,E23160,E23160,282,256,4,0,282,107,0,108,278,0,280,108,128
E23161,E23161,E23161,285,262,7,0,285,107,0,112,283,0,294,111,129
E23162,E23162,E23162,644,564,14,0,641,229,1,237,632,3,650,238,280
E23163,E23163,E23163,559,496,8,0,554,185,0,186,556,0,557,185,221
E23164,E23164,E23164,729,634,10,0,723,265,4,270,720,7,729,271,345
E23165,E23165,E23165,273,246,3,0,273,91,0,92,276,0,277,92,114
E23166,E23166,E23166,802,685,16,0,799,283,9,299,781,14,811,298,349
E23167,E23167,E23167,461,416,7,0,455,179,1,180,461,1,462,180,214
E23168,E23168,E23168,533,482,7,0,530,176,1,183,495,1,519,184,212
E23169,E23169,E23169,561,511,6,0,556,182,0,184,557,0,559,184,203
E23170,E23170,E23170,526,473,6,0,522,183,2,185,532,6,538,185,215
E23171,E23171,E23171,394,362,3,0,387,123,3,127,390,4,396,128,151
E23172,E23172,E23172,255,238,1,0,255,90,0,93,253,0,258,92,110
E23173,E23173,E23173,403,379,3,0,402,128,1,130,383,1,386,129,147
E23174,E23174,E23174,238,222,2,0,237,78,0,80,235,0,243,80,99
E23175,E23175,E23175,428,374,7,0,428,143,0,149,417,0,432,148,175
E23176,E23176,E23176,401,357,4,0,399,134,2,137,391,8,400,138,161
E23177,E23177,E23177,2188,1884,27,0,2169,753,10,772,2189,12,2222,773,850
E24001,E24001,E24001,2789,2343,174,0,2788,920,7,966,2675,23,2810,967,1075
E24002/24006,E24002/24006,E24002/24006,297,221,6,0,246,59,0,73,179,0,231,63,72
E24003,E24003,E24003,130,113,1,0,130,61,1,70,105,1,118,70,101
E24004,E24004,E24004,1321,1129,50,0,1283,411,7,420,1241,14,1257,428,492
E24005,E24005,E24005,2150,1764,146,0,2139,568,74,646,1648,128,1785,652,725
E24007,E24007,E24007,5917,5031,349,0,5905,1922,33,2039,5633,56,5922,2045,2206
E24008,E24008,E24008,718,450,42,0,693,176,160,351,373,276,677,348,469
E24009,E24009,E24009,679,324,100,0,545,139,127,277,261,219,505,278,471
E24010,E24010,E24010,233,174,23,0,232,83,35,125,175,40,228,126,201
E24011,E24011,E24011,2576,2273,34,0,2571,931,10,951,2577,14,2619,951,1021
E24012,E24012,E24012,287,215,19,0,287,83,84,171,163,103,271,171,276
E24013,E24013,E24013,213,97,76,0,209,22,81,108,38,108,152,108,219
E24014,E24014,E24014,5465,4461,297,0,5436,1944,20,1977,5527,39,5598,1985,2221
E24015,E24015,E24015,911,805,26,0,906,375,16,391,829,28,857,395,467
E24016,E24016,E24016,1234,1012,85,0,1234,359,54,439,1067,96,1240,436,544
E24017,E24017,E24017,934,858,15,0,931,369,3,385,855,8,887,385,440
E24018,E24018,E24018,2656,2250,159,0,2641,913,28,961,2527,32,2615,959,1067
E24019,E24019,E24019,2327,1709,345,0,2316,808,27,853,2267,57,2364,864,981
E24020,E24020,E24020,982,774,71,0,980,343,0,358,905,0,953,368,639
E24021,E24021,E24021,1106,948,49,0,1073,389,123,531,810,217,1063,545,684
E24022,E24022,E24022,942,873,26,0,939,346,18,389,866,37,962,392,431
E24023,E24023,E24023,1052,956,30,0,1052,422,3,430,1038,7,1051,431,464
E24024,E24024,E24024,821,740,10,0,819,366,25,404,776,30,822,405,457
E24025,E24025,E24025,560,444,27,0,560,207,58,270,447,101,559,271,327
E24026,E24026,E24026,295,283,3,0,295,125,1,131,287,3,298,132,150
E24027,E24027,E24027,508,463,11,0,507,271,1,278,492,1,504,278,336
E24028,E24028,E24028,747,566,50,0,737,220,121,354,462,222,718,358,656
E24029,E24029,E24029,556,484,22,0,556,259,1,263,542,1,547,266,305
E24030,E24030,E24030,1106,969,29,0,1065,370,18,395,860,22,895,398,477
E24031,E24031,E24031,1382,875,161,0,1332,250,378,651,572,651,1266,661,935
E24032,E24032,E24032,1055,819,57,0,1044,373,135,523,785,202,1019,554,885
E24033,E24033,E24033,814,727,34,0,814,326,6,347,769,15,818,347,390
E24034,E24034,E24034,274,234,6,0,274,150,18,168,256,21,277,171,229
E24035,E24035,E24035,592,558,5,0,591,273,0,281,576,0,592,283,329
E24036,E24036,E24036,566,292,52,0,543,88,209,311,171,322,521,314,530
E24037,E24037,E24037,2164,1929,53,0,2154,760,7,772,2141,17,2170,776,876
E24038,E24038,E24038,373,352,9,0,372,156,1,162,369,5,383,163,193
E25001,E25001,E25001,4717,3825,85,0,4637,1609,259,1912,3892,428,4449,1932,2251
E25002,E25002,E25002,3274,2793,53,0,3248,1222,20,1256,3238,33,3303,1261,1503
E25003,E25003,E25003,180,166,2,0,180,59,0,59,183,0,183,59,68
E25004,E25004,E25004,445,413,8,0,444,159,0,160,460,0,461,160,181
E25005,E25005,E25005,433,410,3,0,433,139,0,145,417,0,436,145,161
E25006,E25006,E25006,234,209,4,0,234,80,0,81,237,0,238,80,91
E25007,E25007,E25007,449,402,13,0,445,154,0,155,450,0,451,155,181
E25008,E25008,E25008,729,671,4,0,726,228,1,234,707,1,724,233,274
E25009,E25009,E25009,474,430,11,0,469,155,0,157,476,0,480,157,176
E25010,E25010,E25010,1598,1446,17,0,1592,573,5,590,1520,8,1557,591,696
E25011,E25011,E25011,197,178,5,0,197,73,0,74,195,0,197,74,83
E25012,E25012,E25012,286,266,3,0,286,93,0,95,281,0,287,95,102
E25013,E25013,E25013,470,432,5,0,468,163,2,165,469,4,473,166,207
E25014,E25014,E25014,514,461,11,0,510,185,4,192,508,5,517,191,237
E25015,E25015,E25015,376,324,9,0,367,125,0,126,366,0,367,125,147
E25016,E25016,E25016,491,447,9,0,489,158,0,158,473,0,473,158,175
E25017,E25017,E25017,218,201,2,0,218,66,0,66,221,0,221,66,69
E25018,E25018,E25018,726,660,12,0,725,262,0,263,736,0,742,265,292
E25019,E25019,E25019,194,175,7,0,191,60,0,62,190,0,197,62,96
E25020,E25020,E25020,351,305,3,0,351,119,0,121,346,0,350,120,158
E25021,E25021,E25021,268,249,4,0,266,93,0,94,272,0,274,94,112
E25022,E25022,E25022,370,327,4,0,369,126,0,128,368,0,380,128,154
E25023,E25023,E25023,562,515,13,0,561,176,0,181,557,0,572,181,229
E25024,E25024,E25024,2123,1820,41,0,2072,726,18,748,2080,32,2119,759,971
E25025,E25025,E25025,660,568,17,0,654,224,2,229,651,6,665,230,276
E25026,E25026,E25026,239,210,1,0,238,84,1,87,233,4,248,87,109
E25027,E25027,E25027,765,639,9,0,762,287,1,292,756,1,766,292,347
E25028,E25028,E25028,259,203,8,0,258,77,0,85,251,0,266,85,120
E25029,E25029,E25029,1867,1521,44,0,1861,627,22,658,1771,35,1831,657,779
E25030,E25030,E25030,227,201,1,0,227,75,1,81,220,2,235,79,101
E25031,E25031,E25031,211,193,7,0,210,71,0,72,214,0,216,72,82
E25032,E25032,E25032,327,283,3,0,322,102,0,105,322,0,327,105,116
E25033,E25033,E25033,92,84,6,0,92,26,0,26,93,0,93,26,33
E25034,E25034,E25034,1350,1193,33,0,1329,430,1,440,1254,1,1278,445,603
E25035,E25035,E25035,455,388,8,0,452,168,1,170,461,2,465,169,206
E25036,E25036,E25036,216,193,4,0,215,71,0,72,212,0,213,72,87
E25037,E25037,E25037,816,742,6,0,816,276,3,283,825,6,837,281,339
E25038,E25038,E25038,262,247,3,0,262,92,1,94,263,2,267,94,110
E25039,E25039,E25039,282,248,4,0,280,92,1,95,290,2,294,95,115
E25040,E25040,E25040,477,436,8,0,475,175,0,177,470,0,477,177,214
E25041,E25041,E25041,266,240,1,0,264,82,0,83,262,0,265,82,93
E25042,E25042,E25042,336,303,7,0,334,106,1,108,330,1,339,108,114
E25043,E25043,E25043,432,390,4,0,428,153,0,155,434,0,436,153,177
E25044,E25044,E25044,416,379,4,0,416,141,0,148,407,0,423,146,184
E25045,E25045,E25045,186,165,0,0,179,61,0,62,186,0,187,61,69
E25046,E25046,E25046,395,361,2,0,395,134,0,135,396,0,397,134,168
E25047,E25047,E25047,1397,1263,22,0,1392,474,34,514,1345,57,1411,514,588
E25048,E25048,E25048,391,356,5,0,390,142,1,145,384,1,387,144,200
E25049,E25049,E25049,449,404,8,0,447,145,0,145,453,0,453,145,176
E25050,E25050,E25050,468,430,1,0,466,156,0,160,471,0,482,159,179
E25051,E25051,E25051,772,651,16,0,767,286,0,293,757,0,773,293,404
E25052,E25052,E25052,98,86,0,0,98,33,0,33,101,0,101,33,38
E25053,E25053,E25053,295,250,5,0,293,103,0,105,298,0,302,104,138
E25054,E25054,E25054,454,404,9,0,450,157,0,158,442,0,443,157,184
E25055,E25055,E25055,518,445,13,0,514,172,1,180,500,2,517,180,223
E25056,E25056,E25056,175,153,2,0,172,61,1,64,171,2,177,64,85
E25057,E25057,E25057,337,297,3,0,332,108,0,110,335,0,338,110,137
E25058,E25058,E25058,1303,1075,37,0,1294,482,11,502,1247,19,1286,504,657
E25059,E25059,E25059,498,433,23,0,494,162,0,165,471,0,479,165,210
E25060,E25060,E25060,261,210,5,0,250,89,0,92,251,0,255,94,114
E25061,E25061,E25061,191,171,1,0,190,74,0,74,195,0,195,75,85
E25062,E25062,E25062,196,167,3,0,196,80,0,83,202,0,208,81,103
E25063,E25063,E25063,105,88,2,0,103,40,0,42,108,0,111,42,51
E25064,E25064,E25064,183,163,5,0,180,63,0,66,181,0,185,64,80
E25065,E25065,E25065,1200,999,22,0,1180,396,6,402,1136,7,1143,406,511
E25066,E25066,E25066,727,579,20,0,715,299,12,316,675,21,707,319,456
E25067,E25067,E25067,233,200,2,0,230,83,0,83,231,0,231,84,98
E25068,E25068,E25068,301,274,4,0,300,105,0,105,309,0,309,105,127
E25069,E25069,E25069,1271,1101,39,0,1266,460,11,493,1213,22,1286,494,622
E25070,E25070,E25070,383,356,11,0,382,107,0,111,312,0,324,111,119
E25071,E25071,E25071,366,334,7,0,366,128,2,131,375,2,379,131,144
E25072,E25072,E25072,2104,1838,44,0,2074,698,5,711,2057,7,2090,718,910
E25073,E25073,E25073,2043,1799,45,0,2025,679,3,689,2057,3,2071,689,794
E25074,E25074,E25074,264,205,14,0,262,73,0,75,269,0,272,74,81
E25075,E25075,E25075,1347,1153,33,0,1322,506,21,532,1308,31,1352,542,1023
E25076,E25076,E25076,593,549,12,0,590,204,0,208,579,0,587,207,233
E25077,E25077,E25077,405,381,3,0,405,132,0,134,409,0,412,133,144
E25078,E25078,E25078,787,727,6,0,787,269,1,276,787,1,802,274,314
E25079,E25079,E25079,496,450,7,0,496,156,1,157,515,2,517,157,177
E25080,E25080,E25080,494,456,4,0,489,171,0,172,495,0,498,172,182
E25081,E25081,E25081,1093,908,39,0,1089,384,3,390,1104,6,1119,393,558
E25082,E25082,E25082,1123,1033,20,0,1115,386,6,397,1116,10,1136,394,447
E25083,E25083,E25083,9503,7891,489,0,9399,3334,151,3513,9039,209,9317,3526,4346
E25084,E25084,E25084,601,531,14,0,597,210,1,214,620,1,626,215,298
E25085,E25085,E25085,733,639,14,0,723,245,3,251,683,5,703,257,554
E25086,E25086,E25086,577,495,13,0,571,194,1,201,568,2,581,200,240
E25087,E25087,E25087,405,360,5,0,404,148,1,154,402,1,413,151,190
E25088,E25088,E25088,180,156,3,0,180,57,1,59,173,2,181,60,76
E25089,E25089,E25089,244,210,1,0,243,76,1,80,235,3,245,79,88
E25090,E25090,E25090,319,281,9,0,319,112,0,113,330,0,332,112,138
E25091,E25091,E25091,530,458,6,0,527,185,0,190,532,0,548,190,267
E25092,E25092,E25092,435,397,7,0,434,142,1,147,437,3,447,146,178
E26001,E26001,E26001,12298,8477,1159,0,12229,3279,1009,4398,9616,2080,12037,4450,5085
E26002,E26002,E26002,898,663,30,0,871,223,58,283,630,101,738,297,371
E26003,E26003,E26003,14384,10632,1252,0,14232,4616,619,5303,13169,1176,14532,5318,6015
E26004,E26004,E26004,4135,2646,477,0,4048,969,513,1535,2686,1045,3852,1555,1760
E26005,E26005,E26005,2429,1929,127,0,2366,723,313,1069,1744,585,2387,1087,1373
E26006,E26006,E26006,3686,2889,288,0,3609,1158,166,1363,3178,419,3690,1406,1708
E26007,E26007,E26007,4461,2633,443,0,3702,532,685,1271,1410,1453,2952,1334,1805
E26008,E26008,E26008,1515,1211,62,0,1451,400,192,600,1062,324,1395,623,797
E26009,E26009,E26009,920,747,42,0,915,345,39,392,857,60,926,396,479
E26010,E26010,E26010,4990,3545,306,0,4801,1439,307,1781,4129,738,4965,1821,2154
E26011,E26011,E26011,1796,1523,67,0,1744,666,30,714,1602,42,1682,722,849
E26012,E26012,E26012,2414,1718,231,0,2377,656,254,928,1905,458,2406,975,1255
E26013,E26013,E26013,1820,1553,89,0,1787,648,34,700,1678,77,1796,722,831
E26014,E26014,E26014,1293,955,125,0,1254,397,199,623,857,330,1234,644,840
E26015,E26015,E26015,3009,2153,243,0,2977,980,87,1088,2841,171,3067,1096,1220
E26016,E26016,E26016,1394,1152,44,0,1376,511,33,562,1209,41,1285,570,649
E26017,E26017,E26017,1922,1564,110,0,1838,522,65,592,1421,100,1529,596,684
E26018,E26018,E26018,2598,1729,197,0,2340,580,462,1068,1268,930,2257,1107,1444
E26019,E26019,E26019,3482,2362,416,0,3345,787,561,1376,2008,990,3090,1396,1763
E26020,E26020,E26020,1785,1552,82,0,1759,481,66,566,1135,116,1289,582,667
E26021,E26021,E26021,2457,1811,231,0,2362,769,126,914,2170,229,2440,946,1197
E26022,E26022,E26022,1843,1280,93,0,1613,380,200,600,980,329,1369,605,709
E27001,E27001,E27001,6449,5170,258,0,6372,2090,176,2303,5733,303,6139,2316,2927
E27002,E27002,E27002,416,389,5,0,416,141,0,141,421,0,421,141,178
E27003,E27003,E27003,637,564,8,0,632,213,6,219,640,13,653,220,293
E27004,E27004,E27004,595,559,10,0,593,191,2,197,566,6,576,196,229
E27005,E27005,E27005,599,565,6,0,596,205,0,205,620,0,620,205,235
E27006,E27006,E27006,315,283,8,0,314,110,0,111,320,0,321,110,143
E27007,E27007,E27007,457,414,7,0,443,138,1,145,428,2,443,142,175
E27008,E27008,E27008,212,194,0,0,210,89,0,89,217,0,217,90,105
E27009,E27009,E27009,387,332,12,0,382,127,0,129,387,0,394,129,147
E27010,E27010,E27010,670,608,14,0,663,214,2,221,625,8,639,219,259
E27011,E27011,E27011,500,478,2,0,499,186,0,189,497,0,505,188,232
E27012,E27012,E27012,436,380,4,0,433,149,1,152,428,2,436,153,193
E27013,E27013,E27013,279,265,1,0,279,90,0,94,283,0,291,95,107
E27014,E27014,E27014,802,732,10,0,798,218,0,236,703,0,784,225,258
E27015,E27015,E27015,245,220,0,0,245,75,0,78,225,0,240,78,96
E27016,E27016,E27016,531,505,3,0,530,164,1,166,506,2,509,165,199
E27017,E27017,E27017,161,149,3,0,161,61,0,62,160,0,161,61,66
E27018,E27018,E27018,351,332,3,0,349,133,0,137,349,0,358,136,165
E27019,E27019,E27019,239,229,1,0,238,90,0,92,237,0,242,92,106
E27020,E27020,E27020,435,405,2,0,434,143,0,146,433,0,440,145,175
E27021,E27021,E27021,593,411,24,0,515,185,17,209,468,34,513,217,305
E27022,E27022,E27022,252,168,9,0,207,53,0,53,133,0,133,56,122
E27023,E27023,E27023,460,386,11,0,450,156,1,165,414,1,431,174,407
E27024,E27024,E27024,263,221,7,0,263,97,5,105,256,8,269,104,170
E27025,E27025,E27025,2613,1857,137,0,2357,612,130,756,1667,219,1915,780,1246
E27026,E27026,E27026,249,150,4,0,186,66,0,68,173,0,175,68,112
E27027/27028,E27027/27028,E27027/27028,309,228,10,0,294,99,1,102,277,1,280,106,260
E27029,E27029,E27029,94,72,2,0,89,34,0,36,79,0,83,40,117
E27030,E27030,E27030,229,162,13,0,218,94,1,96,218,1,220,100,232
E27031,E27031,E27031,103,100,0,0,103,42,0,42,104,0,104,43,59
E27032,E27032,E27032,160,141,5,0,159,68,2,78,147,2,163,76,168
E27033,E27033,E27033,853,739,30,0,834,282,2,298,775,4,817,298,499
E27034,E27034,E27034,337,281,13,0,321,123,1,125,304,1,309,128,230
E27035,E27035,E27035,301,252,12,0,294,113,1,117,291,2,297,115,166
E27036,E27036,E27036,1330,1004,48,0,1235,407,17,439,1124,28,1177,453,722
E27037,E27037,E27037,459,379,8,0,430,163,6,173,404,7,417,178,464
E27038,E27038,E27038,441,358,6,0,430,164,3,176,415,6,436,174,380
E27039,E27039,E27039,684,590,28,0,670,209,2,226,659,8,696,225,343
E27040,E27040,E27040,1860,1616,49,0,1855,601,18,623,1849,28,1886,623,708
E27041,E27041,E27041,1215,1078,23,0,1212,393,0,394,1224,0,1227,395,435
E27042,E27042,E27042,1462,1205,53,0,1451,434,56,498,1370,102,1486,497,552
E27043,E27043,E27043,1162,977,37,0,1143,369,10,383,1173,14,1193,383,446
E27044,E27044,E27044,3630,2996,157,0,3569,1077,82,1169,3469,158,3643,1177,1363
E27045,E27045,E27045,576,520,10,0,573,194,0,199,566,0,577,199,226
E27046,E27046,E27046,2609,2170,121,0,2599,826,24,863,2575,50,2657,864,978
E27047,E27047,E27047,918,830,14,0,912,250,9,294,770,14,923,267,296
E27048,E27048,E27048,2042,1694,80,0,2018,614,48,672,1858,95,1983,672,769
E27049,E27049,E27049,3271,2633,146,0,3246,1093,85,1188,3093,159,3276,1188,1421
E27050,E27050,E27050,1314,1165,29,0,1309,382,2,386,1226,3,1235,387,443
E27051,E27051,E27051,1312,1092,44,0,1287,417,24,445,1217,42,1264,450,572
E27052,E27052,E27052,126,107,8,0,124,35,0,35,112,0,112,35,38
E27053,E27053,E27053,1251,1037,51,0,1166,445,19,505,1105,28,1199,504,754
E27054,E27054,E27054,1315,1132,45,0,1306,462,8,489,1268,12,1320,489,649
E27055,E27055,E27055,1000,852,24,0,973,361,5,373,982,6,997,375,478
E27056,E27056,E27056,1403,1226,33,0,1394,460,1,468,1411,2,1432,469,551
E27057,E27057,E27057,1432,1267,33,0,1427,437,13,457,1371,20,1409,458,557
E27058,E27058,E27058,1005,882,32,0,997,295,4,304,988,5,1009,304,337
E27059,E27059,E27059,2008,1620,100,0,1994,622,48,677,1941,86,2040,676,780
E27060,E27060,E27060,4325,3182,364,0,4284,1202,289,1518,3526,551,4150,1523,1757
E27061,E27061,E27061,1448,1225,57,0,1440,488,12,507,1455,24,1499,502,637
E27062,E27062,E27062,763,663,23,0,751,258,1,260,750,2,753,260,287
E27063,E27063,E27063,1450,1221,41,0,1416,451,48,511,1284,85,1391,509,662
E27064,E27064,E27064,1207,1043,42,0,1203,346,7,356,1190,14,1211,356,404
E27065,E27065,E27065,1985,1605,95,0,1963,599,36,639,1836,66,1908,639,726
E27066,E27066,E27066,324,268,6,0,324,119,0,119,315,0,315,119,146
E27067,E27067,E27067,399,359,3,0,399,149,4,153,397,4,401,153,208
E27068,E27068,E27068,419,381,2,0,418,152,0,153,414,0,415,153,209
E27069,E27069,E27069,257,231,1,0,254,79,0,79,257,0,257,80,113
E27070,E27070,E27070,367,318,2,0,367,130,2,132,369,3,372,133,193
E27071,E27071,E27071,158,149,0,0,158,56,1,57,159,1,160,57,74
E27072,E27072,E27072,867,688,26,0,852,322,8,332,843,15,860,332,433
E27073,E27073,E27073,286,249,6,0,286,98,0,99,292,0,294,98,135
E27074,E27074,E27074,561,478,5,0,553,204,4,212,542,11,563,210,300
E27075,E27075,E27075,198,185,0,0,198,77,0,78,194,0,195,78,98
E27076,E27076,E27076,492,444,5,0,489,182,0,184,486,0,489,183,230
E27077,E27077,E27077,236,210,1,0,236,79,0,79,233,0,233,79,94
E27078,E27078,E27078,287,262,5,0,283,108,5,113,278,5,283,114,151
E27079,E27079,E27079,393,364,1,0,393,137,0,140,401,0,406,137,182
E27080,E27080,E27080,321,290,1,0,321,118,0,118,327,0,327,119,148
E27081,E27081,E27081,587,501,10,0,586,210,1,216,584,4,598,212,261
E27082,E27082,E27082,540,444,12,0,530,174,3,177,494,4,498,177,213
E27083,E27083,E27083,222,170,7,0,217,81,0,82,215,0,216,82,97
E27084,E27084,E27084,718,592,15,0,701,242,0,246,713,0,721,249,298
E27085,E27085,E27085,515,467,4,0,513,169,1,171,518,1,522,171,198
E27086,E27086,E27086,99,80,0,0,97,37,0,38,100,0,101,38,48
E27087,E27087,E27087,574,489,19,0,568,181,6,188,547,13,562,189,222
E27088,E27088,E27088,748,621,27,0,744,248,2,254,751,3,761,252,342
E27089,E27089,E27089,1239,1031,56,0,1220,393,14,411,1173,22,1206,413,510
E27090,E27090,E27090,2671,1821,498,0,2645,909,74,1016,2381,149,2618,1025,1390
E27091,E27091,E27091,318,243,7,0,309,108,1,112,317,1,323,110,157
E27092,E27092,E27092,1596,1368,61,0,1592,476,2,485,1564,2,1577,485,565
E27093,E27093,E27093,746,618,28,0,732,233,3,240,700,10,718,240,290
E27094,E27094,E27094,429,373,13,0,425,139,0,141,428,0,432,142,187
E27095,E27095,E27095,743,663,15,0,733,245,2,249,739,6,751,253,311
E27096,E27096,E27096,83,74,0,0,80,36,0,36,83,0,83,37,47
E27097,E27097,E27097,1351,1121,69,0,1330,446,13,464,1299,21,1329,464,621
E27098,E27098,E27098,329,288,4,0,327,104,0,106,338,0,343,104,127
E27099,E27099,E27099,477,416,7,0,476,155,1,158,473,4,482,158,195
E27100,E27100,E27100,389,342,5,0,384,133,0,133,389,0,389,133,160
E27101,E27101,E27101,4828,3716,266,0,4788,1679,101,1802,4577,172,4813,1805,2204
E27102,E27102,E27102,195,176,2,0,193,72,0,76,188,0,198,74,98
E27103,E27103,E27103,460,432,2,0,460,155,0,156,460,0,461,155,185
E27104,E27104,E27104,254,243,1,0,254,86,0,86,254,0,254,86,112
E27105,E27105,E27105,384,354,2,0,383,128,1,129,382,1,383,129,148
E27106,E27106,E27106,550,476,10,0,536,180,0,184,536,0,544,185,216
E27107,E27107,E27107,429,376,12,0,426,144,0,146,433,0,439,146,171
E27108,E27108,E27108,120,105,0,0,120,43,0,43,122,0,122,43,53
E27109,E27109,E27109,1640,1388,52,0,1632,513,5,528,1618,5,1660,523,619
E27110,E27110,E27110,108,96,1,0,108,40,0,42,106,0,111,40,50
E27111,E27111,E27111,573,521,3,0,572,200,0,201,581,0,583,201,245
E27112,E27112,E27112,393,338,4,0,383,121,0,122,390,0,393,122,134
E27113,E27113,E27113,739,698,7,0,738,218,0,222,737,0,744,221,265
E27114,E27114,E27114,920,830,18,0,914,282,1,285,894,1,897,285,324
E27115,E27115,E27115,312,281,12,0,312,106,0,108,307,0,315,107,128
E27116,E27116,E27116,655,555,9,0,649,205,0,207,650,0,658,207,233
E27117,E27117,E27117,527,464,2,0,520,190,1,192,523,1,527,192,249
E27118,E27118,E27118,331,310,4,0,331,122,0,122,331,0,331,122,145
E27119,E27119,E27119,818,722,23,0,814,259,0,267,808,0,826,266,306
E27120,E27120,E27120,631,568,12,0,627,201,0,204,625,0,631,203,244
E27121,E27121,E27121,325,295,3,0,321,98,2,104,303,9,323,103,136
E27122,E27122,E27122,368,297,18,0,366,116,2,118,372,3,375,118,135
E27123,E27123,E27123,702,628,11,0,701,215,2,220,689,3,705,220,258
E27124,E27124,E27124,383,338,8,0,382,110,0,110,395,0,395,110,121
E27125,E27125,E27125,457,391,9,0,450,149,0,150,466,0,468,149,190
E27127,E27127,E27127,873,785,23,0,861,263,3,270,832,4,854,268,314
E27128,E27128,E27128,5062,3915,413,0,5023,1871,124,2052,4543,184,4860,2067,2695
E27129/27126,E27129/27126,E27129/27126,397,326,7,0,394,139,1,144,376,3,387,143,187
E27130,E27130,E27130,307,266,6,0,307,99,0,99,314,0,314,99,122
E27131,E27131,E27131,254,221,4,0,252,87,0,87,256,0,256,87,105
E27132,E27132,E27132,440,395,5,0,439,153,8,161,441,10,451,161,196
E27133,E27133,E27133,660,571,17,0,660,209,0,210,673,0,674,209,243
E27134,E27134,E27134,493,426,8,0,488,169,0,177,460,0,483,175,223
E27135,E27135,E27135,375,352,4,0,374,130,1,134,365,2,377,133,158
E27136,E27136,E27136,592,539,8,0,591,212,1,217,597,3,606,216,250
E27137,E27137,E27137,365,330,7,0,364,130,1,131,368,1,369,132,168
E27138,E27138,E27138,526,482,9,0,526,171,5,180,505,11,525,180,216
E27139,E27139,E27139,524,488,6,0,521,171,1,174,525,1,529,173,225
E27140,E27140,E27140,553,502,2,0,550,192,0,195,554,0,565,196,243
E27141,E27141,E27141,310,295,2,0,310,109,0,110,310,0,312,110,154
E27142,E27142,E27142,542,498,8,0,540,179,1,181,545,1,551,181,221
E27143,E27143,E27143,867,770,6,0,860,299,1,306,854,1,869,305,376
E27144,E27144,E27144,1289,1081,8,0,1282,450,10,474,1230,20,1302,471,618
E27145,E27145,E27145,340,309,7,0,339,121,1,126,326,6,338,125,165
E27146,E27146,E27146,1874,1603,34,0,1861,622,20,647,1800,37,1843,650,824
E27147,E27147,E27147,496,435,12,0,494,180,1,181,513,1,514,181,232
E27148,E27148,E27148,228,197,10,0,227,73,0,75,221,0,231,75,89
E27149,E27149,E27149,358,303,18,0,358,122,0,125,354,0,363,124,167
E27150,E27150,E27150,1098,806,62,0,1010,322,4,334,874,5,904,337,549
E27151,E27151,E27151,561,470,10,0,535,200,4,206,522,8,537,210,342
E27152,E27152,E27152,2505,2172,52,0,2491,845,29,919,2287,56,2449,914,1269
E27153,E27153,E27153,155,123,3,0,146,58,0,58,156,0,156,60,99
E27154,E27154,E27154,1359,1164,35,0,1355,464,1,497,1302,1,1378,482,637
E27155,E27155,E27155,162,122,3,0,142,52,1,54,143,1,146,59,89
E27156,E27156,E27156,250,174,6,0,221,82,1,83,190,1,191,85,158
E27157,E27157,E27157,306,230,4,0,272,96,1,99,255,2,261,102,176
E27158,E27158,E27158,908,745,19,0,886,291,9,326,823,16,905,320,420
E27159,E27159,E27159,2604,2022,110,0,2520,890,59,968,2383,88,2507,977,1316
E27160,E27160,E27160,94,79,2,0,94,38,0,38,100,0,100,38,61
E27161,E27161,E27161,545,472,12,0,544,208,0,215,541,0,553,213,301
E27162,E27162,E27162,2315,1950,97,0,2289,720,4,731,2315,5,2333,732,876
E27163,E27163,E27163,280,251,9,0,275,99,0,102,282,0,287,102,125
E27164,E27164,E27164,162,150,0,0,161,60,0,61,168,0,171,61,75
E27165,E27165,E27165,111,95,3,0,110,43,2,45,110,2,112,45,67
E27166,E27166,E27166,166,159,2,0,164,55,0,56,156,0,161,56,73
E27167,E27167,E27167,369,322,2,0,366,137,1,139,364,2,367,140,175
E27168,E27168,E27168,454,400,6,0,449,182,0,187,452,0,459,188,231
E27169,E27169,E27169,698,644,18,0,691,248,0,249,661,0,662,249,311
E27170,E27170,E27170,218,200,3,0,217,73,1,76,213,4,219,75,99
E27171,E27171,E27171,318,296,5,0,318,106,1,108,323,1,326,108,123
E27172,E27172,E27172,278,258,0,0,277,103,0,105,277,0,280,103,125
E27173,E27173,E27173,176,165,0,0,176,55,0,56,170,0,177,56,75
E27174,E27174,E27174,401,370,2,0,400,137,1,138,392,3,395,138,177
E27175,E27175,E27175,2327,1855,86,0,2279,768,45,839,2043,79,2170,837,1157
E27176,E27176,E27176,174,158,0,0,174,65,0,65,180,0,180,65,76
E27177,E27177,E27177,442,415,9,0,441,154,0,155,443,0,444,158,205
E27178,E27178,E27178,670,604,14,0,665,201,0,201,629,0,629,202,239
E27179,E27179,E27179,710,611,19,0,705,241,5,251,694,9,713,249,301
E27180,E27180,E27180,550,480,9,0,550,198,1,203,547,1,555,204,257
E27181,E27181,E27181,1381,1227,29,0,1379,426,2,438,1376,2,1402,435,482
E27182,E27182,E27182,468,414,11,0,468,153,4,159,453,8,463,158,184
E27183,E27183,E27183,705,583,21,0,704,223,1,224,709,1,710,225,262
E27184,E27184,E27184,990,905,9,0,985,298,4,308,913,10,936,312,354
E27185,E27185,E27185,331,285,7,0,331,116,0,117,336,0,341,117,144
E27186,E27186,E27186,794,707,14,0,792,261,0,263,804,0,807,263,294
E27187,E27187,E27187,445,399,6,0,440,145,0,147,441,0,446,147,180
E27188,E27188,E27188,457,409,7,0,455,148,1,152,454,1,460,152,179
E27189,E27189,E27189,1032,926,15,0,1020,353,2,357,1033,5,1045,358,406
E27190,E27190,E27190,396,361,11,0,396,122,0,127,383,0,401,126,164
E27191,E27191,E27191,460,431,3,0,459,133,1,134,387,2,389,134,166
E27192,E27192,E27192,1079,949,22,0,1078,323,2,328,1033,3,1044,329,381
E27193,E27193,E27193,563,516,14,0,563,182,0,182,574,0,574,182,219
E27194,E27194,E27194,580,507,4,0,572,206,2,208,582,2,584,209,242
E27195,E27195,E27195,597,503,13,0,590,208,0,211,583,0,597,211,269
E27196,E27196,E27196,812,692,31,0,806,309,13,326,799,15,822,327,427
E27197,E27197,E27197,591,531,3,0,590,215,2,218,610,4,615,218,256
E27198,E27198,E27198,1489,1262,44,0,1479,532,26,561,1431,46,1484,562,755
E27199,E27199,E27199,692,627,12,0,691,204,0,210,687,0,700,208,248
E27200,E27200,E27200,376,332,8,0,374,127,0,128,369,0,372,128,148
E27201,E27201,E27201,619,541,7,0,619,204,0,205,626,0,628,205,236
E27202,E27202,E27202,610,514,11,0,602,209,1,211,605,1,607,212,242
E27203,E27203,E27203,658,600,11,0,656,222,0,222,666,0,666,223,255
E27204,E27204,E27204,732,654,8,0,729,240,0,242,711,0,714,243,283
E27205,E27205,E27205,851,779,12,0,850,271,0,273,868,0,871,272,309
E27206,E27206,E27206,1076,927,32,0,1064,382,0,388,1069,0,1079,390,497
E27207,E27207,E27207,1040,921,25,0,1035,330,10,344,1012,21,1044,344,408
E27208,E27208,E27208,394,365,3,0,392,130,0,131,400,0,402,131,164
E27209,E27209,E27209,360,334,2,0,360,124,0,124,359,0,359,125,164
E27210,E27210,E27210,633,551,3,0,627,238,16,255,610,23,634,257,336
E27211,E27211,E27211,655,576,12,0,648,214,1,222,648,1,671,224,269
E27212,E27212,E27212,678,635,3,0,674,211,2,215,679,7,694,213,261
E27213,E27213,E27213,707,597,19,0,704,234,0,235,705,0,708,235,279
E27214,E27214,E27214,382,344,3,0,380,136,1,137,385,1,386,137,168
E27215,E27215,E27215,5520,4324,227,0,5498,2056,18,2095,5495,36,5579,2098,2555
E27216,E27216,E27216,3304,2579,129,0,3290,1213,212,1451,2868,284,3214,1457,1923
E28001,E28001,E28001,1096,881,31,0,1074,400,22,435,1035,36,1095,437,704
E28002,E28002,E28002,345,287,8,0,342,122,0,127,345,0,351,125,183
E28003,E28003,E28003,248,222,7,0,248,80,0,82,251,0,253,82,104
E28004,E28004,E28004,157,144,5,0,157,60,0,61,161,0,162,60,103
E28005,E28005,E28005,135,103,4,0,135,57,0,59,139,0,142,59,92
E28006,E28006,E28006,569,483,10,0,562,215,5,226,550,8,569,225,295
E28007/28011,E28007/28011,E28007/28011,358,307,9,0,356,134,0,137,353,0,360,138,198
E28008,E28008,E28008,143,125,1,0,140,52,0,56,137,0,145,53,63
E28009,E28009,E28009,230,184,5,0,229,85,1,89,222,2,236,88,135
E28010,E28010,E28010,89,71,0,0,88,35,1,37,84,2,88,36,66
E28012,E28012,E28012,73,62,0,0,73,28,0,29,75,0,76,30,43
E28013,E28013,E28013,221,188,4,0,219,81,0,82,221,0,222,82,104
E28014,E28014,E28014,159,129,7,0,157,61,0,62,158,0,160,64,85
E28015,E28015,E28015,3986,2810,270,0,3931,1290,232,1568,3282,374,3787,1569,2220
E28017/28016,E28017/28016,E28017/28016,186,136,6,0,178,76,0,78,177,0,179,78,132
E28018,E28018,E28018,1282,987,52,0,1270,502,9,514,1250,15,1268,521,845
E28019,E28019,E28019,701,597,5,0,688,256,2,261,697,4,704,262,342
E28020,E28020,E28020,266,217,3,0,265,102,0,103,266,0,271,103,156
E28021,E28021,E28021,333,281,6,0,331,129,1,132,335,1,338,132,160
E28022,E28022,E28022,473,360,12,0,469,165,3,171,462,6,473,172,319
E28023,E28023,E28023,153,127,3,0,151,52,0,52,153,0,153,52,105
E28024,E28024,E28024,1123,891,31,0,1097,383,16,402,1053,27,1084,409,674
E28025,E28025,E28025,234,191,3,0,232,89,1,91,230,3,234,91,110
E28026,E28026,E28026,225,197,0,0,224,89,1,95,216,1,225,94,169
E28027/28028,E28027/28028,E28027/28028,240,204,4,0,237,100,0,100,240,0,240,100,128
E28029/28032,E28029/28032,E28029/28032,217,153,3,0,208,98,0,100,216,0,218,101,157
E28030,E28030,E28030,779,543,16,0,748,287,3,293,758,3,765,304,442
E28031,E28031,E28031,960,733,14,0,955,330,6,344,945,10,974,346,489
E28033,E28033,E28033,690,506,15,0,679,263,7,282,648,10,681,280,476
E28035,E28035,E28035,216,176,3,0,216,81,0,82,224,0,225,81,118
E28036,E28036,E28036,261,193,6,0,257,113,0,118,252,0,262,116,162
E28037,E28037,E28037,189,171,1,0,185,73,0,75,180,0,182,76,112
E28038,E28038,E28038,309,234,5,0,304,117,1,123,303,1,311,119,149
E28039,E28039,E28039,1506,1259,17,0,1482,556,5,565,1420,9,1437,568,808
E28040,E28040,E28040,525,452,10,0,522,206,4,217,496,4,509,215,309
E28041/28034,E28041/28034,E28041/28034,166,142,2,0,166,63,0,67,156,0,162,64,92
E28042,E28042,E28042,154,137,1,0,154,56,1,59,154,2,159,59,88
E28043,E28043,E28043,175,139,2,0,175,70,0,70,176,0,176,70,111
E28044,E28044,E28044,238,186,8,0,237,81,0,81,246,0,246,81,110
E28045,E28045,E28045,250,222,6,0,249,97,1,98,254,1,255,98,122
E28046,E28046,E28046,147,123,2,0,146,55,0,55,146,0,146,55,88
E28047,E28047,E28047,385,325,7,0,385,135,1,139,376,4,390,137,161
E28048,E28048,E28048,88,78,1,0,88,36,0,39,85,0,93,39,44
E28049,E28049,E28049,233,186,3,0,233,100,0,102,228,0,233,102,148
E28050,E28050,E28050,388,346,4,0,386,142,1,147,386,1,391,147,198
E28051,E28051,E28051,315,250,4,0,309,98,0,109,300,0,322,105,164
E28052,E28052,E28052,1782,1416,69,0,1773,664,36,721,1672,49,1770,727,1060
E28053,E28053,E28053,196,175,2,0,196,71,1,72,194,1,195,74,107
E28054,E28054,E28054,370,314,11,0,368,129,0,130,372,0,373,129,162
E28055,E28055,E28055,137,113,4,0,137,54,0,55,134,0,135,54,83
E28056,E28056,E28056,322,284,4,0,321,117,1,119,331,1,334,119,160
E28057,E28057,E28057,328,268,8,0,328,120,0,121,335,0,336,120,149
E28058,E28058,E28058,269,212,2,0,269,103,0,104,272,0,276,106,148
E28059,E28059,E28059,169,146,1,0,167,55,0,57,164,0,166,57,71
E28060,E28060,E28060,301,243,2,0,301,120,6,130,286,8,306,131,168
E28061,E28061,E28061,525,381,8,0,522,191,4,197,522,5,530,197,277
E28062,E28062,E28062,164,147,0,0,164,68,0,68,168,0,168,68,89
E28063,E28063,E28063,256,218,2,0,254,90,0,91,251,0,257,91,132
E28064,E28064,E28064,260,242,0,0,260,93,0,95,258,0,265,96,128
E28065,E28065,E28065,333,296,5,0,330,125,1,126,331,4,335,126,178
E28066,E28066,E28066,149,134,0,0,149,61,0,62,150,0,151,61,89
E28067,E28067,E28067,215,204,2,0,214,78,0,80,227,0,232,80,104
E28068,E28068,E28068,299,260,5,0,298,110,0,110,274,0,274,111,141
E28069,E28069,E28069,776,631,16,0,761,282,17,300,735,27,765,302,530
E28070,E28070,E28070,380,328,17,0,379,132,0,134,378,0,381,132,201
E28071,E28071,E28071,289,264,6,0,288,101,0,101,303,0,303,101,134
E28072,E28072,E28072,198,183,5,0,197,76,0,76,201,0,201,76,106
E28073,E28073,E28073,197,175,0,0,197,69,0,71,205,0,208,71,101
E28074,E28074,E28074,1378,1156,32,0,1372,514,25,555,1266,30,1345,552,738
E28075,E28075,E28075,293,252,7,0,290,111,0,112,288,0,294,115,286
E28076,E28076,E28076,248,220,4,0,248,103,0,106,253,0,259,106,157
E28077,E28077,E28077,497,405,13,0,487,204,3,209,485,4,494,211,407
E28078,E28078,E28078,251,212,7,0,249,89,1,92,247,1,251,93,139
E29001,E29001,E29001,2455,2038,34,0,2425,846,68,936,2208,98,2371,942,1174
E29002,E29002,E29002,4021,3279,142,0,3997,1503,173,1707,3609,243,3926,1714,2278
E29003,E29003,E29003,6049,4564,374,0,5967,2028,389,2462,4827,533,5455,2510,3244
E29004,E29004,E29004,5543,4057,183,0,5277,1615,380,2018,3973,651,4676,2036,2773
E29005,E29005,E29005,347,323,5,0,347,118,1,123,347,2,357,123,148
E29006,E29006,E29006,986,850,30,0,982,332,0,334,1008,0,1011,333,398
E29007,E29007,E29007,2928,2365,67,0,2886,998,4,1016,2843,7,2899,1017,1179
E29008,E29008,E29008,393,316,3,0,391,134,1,140,388,1,401,137,176
E29009,E29009,E29009,241,183,6,0,238,94,0,94,237,0,237,94,125
E29010,E29010,E29010,2905,2420,78,0,2864,997,6,1019,2886,12,2940,1023,1189
E29011,E29011,E29011,659,580,7,0,643,260,0,262,640,0,644,269,395
E29012,E29012,E29012,589,525,10,0,584,196,1,199,581,1,587,199,249
E29013,E29013,E29013,175,162,0,0,174,58,0,60,175,0,185,60,97
E29014,E29014,E29014,94,94,0,0,94,33,1,34,92,3,95,34,46
E29015,E29015,E29015,917,811,19,0,912,299,4,309,901,12,926,309,359
E29016,E29016,E29016,1032,904,12,0,1025,383,17,405,988,23,1020,409,524
E29017,E29017,E29017,878,773,17,0,875,323,5,328,881,7,888,331,469
E29018,E29018,E29018,532,483,12,0,531,176,0,178,534,0,537,180,222
E29019,E29019,E29019,195,176,2,0,194,64,0,66,187,0,193,66,90
E29020,E29020,E29020,551,506,1,0,548,172,0,175,552,0,557,175,213
E29021,E29021,E29021,226,208,0,0,226,80,0,81,230,0,231,81,103
E29022,E29022,E29022,259,236,1,0,255,88,2,91,242,7,254,91,121
E29023,E29023,E29023,134,122,1,0,134,42,0,46,115,0,135,46,66
E29024,E29024,E29024,801,701,7,0,797,277,0,284,795,0,805,281,382
E29025,E29025,E29025,1310,1120,19,0,1295,461,11,484,1265,19,1313,486,680
E29026,E29026,E29026,351,298,6,0,341,133,0,137,337,0,341,135,223
E29027,E29027,E29027,445,385,9,0,439,165,1,167,439,1,441,168,251
E29028,E29028,E29028,154,147,1,0,153,54,1,55,151,1,152,55,76
E29029,E29029,E29029,1297,1165,17,0,1286,422,0,430,1260,0,1282,434,551
E29030,E29030,E29030,239,204,2,0,234,79,0,79,235,0,235,79,107
E29031,E29031,E29031,474,395,5,0,464,160,0,163,460,0,472,163,222
E29032,E29032,E29032,1189,981,21,0,1167,439,0,443,1166,0,1174,446,604
E29033,E29033,E29033,226,182,10,0,222,87,1,89,212,2,215,91,151
E29034,E29034,E29034,3678,2617,168,0,3661,1238,110,1387,3354,185,3653,1391,1876
E29035,E29035,E29035,215,176,9,0,210,80,0,81,215,0,216,83,123
E29036,E29036,E29036,440,392,6,0,438,151,0,154,438,0,445,153,198
E29037,E29037,E29037,342,283,19,0,337,130,1,132,352,2,355,132,182
E29038,E29038,E29038,823,651,23,0,773,266,6,278,717,11,741,280,416
E29039,E29039,E29039,279,254,6,0,279,111,0,114,276,0,284,114,138
E29040,E29040,E29040,1108,973,21,0,1107,393,4,407,1088,6,1120,404,497
E29041,E29041,E29041,823,728,17,0,821,270,3,277,789,5,803,276,365
E29042,E29042,E29042,648,561,11,0,630,232,2,235,630,4,635,238,323
E29043,E29043,E29043,692,614,5,0,678,252,1,254,684,1,686,257,314
E29044,E29044,E29044,988,887,7,0,982,348,10,362,968,23,996,364,464
E29045,E29045,E29045,773,671,17,0,769,273,2,277,776,3,781,276,354
E29046,E29046,E29046,531,455,5,0,526,188,1,191,521,2,532,191,242
E29047,E29047,E29047,241,206,3,0,240,100,0,104,230,0,240,103,192
E29048,E29048,E29048,562,461,15,0,557,201,0,202,567,0,568,201,260
E29049,E29049,E29049,413,373,5,0,413,141,0,143,423,0,427,142,176
E29050,E29050,E29050,1131,983,27,0,1128,381,2,387,1148,7,1167,388,491
E29051,E29051,E29051,976,829,12,0,969,348,2,357,949,2,970,361,488
E29052,E29052,E29052,914,760,14,0,898,328,1,331,913,1,921,333,531
E29053,E29053,E29053,465,395,3,0,461,167,1,173,462,1,469,173,289
E29054,E29054,E29054,113,95,4,0,110,38,0,39,111,0,112,40,62
E29055,E29055,E29055,2073,1637,40,0,2009,661,42,722,1821,63,1925,732,1044
E29056,E29056,E29056,243,220,3,0,243,80,1,84,234,1,242,83,103
E29057,E29057,E29057,526,432,6,0,518,182,0,186,524,0,536,186,249
E29058/29065,E29058/29065,E29058/29065,97,91,0,0,97,40,0,41,96,0,100,41,56
E29059,E29059,E29059,129,116,0,0,129,47,0,49,128,0,132,48,87
E29060,E29060,E29060,358,322,5,0,354,124,1,127,361,2,365,126,174
E29061,E29061,E29061,831,709,7,0,822,304,0,309,847,0,853,308,412
E29062,E29062,E29062,282,244,1,0,279,115,0,118,281,0,285,116,162
E29063,E29063,E29063,252,214,8,0,252,87,0,89,245,0,254,89,117
E29064,E29064,E29064,746,613,7,0,741,307,1,312,760,1,770,311,492
E29066,E29066,E29066,861,719,15,0,848,304,5,312,856,5,866,314,494
E29067,E29067,E29067,1477,1260,23,0,1465,564,2,569,1497,3,1506,570,753
E29068,E29068,E29068,606,512,16,0,605,204,0,207,602,0,610,207,250
E29069,E29069,E29069,610,532,8,0,610,201,2,204,599,4,607,204,233
E29070,E29070,E29070,358,303,4,0,352,126,1,130,349,2,354,128,171
E29071,E29071,E29071,1007,834,9,0,1003,364,3,371,1016,4,1028,373,479
E29072,E29072,E29072,1755,1470,35,0,1717,544,4,558,1716,8,1755,559,679
E29073,E29073,E29073,300,263,5,0,299,112,0,117,308,0,314,115,159
E29074,E29074,E29074,7209,5625,331,0,7160,2523,89,2637,7108,144,7339,2646,3147
E29075,E29075,E29075,552,484,14,0,550,191,0,194,551,0,563,194,235
E29076,E29076,E29076,778,685,18,0,773,274,1,279,770,1,780,279,321
E29077,E29077,E29077,166,140,3,0,166,59,0,59,174,0,174,59,92
E29078,E29078,E29078,460,391,3,0,453,150,0,150,461,0,461,150,187
E29079,E29079,E29079,987,869,9,0,981,321,0,324,1003,0,1009,322,384
E29080,E29080,E29080,473,402,5,0,469,164,0,166,474,0,476,165,247
E29081,E29081,E29081,590,488,12,0,585,209,0,210,602,0,603,209,302
E29082,E29082,E29082,361,327,10,0,356,130,0,132,368,0,374,133,172
E29083,E29083,E29083,1465,1283,30,0,1446,467,3,477,1399,8,1425,473,567
E29084,E29084,E29084,823,716,16,0,818,283,5,292,802,7,819,291,414
E29085,E29085,E29085,2994,1792,492,0,2977,965,80,1094,2607,186,2955,1098,1496
E29086,E29086,E29086,464,396,7,0,464,176,4,180,472,7,479,180,233
E29087,E29087,E29087,756,643,19,0,748,269,1,276,746,1,764,278,354
E29088,E29088,E29088,343,314,3,0,341,125,0,127,338,0,343,127,155
E29089,E29089,E29089,3987,2983,139,0,3932,1347,96,1477,3561,152,3799,1486,2047
E29090,E29090,E29090,163,137,0,0,158,61,0,62,159,0,160,63,82
E29091,E29091,E29091,450,383,4,0,447,161,0,164,438,0,444,167,216
E29092,E29092,E29092,585,501,15,0,582,188,0,198,578,0,591,200,235
E29093,E29093,E29093,477,427,4,0,476,172,1,175,465,1,476,176,244
E29094,E29094,E29094,465,426,5,0,464,165,0,167,470,0,476,168,219
E29095,E29095,E29095,523,437,13,0,512,157,0,157,507,0,507,161,190
E29096,E29096,E29096,587,528,9,0,583,228,0,230,601,0,604,231,326
E29097,E29097,E29097,840,647,22,0,825,315,35,351,775,51,827,353,560
E29098,E29098,E29098,730,623,12,0,719,297,5,308,684,5,699,309,442
E29099,E29099,E29099,358,296,3,0,356,128,0,130,362,0,370,130,197
E29100,E29100,E29100,438,387,3,0,436,164,1,166,443,1,445,166,201
E29101,E29101,E29101,396,348,4,0,392,152,0,153,405,0,408,153,187
E29102,E29102,E29102,197,191,2,0,197,63,1,66,192,2,199,66,89
E29103,E29103,E29103,626,552,14,0,621,229,3,234,602,3,607,234,336
E29104,E29104,E29104,388,334,7,0,383,113,0,115,337,0,343,115,148
E29105,E29105,E29105,309,249,2,0,309,123,0,124,318,0,319,125,178
E29106,E29106,E29106,646,545,3,0,645,223,0,228,649,0,658,227,350
E29107,E29107,E29107,412,339,4,0,403,157,0,160,408,0,415,159,239
E29108,E29108,E29108,492,389,2,0,486,189,1,196,492,2,505,194,252
E29109,E29109,E29109,503,433,9,0,497,171,0,172,504,0,508,174,239
E29110,E29110,E29110,373,318,9,0,373,141,1,144,368,3,374,143,195
E29111,E29111,E29111,377,315,5,0,369,150,0,152,370,0,376,151,198
E29112,E29112,E29112,1078,847,35,0,1073,392,18,423,1010,27,1079,422,631
E29113,E29113,E29113,958,751,17,0,954,363,1,369,948,3,958,374,542
E29114,E29114,E29114,733,581,13,0,727,256,0,261,733,0,742,261,349
E29115,E29115,E29115,687,559,7,0,676,248,1,251,669,2,686,253,342
E29116,E29116,E29116,1510,1138,61,0,1488,594,27,627,1448,42,1499,629,858
E29117,E29117,E29117,591,483,5,0,582,213,4,218,579,5,585,219,310
E29118,E29118,E29118,1124,915,37,0,1105,393,5,404,1024,14,1049,405,572
E29119,E29119,E29119,2622,2163,48,0,2600,975,35,1022,2472,54,2555,1029,1436
E29120,E29120,E29120,426,364,9,0,422,150,0,151,426,0,432,151,212
E29121,E29121,E29121,1621,1240,34,0,1601,576,45,622,1519,63,1586,628,886
E29122,E29122,E29122,360,293,5,0,357,140,0,144,357,0,362,142,189
E29123,E29123,E29123,543,429,7,0,539,216,0,222,533,0,540,219,335
E29124,E29124,E29124,896,764,10,0,888,351,8,366,888,13,913,364,590
E29125,E29125,E29125,994,865,15,0,982,315,0,318,1005,0,1010,319,386
E29126,E29126,E29126,116,110,3,0,116,40,0,40,119,0,119,40,57
E29127,E29127,E29127,341,293,2,0,332,128,2,130,338,5,343,133,244
E29128,E29128,E29128,320,267,1,0,314,111,0,115,311,0,320,115,167
E29129,E29129,E29129,343,314,2,0,339,118,1,124,338,2,348,123,175
E29131,E29131,E29131,221,188,3,0,210,79,1,81,213,1,215,82,135
E29132,E29132,E29132,870,717,13,0,851,302,3,309,864,3,871,309,356
E29133,E29133,E29133,726,550,13,0,685,263,0,268,686,0,693,274,456
E29134,E29134,E29134,572,464,15,0,560,210,0,216,560,0,578,217,355
E29135,E29135,E29135,654,544,7,0,648,223,10,235,642,14,660,236,336
E29136,E29136,E29136,626,492,2,0,599,234,2,240,574,4,589,239,533
E29137,E29137,E29137,183,160,3,0,181,72,0,73,183,0,184,74,97
E29138,E29138,E29138,306,233,10,0,300,123,0,127,304,0,308,129,258
E29139,E29139,E29139,125,110,0,0,119,37,0,39,115,0,118,40,69
E29140,E29140,E29140,235,198,3,0,232,94,0,95,233,0,234,96,141
E29141,E29141,E29141,1008,866,7,0,975,342,0,344,991,0,993,347,423
E29142,E29142,E29142,114,104,0,0,114,40,1,42,114,2,117,42,60
E29143,E29143,E29143,560,466,4,0,556,194,0,197,569,0,577,196,251
E29144,E29144,E29144,1546,1225,33,0,1491,504,6,514,1491,12,1513,518,712
E29145,E29145,E29145,585,449,5,0,552,194,0,198,549,0,558,205,335
E29146,E29146,E29146,751,615,20,0,742,241,11,259,727,12,757,257,327
E29147,E29147,E29147,983,740,26,0,914,357,9,368,891,13,907,389,747
E29148,E29148,E29148,1133,945,17,0,1106,409,26,436,1077,37,1117,441,636
E29149,E29149,E29149,780,594,22,0,758,265,4,274,704,8,719,276,546
E29150/29130,E29150/29130,E29150/29130,160,121,5,0,147,43,0,43,119,0,119,46,72
E29151,E29151,E29151,456,385,3,0,452,147,0,149,466,0,469,149,183
E29152,E29152,E29152,1072,784,23,0,1040,402,15,427,1035,23,1082,428,1045
E29153,E29153,E29153,128,113,4,0,126,53,0,53,134,0,134,55,86
E29154,E29154,E29154,1577,1344,44,0,1546,527,15,546,1564,23,1602,551,696
E30001,E30001,E30001,4450,3392,337,0,4432,1539,85,1646,4247,166,4471,1647,1896
E30002,E30002,E30002,702,639,9,0,701,232,2,238,704,5,717,237,273
E30003,E30003,E30003,538,506,7,0,538,166,0,167,527,0,528,166,192
E30004,E30004,E30004,275,260,1,0,275,84,0,84,282,0,282,84,100
E30005,E30005,E30005,777,694,9,0,771,247,0,249,761,0,769,251,293
E30006,E30006,E30006,534,499,5,0,530,170,0,172,528,0,533,173,196
E30007,E30007,E30007,394,367,2,0,391,128,0,128,396,0,396,128,147
E30008,E30008,E30008,244,229,5,0,244,76,1,77,243,5,248,78,91
E30009,E30009,E30009,243,238,1,0,243,85,0,87,240,0,245,87,102
E30010,E30010,E30010,1177,1100,6,0,1171,366,0,370,1171,0,1178,369,406
E30011,E30011,E30011,1035,947,18,0,1032,343,0,344,1039,0,1040,345,398
E30012,E30012,E30012,204,191,2,0,202,73,0,73,208,0,208,73,84
E30013,E30013,E30013,323,307,4,0,323,116,0,118,322,0,326,118,133
E30014,E30014,E30014,242,220,5,0,242,89,0,94,244,0,252,89,111
E30015,E30015,E30015,369,347,2,0,368,125,0,126,374,0,376,125,140
E30016,E30016,E30016,1656,1473,27,0,1624,507,7,526,1560,10,1596,527,592
E30017,E30017,E30017,314,279,4,0,314,107,1,111,314,1,320,111,137
E30018,E30018,E30018,310,293,4,0,309,111,1,113,309,3,313,113,126
E30019,E30019,E30019,374,348,2,0,372,134,1,137,362,1,367,135,166
E30020,E30020,E30020,473,424,11,0,469,160,1,164,470,2,480,163,205
E30021,E30021,E30021,276,259,3,0,276,97,0,97,281,0,281,97,114
E30022,E30022,E30022,738,702,10,0,732,241,1,242,746,2,748,242,273
E30023,E30023,E30023,347,320,1,0,344,114,0,114,341,0,341,116,134
E30024,E30024,E30024,135,120,2,0,135,55,0,55,134,0,134,56,71
E30026,E30026,E30026,227,195,3,0,219,84,0,86,221,0,226,85,128
E30027,E30027,E30027,188,160,4,0,184,71,0,71,184,0,184,71,94
E30028,E30028,E30028,247,210,5,0,247,106,0,107,249,0,251,107,140
E30029,E30029,E30029,155,138,1,0,153,57,1,58,142,2,144,61,92
E30030,E30030,E30030,1533,1240,39,0,1526,546,6,559,1469,8,1495,561,756
E30031,E30031,E30031,1459,1210,24,0,1451,606,40,657,1359,48,1431,658,936
E30032,E30032,E30032,239,215,3,0,237,98,0,98,242,0,242,98,128
E30033,E30033,E30033,291,246,8,0,284,112,2,114,281,2,283,117,156
E30034,E30034,E30034,169,134,0,0,168,60,0,61,164,0,165,61,92
E30035,E30035,E30035,359,320,4,0,359,140,0,141,365,0,366,140,189
E30036,E30036,E30036,207,166,2,0,203,79,2,81,202,2,204,83,129
E30037,E30037,E30037,865,647,33,0,860,304,59,365,760,106,868,366,538
E30038,E30038,E30038,88,75,1,0,88,40,0,40,87,0,87,40,64
E30039,E30039,E30039,486,392,6,0,460,161,1,163,443,1,446,162,279
E30040,E30040,E30040,321,256,6,0,317,120,0,121,331,0,332,125,211
E30041,E30041,E30041,126,98,3,0,125,57,1,58,131,3,134,58,101
E30042,E30042,E30042,286,248,8,0,284,99,0,99,296,0,296,99,125
E30043,E30043,E30043,107,100,0,0,106,41,0,41,108,0,108,41,66
E30044,E30044,E30044,319,262,5,0,316,121,1,123,321,1,323,123,171
E30045,E30045,E30045,184,151,2,0,181,72,0,72,177,0,177,73,108
E30046/30048,E30046/30048,E30046/30048,237,201,1,0,234,88,0,89,244,0,245,90,133
E30047/30025,E30047/30025,E30047/30025,312,270,1,0,309,129,1,133,310,1,317,131,179
E30049,E30049,E30049,319,257,6,0,316,130,3,134,319,3,323,133,260
E30050,E30050,E30050,345,310,6,0,345,131,0,131,350,0,350,132,183
E30051,E30051,E30051,425,364,2,0,422,150,0,151,425,0,426,151,187
E30052,E30052,E30052,285,234,13,0,278,109,0,110,288,0,289,110,137
E30053,E30053,E30053,178,145,2,0,178,70,0,70,177,0,177,70,90
E30054,E30054,E30054,204,175,1,0,204,86,0,86,206,0,206,88,129
E30055,E30055,E30055,850,685,13,0,841,306,2,315,850,2,864,318,445
E30056,E30056,E30056,458,384,5,0,456,174,1,175,470,1,471,176,234
E30057,E30057,E30057,2768,2051,197,0,2747,1029,49,1112,2623,64,2752,1115,1737
E30058,E30058,E30058,1013,848,13,0,1009,403,3,412,1009,3,1027,412,624
E30059,E30059,E30059,758,671,8,0,753,292,0,297,768,0,774,298,418
E30060,E30060,E30060,163,127,7,0,163,55,0,56,159,0,165,56,73
E30061,E30061,E30061,629,503,15,0,620,253,0,256,624,0,629,255,374
E30062,E30062,E30062,374,310,5,0,373,136,0,140,369,0,376,140,206
E30063,E30063,E30063,203,181,2,0,203,72,0,76,201,0,207,76,91
E30064,E30064,E30064,512,439,12,0,512,187,2,191,512,5,520,191,264
E30065,E30065,E30065,3077,2561,98,0,3046,968,66,1067,2359,93,2531,1072,1538
E30066,E30066,E30066,353,314,1,0,353,119,0,120,351,0,354,120,161
E30067,E30067,E30067,359,298,1,0,339,128,1,130,341,1,344,134,189
E30068,E30068,E30068,491,424,5,0,490,184,2,186,503,3,506,186,251
E30069,E30069,E30069,446,382,6,0,442,161,0,163,438,0,450,163,223
E30070,E30070,E30070,359,289,4,0,358,133,0,136,360,0,365,136,197
E30071,E30071,E30071,860,733,24,0,855,324,0,330,874,0,888,331,528
E30072,E30072,E30072,1134,886,21,0,1116,418,4,425,1087,8,1099,426,581
E30073,E30073,E30073,727,612,7,0,724,290,3,298,728,5,747,299,433
E30074,E30074,E30074,325,294,2,0,324,121,0,123,326,0,331,125,166
E30075,E30075,E30075,458,398,15,0,457,163,1,167,462,4,471,167,204
E30076,E30076,E30076,552,441,9,0,546,208,11,222,542,16,563,221,278
E30077,E30077,E30077,220,167,2,0,219,81,0,81,221,0,221,82,111
E30078,E30078,E30078,408,352,1,0,408,144,1,148,403,1,413,149,218
E30079,E30079,E30079,494,438,9,0,492,143,1,145,459,1,461,145,186
E30080,E30080,E30080,201,173,1,0,196,80,0,80,197,0,197,80,107
E30081,E30081,E30081,1238,1041,34,0,1230,417,9,445,1117,16,1171,445,622
E30082,E30082,E30082,451,398,6,0,451,152,0,158,438,0,448,159,195
E30083,E30083,E30083,288,243,5,0,288,100,0,102,297,0,303,101,141
E30084,E30084,E30084,116,105,2,0,115,46,1,47,120,1,121,47,75
E30085,E30085,E30085,164,142,1,0,163,58,0,58,171,0,171,58,77
E30086,E30086,E30086,434,372,10,0,432,168,0,169,431,0,434,168,207
E30087,E30087,E30087,360,294,4,0,355,118,0,121,353,0,358,120,140
E30088,E30088,E30088,127,110,5,0,125,47,0,47,125,0,125,47,67
E30089,E30089,E30089,794,657,16,0,793,320,3,335,756,5,784,336,494
E30090,E30090,E30090,713,618,7,0,712,265,1,267,720,1,722,267,325
E30091,E30091,E30091,372,333,4,0,372,141,0,142,382,0,384,142,169
E30092,E30092,E30092,395,341,6,0,395,140,0,140,395,0,395,141,168
E30093,E30093,E30093,316,274,5,0,315,113,0,114,322,0,323,114,141
E30094,E30094,E30094,392,342,1,0,390,170,0,170,402,0,402,171,257
E30095,E30095,E30095,322,279,4,0,321,119,1,127,309,2,334,126,171
E30096,E30096,E30096,231,204,0,0,230,82,0,84,227,0,229,84,105
E30097,E30097,E30097,207,192,2,0,205,78,0,80,202,0,206,80,107
E30098,E30098,E30098,522,429,23,0,519,172,0,176,515,0,523,174,223
E30099,E30099,E30099,388,348,11,0,385,116,0,118,376,0,381,118,141
E30100,E30100,E30100,370,330,11,0,368,126,0,132,366,0,377,129,165
E30101,E30101,E30101,164,156,0,0,164,61,0,61,171,0,171,61,77
E30102,E30102,E30102,902,792,27,0,900,317,1,323,889,2,903,323,389
E30103,E30103,E30103,330,265,4,0,328,121,0,123,332,0,337,123,206
E30104,E30104,E30104,707,571,15,0,698,274,0,280,661,0,668,278,399
E30105,E30105,E30105,4782,3695,299,0,4762,1563,24,1619,4480,52,4610,1623,1929
E30106,E30106,E30106,1701,1054,282,0,1680,581,118,727,1386,212,1663,732,923
E30107,E30107,E30107,162,144,1,0,162,59,0,59,155,0,155,59,82
E30108,E30108,E30108,168,145,0,0,168,59,1,60,173,1,174,60,90
E30109,E30109,E30109,488,440,10,0,486,167,1,172,475,2,488,173,216
E30110,E30110,E30110,1003,835,27,0,997,421,17,445,978,31,1019,446,672
E30111,E30111,E30111,696,580,24,0,691,266,7,277,678,7,692,276,440
E30112,E30112,E30112,279,247,0,0,277,90,0,92,258,0,270,92,154
E31001,E31001,E31001,4937,3931,337,0,4878,1621,295,2058,4008,510,4810,2069,2535
E31002,E31002,E31002,5502,4252,303,0,5347,1411,420,1901,3471,707,4360,2048,2905
E31003,E31003,E31003,7129,5408,388,0,7025,2573,292,2960,6396,505,7086,2975,3640
E31004,E31004,E31004,361,326,2,0,354,133,0,134,355,0,360,136,175
E31005,E31005,E31005,337,274,10,0,335,122,0,127,333,0,344,126,178
E31006,E31006,E31006,466,386,8,0,460,164,2,170,445,6,458,172,257
E31007,E31007,E31007,511,446,6,0,510,204,2,210,514,2,521,209,292
E31008,E31008,E31008,527,446,8,0,525,190,0,194,517,0,528,193,243
E31009,E31009,E31009,521,430,9,0,518,208,2,212,514,5,522,211,292
E31010,E31010,E31010,293,262,4,0,286,104,1,107,280,1,283,107,155
E31011,E31011,E31011,417,357,6,0,413,165,0,168,415,0,421,169,236
E31012,E31012,E31012,344,303,7,0,341,125,0,126,341,0,343,125,173
E31013,E31013,E31013,290,252,6,0,284,109,0,112,280,0,288,113,147
E31014,E31014,E31014,153,136,4,0,153,52,1,53,146,8,154,53,74
E31015,E31015,E31015,245,211,1,0,243,89,0,91,233,0,241,92,128
E31016,E31016,E31016,229,197,2,0,228,91,1,93,233,1,237,93,122
E31017,E31017,E31017,172,154,4,0,172,64,0,66,173,0,177,66,86
E31018,E31018,E31018,314,293,3,0,310,114,4,123,292,13,314,121,158
E31019,E31019,E31019,243,234,2,0,242,86,0,90,247,0,251,86,106
E31020,E31020,E31020,1002,875,16,0,984,342,3,354,953,5,972,349,498
E31021,E31021,E31021,174,159,1,0,172,69,2,72,169,4,174,72,92
E31022,E31022,E31022,190,171,5,0,190,64,0,65,192,0,194,64,77
E31023,E31023,E31023,473,413,4,0,468,170,1,175,459,3,468,175,226
E31024,E31024,E31024,615,528,7,0,605,234,3,243,588,5,602,244,327
E31025,E31025,E31025,681,591,17,0,674,254,2,263,656,3,674,265,398
E31026,E31026,E31026,1639,1297,31,0,1605,574,29,613,1420,45,1494,631,1208
E31028,E31028,E31028,579,524,3,0,575,202,0,206,574,0,579,202,265
E31029,E31029,E31029,177,148,9,0,171,59,0,61,167,0,173,66,87
E31030,E31030,E31030,301,276,4,0,298,100,2,108,280,6,300,105,129
E31031/31027,E31031/31027,E31031/31027,225,198,0,0,225,80,0,81,229,0,233,80,109
E31032,E31032,E31032,249,211,12,0,249,85,0,86,252,0,256,86,109
E31033,E31033,E31033,277,257,0,0,274,107,0,110,282,0,285,109,139
E31034,E31034,E31034,627,550,11,0,624,210,4,219,601,6,627,219,276
E31035,E31035,E31035,435,390,2,0,417,129,1,131,404,1,410,132,179
E31036,E31036,E31036,2074,1740,43,0,2055,773,42,833,1921,63,2022,838,1137
E31037,E31037,E31037,461,394,8,0,458,145,1,155,436,3,459,156,190
E31038,E31038,E31038,1261,1115,17,0,1254,476,9,499,1230,11,1271,502,651
E31039,E31039,E31039,346,313,5,0,345,120,0,123,343,0,351,122,155
E31040,E31040,E31040,238,208,2,0,238,88,0,89,234,0,235,88,103
E31041,E31041,E31041,1806,1612,51,0,1791,569,29,608,1705,46,1780,625,789
E31042,E31042,E31042,692,624,9,0,689,239,3,246,697,3,710,247,283
E31043,E31043,E31043,663,597,5,0,658,215,1,218,663,3,670,218,263
E31044,E31044,E31044,906,744,26,0,893,359,5,369,892,10,913,369,717
E31045,E31045,E31045,602,512,10,0,595,201,2,206,594,2,599,206,283
E31046,E31046,E31046,2543,2040,86,0,2512,853,95,964,2320,150,2507,972,1458
E31047,E31047,E31047,736,673,10,0,734,264,7,278,732,10,750,279,323
E31048,E31048,E31048,1830,1567,38,0,1788,614,14,634,1649,22,1681,641,847
E31049,E31049,E31049,309,272,0,0,305,99,0,104,294,0,305,104,136
E31050,E31050,E31050,414,351,9,0,413,143,0,145,407,0,415,145,182
E31051,E31051,E31051,215,189,0,0,211,76,0,76,223,0,223,76,99
E31052,E31052,E31052,2230,1970,46,0,2219,755,8,786,2173,15,2288,770,875
E31053,E31053,E31053,3557,2944,126,0,3507,1215,78,1307,3355,136,3521,1310,1682
E31054,E31054,E31054,474,394,19,0,467,170,3,178,459,4,473,178,222
E31055,E31055,E31055,422,378,2,0,422,116,0,126,332,0,371,120,147
E31056,E31056,E31056,782,651,30,0,777,264,2,273,755,3,781,276,348
E31057,E31057,E31057,1440,1225,29,0,1429,478,1,486,1416,1,1442,486,618
E31058,E31058,E31058,553,469,13,0,549,200,6,210,533,10,551,211,314
E31059,E31059,E31059,732,626,25,0,728,260,7,275,700,10,734,277,326
E31060,E31060,E31060,194,175,0,0,191,72,0,75,187,0,192,75,117
E31061,E31061,E31061,256,237,1,0,256,81,1,85,256,4,266,85,116
E31062,E31062,E31062,539,457,7,0,531,180,4,188,499,4,511,190,241
E31063,E31063,E31063,739,577,15,0,721,269,12,283,708,23,735,283,399
E31064,E31064,E31064,292,241,11,0,288,103,1,106,287,1,295,108,170
E31065,E31065,E31065,202,176,2,0,201,72,2,75,195,2,199,76,91
E31066,E31066,E31066,604,509,19,0,604,223,0,229,593,0,612,229,302
E31067/31069,E31067/31069,E31067/31069,160,152,1,0,160,62,0,64,163,0,167,63,90
E31068,E31068,E31068,132,118,4,0,131,45,0,48,125,0,131,46,71
E31070,E31070,E31070,190,159,6,0,190,63,1,67,184,2,191,66,78
E31072,E31072,E31072,307,283,1,0,307,119,0,120,308,0,311,121,164
E31073,E31073,E31073,1200,965,34,0,1196,461,4,467,1208,5,1215,468,630
E31074,E31074,E31074,201,149,12,0,194,66,1,70,187,2,197,74,100
E31075,E31075,E31075,242,202,10,0,241,85,0,86,251,0,252,86,107
E31076,E31076,E31076,241,207,1,0,241,82,0,85,225,0,235,85,102
E31077,E31077,E31077,366,305,7,0,361,129,1,132,363,2,367,132,156
E31078/31071,E31078/31071,E31078/31071,352,299,3,0,351,126,0,130,345,0,356,130,185
E31079,E31079,E31079,114,90,2,0,113,44,1,45,107,10,117,45,57
E31080,E31080,E31080,302,275,4,0,301,98,1,100,300,2,303,100,122
E31081,E31081,E31081,301,271,4,0,300,115,0,116,309,0,311,116,149
E31082,E31082,E31082,2538,2040,70,0,2517,937,34,984,2426,58,2513,985,1428
E32001,E32001,E32001,3649,2704,169,0,3624,1167,245,1486,3069,376,3566,1505,1985
E32002,E32002,E32002,3862,3390,58,0,3849,1328,53,1414,3693,80,3850,1414,1816
E32003,E32003,E32003,623,557,11,0,617,202,1,205,620,2,625,203,259
E32004,E32004,E32004,594,540,8,0,590,189,1,194,588,3,605,193,235
E32005,E32005,E32005,462,403,12,0,462,151,0,154,471,0,475,154,179
E32006,E32006,E32006,461,414,19,0,460,142,0,146,466,0,473,144,168
E32007,E32007,E32007,480,409,7,0,475,158,0,160,484,0,486,163,212
E32008,E32008,E32008,3224,2502,89,0,3117,1031,30,1077,2951,71,3057,1082,1317
E32009,E32009,E32009,388,339,1,0,384,128,0,128,392,0,392,128,150
E32010,E32010,E32010,1962,1677,46,0,1948,657,7,676,1921,12,1976,675,860
E32011,E32011,E32011,1169,915,50,0,1163,401,21,425,1137,43,1186,425,598
E32012,E32012,E32012,428,405,5,0,428,143,1,147,420,3,434,145,180
E32013,E32013,E32013,626,560,2,0,624,197,0,203,625,0,636,201,242
E32014,E32014,E32014,546,482,8,0,544,182,1,190,548,2,562,183,222
E32015,E32015,E32015,1512,947,40,0,1494,510,73,595,1349,127,1496,598,877
E32016,E32016,E32016,251,219,3,0,249,89,0,89,255,0,255,90,118
E32017,E32017,E32017,580,480,11,0,575,204,8,216,556,10,572,215,293
E32019,E32019,E32019,179,133,5,0,178,66,0,66,187,0,187,66,126
E32020,E32020,E32020,229,186,4,0,229,77,0,77,233,0,233,77,110
E32021,E32021,E32021,138,121,1,0,138,47,0,49,131,0,137,49,64
E32022,E32022,E32022,147,125,0,0,146,45,0,47,149,0,151,47,71
E32023,E32023,E32023,112,97,1,0,112,39,0,40,115,0,116,40,66
E32024,E32024,E32024,288,245,4,0,288,98,0,99,286,0,288,98,121
E32025/32028,E32025/32028,E32025/32028,203,164,3,0,203,71,0,74,202,0,211,74,104
E32026,E32026,E32026,399,259,2,0,393,138,14,159,367,17,403,158,228
E32027/32018,E32027/32018,E32027/32018,366,293,5,0,361,140,0,145,345,0,363,144,212
E32029,E32029,E32029,3134,2197,262,0,3108,972,51,1049,2984,96,3154,1051,1248
E32030,E32030,E32030,911,786,23,0,909,291,2,300,911,8,934,298,353
E32031,E32031,E32031,956,838,20,0,949,300,1,313,900,5,934,313,389
E32032,E32032,E32032,565,509,17,0,565,188,2,192,528,3,535,191,237
E32033,E32033,E32033,1116,968,26,0,1114,349,2,354,1111,4,1118,355,431
E32034,E32034,E32034,3943,3187,159,0,3897,1322,55,1408,3764,85,3915,1404,1848
E32035,E32035,E32035,734,532,11,0,714,230,5,239,683,9,706,240,332
E32036,E32036,E32036,925,780,10,0,921,322,21,346,895,34,935,347,483
E32037,E32037,E32037,343,298,2,0,338,119,0,125,325,0,339,126,163
E32038,E32038,E32038,460,426,2,0,459,140,0,143,470,0,478,142,183
E32039,E32039,E32039,975,859,16,0,973,337,2,347,973,4,991,349,460
E32040,E32040,E32040,762,676,26,0,754,240,2,251,726,2,748,249,367
E32041,E32041,E32041,1358,1196,26,0,1349,475,18,499,1319,29,1367,498,682
E32042,E32042,E32042,1378,1042,39,0,1363,522,62,608,1220,94,1375,612,949
E32043,E32043,E32043,208,196,3,0,208,62,0,64,206,0,208,64,84
E32044,E32044,E32044,478,419,13,0,471,165,0,173,469,0,482,173,209
E32045,E32045,E32045,571,526,10,0,568,194,1,198,558,1,564,201,244
E32046,E32046,E32046,417,347,7,0,412,141,0,143,418,0,420,143,180
E32047,E32047,E32047,282,253,6,0,280,90,0,93,275,0,282,93,132
E32048,E32048,E32048,7203,5088,593,0,7104,2258,105,2444,6323,183,6711,2458,3176
E32049,E32049,E32049,896,811,11,0,886,262,2,267,897,5,906,266,303
E32050,E32050,E32050,1068,951,11,0,1065,361,3,371,1043,9,1064,371,433
E32051,E32051,E32051,1592,1259,31,0,1590,645,34,691,1511,56,1598,692,923
E32052,E32052,E32052,280,248,6,0,280,96,0,97,276,0,284,97,115
E32053,E32053,E32053,438,399,3,0,431,160,0,160,446,0,446,162,215
E32054,E32054,E32054,584,534,7,0,577,190,3,197,582,5,592,196,256
E32055,E32055,E32055,708,654,11,0,705,220,0,228,695,0,716,228,268
E32056,E32056,E32056,389,357,9,0,388,116,0,122,371,0,389,122,148
E32057,E32057,E32057,709,614,12,0,705,226,0,237,699,0,725,236,284
E32058,E32058,E32058,416,380,5,0,412,140,1,143,415,1,419,144,179
E32059,E32059,E32059,615,550,15,0,614,203,0,207,600,0,611,207,257
E32060,E32060,E32060,535,478,4,0,532,177,0,183,533,0,542,181,221
E32061,E32061,E32061,539,494,9,0,538,165,2,173,524,2,545,172,213
E32062,E32062,E32062,538,481,9,0,534,174,0,181,540,0,551,180,221
E32063,E32063,E32063,403,344,6,0,395,136,1,139,372,2,376,138,197
E32064,E32064,E32064,479,382,8,0,471,165,7,176,461,9,482,180,391
E32065,E32065,E32065,369,335,9,0,369,128,0,131,378,0,385,131,158
E32066,E32066,E32066,1141,969,14,0,1122,400,5,421,1117,7,1155,415,561
E32067,E32067,E32067,584,534,7,0,578,192,2,199,578,2,590,199,255
E32068,E32068,E32068,1057,848,27,0,1053,376,5,391,1029,12,1060,393,509
E32069,E32069,E32069,440,407,7,0,440,149,1,151,448,5,454,151,198
E32070,E32070,E32070,501,451,8,0,496,156,0,161,509,0,516,162,193
E32071,E32071,E32071,465,444,2,0,464,149,1,154,457,1,468,154,187
E32072,E32072,E32072,335,275,3,0,332,132,2,137,332,4,349,137,183
E32073,E32073,E32073,1675,1412,49,0,1662,526,1,540,1665,1,1697,542,637
E32074,E32074,E32074,442,398,3,0,441,158,1,165,430,3,447,165,195
E32075,E32075,E32075,439,376,2,0,436,147,1,150,432,2,443,150,184
E32076,E32076,E32076,198,170,0,0,194,69,0,70,197,0,198,69,80
E32077,E32077,E32077,777,710,13,0,774,268,2,274,785,5,796,272,345
E32078,E32078,E32078,430,382,11,0,424,149,0,153,424,0,432,154,198
E32079,E32079,E32079,264,239,1,0,263,80,2,86,244,6,263,87,117
E32080,E32080,E32080,758,700,10,0,755,265,0,270,763,0,770,269,328
E32081,E32081,E32081,96,88,0,0,94,40,0,40,97,0,97,40,64
E32083,E32083,E32083,161,118,5,0,157,65,3,69,144,4,155,70,122
E32084/32082,E32084/32082,E32084/32082,152,144,1,0,151,55,0,56,154,0,155,55,88
E32085,E32085,E32085,342,263,8,0,338,79,1,80,223,5,228,82,122
E32086/32087,E32086/32087,E32086/32087,154,119,1,0,153,54,0,58,147,0,158,57,88
E32088,E32088,E32088,388,288,6,0,380,149,3,155,352,3,359,155,259
E32089,E32089,E32089,535,492,4,0,533,174,0,176,543,0,548,176,232
E32090,E32090,E32090,434,397,8,0,434,145,1,149,430,1,439,149,179
E32091,E32091,E32091,317,291,4,0,317,114,1,118,319,1,324,117,145
E32092,E32092,E32092,338,324,2,0,338,120,1,121,342,1,343,121,169
E32093,E32093,E32093,605,549,11,0,604,216,3,221,610,5,619,222,328
E33001,E33001,E33001,3452,2451,77,0,3395,1211,128,1357,3198,176,3411,1368,1828
E33002,E33002,E33002,1781,1223,81,0,1703,619,32,667,1538,46,1615,675,1604
E33003,E33003,E33003,1931,1246,97,0,1829,521,339,903,1167,495,1740,926,1622
E33004,E33004,E33004,692,570,15,0,663,243,7,257,648,12,683,262,595
E33005,E33005,E33005,1657,1339,14,0,1604,562,0,576,1613,0,1637,580,817
E33006,E33006,E33006,1855,1471,55,0,1831,703,63,779,1666,104,1793,784,1107
E33007,E33007,E33007,1063,787,30,0,1030,342,2,352,968,4,1002,351,568
E33008,E33008,E33008,419,317,5,0,413,149,2,152,418,4,424,152,189
E33009,E33009,E33009,391,338,6,0,388,129,0,131,396,0,401,131,167
E33010,E33010,E33010,283,168,0,0,245,80,0,82,246,0,249,81,108
E33011,E33011,E33011,638,514,7,0,628,221,2,239,612,2,641,233,336
E33012,E33012,E33012,150,125,0,0,149,59,0,61,158,0,163,61,99
E33013,E33013,E33013,386,328,9,0,385,136,0,137,390,0,391,137,207
E33014,E33014,E33014,847,696,21,0,834,283,2,288,833,6,848,290,350
E33015,E33015,E33015,325,255,3,0,310,110,1,113,304,1,307,113,296
E33016,E33016,E33016,4010,3105,133,0,3872,1432,68,1522,3699,113,3856,1533,1978
E33017,E33017,E33017,932,795,9,0,922,339,5,351,918,7,941,351,539
E33018,E33018,E33018,557,456,4,0,552,208,2,215,551,2,562,215,291
E33019,E33019,E33019,76,54,2,0,76,32,0,32,79,0,79,32,36
E33020,E33020,E33020,240,210,4,0,236,73,1,75,240,1,244,75,88
E33021,E33021,E33021,767,650,9,0,759,270,3,276,764,8,776,275,411
E33022,E33022,E33022,845,688,11,0,824,272,4,282,776,6,799,285,370
E33023,E33023,E33023,245,135,14,0,186,52,0,53,145,0,146,54,79
E33024,E33024,E33024,396,288,3,0,393,158,1,164,383,3,395,165,226
E33025,E33025,E33025,1594,1319,49,0,1571,566,4,582,1580,6,1609,578,860
E33026,E33026,E33026,305,246,2,0,295,107,0,107,295,0,295,110,158
E33027,E33027,E33027,128,87,5,0,128,48,0,50,128,0,130,50,63
E33028,E33028,E33028,594,502,9,0,590,196,1,200,598,1,605,200,258
E33029,E33029,E33029,754,547,19,0,683,223,6,229,625,11,636,244,767
E33030,E33030,E33030,266,220,2,0,262,96,0,99,258,0,267,99,147
E33031,E33031,E33031,764,600,15,0,742,297,8,309,738,10,756,311,488
E33032,E33032,E33032,2149,1653,29,0,2106,806,25,841,2057,33,2110,846,1318
E33033,E33033,E33033,234,198,2,0,231,77,0,81,231,0,238,79,129
E33034,E33034,E33034,934,713,16,0,893,329,7,343,854,12,883,349,882
E33035,E33035,E33035,769,609,7,0,758,269,1,279,743,3,764,276,445
E33036,E33036,E33036,1705,1328,13,0,1665,639,9,658,1666,15,1692,656,1017
E33037,E33037,E33037,2885,2111,59,0,2819,1048,34,1111,2720,61,2850,1126,1775
E33038,E33038,E33038,1412,1078,18,0,1357,511,5,527,1349,7,1388,541,929
E33039,E33039,E33039,2354,1699,32,0,2300,874,5,886,2331,8,2354,898,1509
E33040,E33040,E33040,514,368,24,0,497,209,3,212,511,6,517,213,440
E33041,E33041,E33041,1194,952,14,0,1179,435,30,467,1140,48,1191,470,711
E33042,E33042,E33042,160,130,1,0,154,53,0,56,149,0,153,56,98
E33043,E33043,E33043,121,113,0,0,121,52,0,52,121,0,121,52,89
E33044,E33044,E33044,358,298,8,0,347,123,1,129,354,3,363,130,226
E33045,E33045,E33045,662,557,6,0,643,248,3,254,639,8,656,257,689
E33046,E33046,E33046,85,72,0,0,85,33,1,37,79,2,90,37,70
E33047,E33047,E33047,1931,1509,39,0,1900,683,59,760,1781,74,1891,766,1123
E33048,E33048,E33048,313,279,1,0,313,111,1,113,320,1,322,112,161
E33049,E33049,E33049,745,649,16,0,743,286,2,290,752,5,763,292,470
E33050,E33050,E33050,677,592,10,0,672,231,5,241,666,8,684,242,372
E33051,E33051,E33051,179,152,1,0,179,63,0,66,176,0,181,64,112
E33052,E33052,E33052,1508,1267,20,0,1495,542,22,578,1432,40,1512,581,846
E33053,E33053,E33053,181,151,2,0,179,68,4,76,163,6,179,78,123
E33054,E33054,E33054,94,83,2,0,93,38,0,39,88,0,89,40,75
E33055,E33055,E33055,686,594,12,0,677,242,14,260,655,20,687,260,447
E33056,E33056,E33056,379,326,4,0,371,142,1,150,367,2,388,152,295
E33057,E33057,E33057,2341,2032,34,0,2322,779,36,834,2210,49,2297,833,1110
E33058,E33058,E33058,578,520,7,0,567,203,4,209,568,11,586,211,326
E33059,E33059,E33059,708,530,13,0,692,275,2,282,677,2,691,286,534
E33060,E33060,E33060,309,256,8,0,297,105,1,108,307,1,314,111,210
E33061,E33061,E33061,783,607,14,0,764,276,1,285,751,3,779,288,517
E33062,E33062,E33062,365,316,4,0,363,136,3,140,358,8,367,141,261
E33063,E33063,E33063,211,183,2,0,209,76,0,79,217,0,224,79,132
E33064,E33064,E33064,1582,1177,10,0,1516,613,1,619,1534,1,1547,637,1219
E33065,E33065,E33065,114,99,2,0,114,41,0,44,112,0,117,41,69
E33066,E33066,E33066,741,575,9,0,707,259,4,267,699,10,714,268,520
E33067,E33067,E33067,1394,1126,16,0,1359,430,3,437,1350,3,1366,442,744
E33068,E33068,E33068,1324,710,12,0,1296,443,6,453,1327,9,1348,459,518
E33069,E33069,E33069,3749,2681,76,0,3702,1255,15,1286,3688,29,3769,1291,1634
E33070,E33070,E33070,1422,829,8,0,1387,466,5,481,1390,9,1423,489,564
E33071,E33071,E33071,2375,1842,71,0,2345,852,50,906,2278,77,2359,914,1244
E33072,E33072,E33072,950,791,16,0,944,301,5,313,943,9,976,310,449
E33073,E33073,E33073,680,507,14,0,676,236,1,237,687,1,688,238,321
E33074,E33074,E33074,1345,887,13,0,1326,428,1,434,1332,2,1347,436,511
E33075,E33075,E33075,955,745,6,0,926,334,2,338,931,2,938,346,646
E33076,E33076,E33076,705,559,14,0,700,228,0,237,691,0,717,234,377
E33077,E33077,E33077,694,560,9,0,689,239,1,244,690,1,704,243,426
E33078,E33078,E33078,1670,1086,28,0,1626,512,23,543,1525,41,1585,554,844
E33079,E33079,E33079,758,624,7,0,749,247,2,251,750,7,761,251,307
E33080,E33080,E33080,824,657,3,0,815,272,4,281,816,9,837,281,409
E33081,E33081,E33081,1277,985,38,0,1263,410,15,428,1163,19,1191,433,562
E33082,E33082,E33082,973,681,13,0,958,334,4,345,951,5,972,350,782
E33083,E33083,E33083,857,702,7,0,844,272,0,275,863,0,871,279,360
E33084,E33084,E33084,448,323,4,0,448,147,0,149,458,0,460,148,204
E33085,E33085,E33085,2203,939,35,0,2176,739,21,775,2148,25,2210,779,918
E33086,E33086,E33086,1860,883,8,0,1802,620,4,639,1783,4,1827,646,761
E33087,E33087,E33087,681,551,3,0,661,231,8,244,637,14,666,251,425
E33088,E33088,E33088,909,752,6,0,899,266,1,273,902,1,918,270,329
E33089,E33089,E33089,2343,1707,44,0,2284,831,60,903,2205,82,2313,918,1364
E33090,E33090,E33090,980,745,7,0,975,313,16,337,961,19,1000,335,402
E33091,E33091,E33091,895,588,10,0,863,293,1,300,875,1,885,304,403
E33092,E33092,E33092,1378,1169,17,0,1364,435,27,465,1328,36,1372,466,639
E33093,E33093,E33093,724,428,14,0,698,238,1,247,695,1,717,247,299
E33094,E33094,E33094,312,256,3,0,308,124,0,127,312,0,315,124,189
E33095,E33095,E33095,1078,583,15,0,1059,338,4,346,1048,6,1070,350,434
E33096,E33096,E33096,2201,1577,87,0,2183,726,12,746,2161,26,2205,747,896
E33097,E33097,E33097,3477,2768,136,0,3440,1196,3,1210,3463,4,3493,1211,1407
E33098,E33098,E33098,356,291,4,0,354,127,3,132,350,6,360,133,182
E33099,E33099,E33099,1534,1164,52,0,1517,507,34,544,1479,52,1536,549,635
E33100,E33100,E33100,1626,1228,98,0,1616,521,8,535,1610,11,1634,539,636
E33101,E33101,E33101,201,174,3,0,200,67,0,68,200,0,201,67,85
E33102,E33102,E33102,1174,961,33,0,1169,376,3,387,1165,4,1189,388,440
E33103,E33103,E33103,473,416,8,0,468,153,0,154,475,0,476,154,180
E33104,E33104,E33104,1019,904,4,0,1016,317,0,324,1002,0,1015,321,363
E33105,E33105,E33105,11235,8044,943,0,11071,3801,312,4198,10171,459,10836,4246,5311
E33106,E33106,E33106,1722,1499,16,0,1711,486,1,500,1645,4,1690,491,542
E33107,E33107,E33107,1171,915,18,0,1150,397,6,408,1149,10,1176,411,516
E33108,E33108,E33108,106,89,0,0,105,34,0,34,102,0,102,34,35
E33109,E33109,E33109,949,811,21,0,947,291,1,300,945,1,960,295,348
E33110,E33110,E33110,622,508,12,0,617,203,1,206,590,1,595,206,253
E33111,E33111,E33111,918,724,13,0,911,316,17,347,877,20,925,344,656
E33112,E33112,E33112,885,734,12,0,870,283,1,295,847,5,875,292,473
E33113,E33113,E33113,625,557,4,0,613,209,1,219,601,2,627,218,294
E33114,E33114,E33114,570,470,5,0,542,195,3,214,522,4,563,209,424
E33115,E33115,E33115,435,381,1,0,427,155,2,161,426,3,435,165,275
E33116,E33116,E33116,251,178,3,0,240,93,0,97,229,0,239,99,272
E33117,E33117,E33117,466,364,7,0,452,155,0,156,463,0,464,156,216
E33118,E33118,E33118,350,272,4,0,331,123,1,127,322,2,335,129,382
E33119,E33119,E33119,103,83,1,0,102,35,1,36,102,1,103,36,69
E33120,E33120,E33120,1432,1194,16,0,1428,471,16,493,1377,19,1410,494,595
E33121,E33121,E33121,291,215,3,0,287,109,1,113,286,2,292,113,205
E33122,E33122,E33122,314,266,4,0,313,90,0,93,306,0,317,92,121
E33123,E33123,E33123,1530,1221,29,0,1512,535,13,561,1511,22,1554,562,804
E33124,E33124,E33124,2363,1932,35,0,2343,804,23,851,2248,39,2350,856,1114
E33125,E33125,E33125,863,684,10,0,848,301,3,315,797,6,834,316,800
E33126,E33126,E33126,922,656,9,0,831,298,1,309,795,3,818,317,891
E33127,E33127,E33127,261,230,1,0,259,95,0,98,257,0,266,98,133
E33128,E33128,E33128,492,423,4,0,485,169,0,170,494,0,498,170,224
E33129,E33129,E33129,410,373,1,0,409,143,1,144,408,4,412,144,180
E33130,E33130,E33130,1311,1043,12,0,1305,447,9,463,1293,10,1321,464,581
E33131,E33131,E33131,895,783,9,0,889,284,3,294,893,5,906,292,384
E33132,E33132,E33132,707,572,5,0,698,229,1,234,696,4,705,234,273
E33133,E33133,E33133,1466,1111,3,0,1452,493,4,504,1461,8,1486,503,570
E33134,E33134,E33134,2215,1669,25,0,2189,758,47,821,2111,65,2218,822,973
E33135,E33135,E33135,2372,1990,33,0,2363,805,16,837,2293,25,2350,840,1003
E33136,E33136,E33136,1059,844,34,0,1052,377,2,383,1056,4,1066,384,473
E33137,E33137,E33137,449,341,2,0,445,152,0,155,451,0,456,154,189
E33138,E33138,E33138,957,760,8,0,953,340,3,344,969,8,979,343,433
E33139,E33139,E33139,1591,1314,12,0,1577,494,2,507,1542,10,1581,504,603
E33140,E33140,E33140,371,297,2,0,366,125,0,125,379,0,379,125,151
E33141,E33141,E33141,1137,944,9,0,1131,409,6,421,1123,13,1146,423,515
E33142,E33142,E33142,1796,1438,26,0,1783,595,14,618,1774,23,1829,618,703
E33143,E33143,E33143,412,337,5,0,405,127,0,133,396,0,410,132,156
E33144,E33144,E33144,111,101,0,0,108,37,0,37,110,0,110,37,47
E33145,E33145,E33145,1552,1334,14,0,1548,549,20,587,1470,30,1548,589,719
E33146,E33146,E33146,1404,1078,4,0,1391,468,17,501,1335,30,1405,503,589
E33147,E33147,E33147,4536,3551,147,0,4480,1578,102,1694,4196,145,4371,1699,2102
E33148,E33148,E33148,764,596,1,0,756,252,1,259,742,5,761,257,299
E33149,E33149,E33149,618,428,4,0,605,193,0,195,613,0,619,198,232
E34001,E34001,E34001,1978,1401,102,0,1957,740,76,830,1787,126,1955,836,1028
E34002,E34002,E34002,900,580,27,0,892,301,133,442,631,236,882,442,575
E34003,E34003,E34003,960,596,66,0,946,385,39,438,872,68,967,438,608
E34004,E34004,E34004,2189,1249,130,0,2165,596,308,928,1449,538,2029,930,1250
E34005,E34005,E34005,951,826,19,0,938,299,2,302,948,2,951,303,359
E34006,E34006,E34006,663,595,7,0,660,207,5,216,671,6,682,213,253
E34007,E34007,E34007,3677,2770,130,0,3640,1251,38,1304,3565,68,3686,1309,1492
E34008,E34008,E34008,271,231,2,0,271,95,1,96,272,5,277,97,122
E34009,E34009,E34009,656,579,6,0,656,191,0,194,606,0,610,191,231
E34010,E34010,E34010,674,605,10,0,672,207,2,213,666,4,685,210,239
E34011,E34011,E34011,523,461,7,0,521,170,0,174,511,0,523,174,188
E34012,E34012,E34012,444,389,6,0,438,138,1,147,420,1,443,144,174
E34013,E34013,E34013,683,573,14,0,678,223,1,225,687,1,690,225,261
E34014,E34014,E34014,681,628,5,0,679,220,2,227,668,7,688,225,253
E34015,E34015,E34015,1010,895,8,0,1002,352,6,364,1006,8,1027,362,412
E34016,E34016,E34016,625,502,2,0,614,196,0,196,625,0,625,197,222
E34017,E34017,E34017,648,578,8,0,645,199,1,201,652,1,654,202,228
E34018,E34018,E34018,610,547,7,0,608,198,1,206,606,1,622,203,235
E34019,E34019,E34019,460,423,2,0,456,161,1,164,456,1,461,162,185
E34020,E34020,E34020,581,462,8,0,573,204,3,209,593,6,602,208,237
E34021,E34021,E34021,1528,1181,28,0,1516,547,2,555,1484,4,1504,557,640
E34022,E34022,E34022,298,224,13,0,293,132,27,162,247,45,295,163,282
E34023,E34023,E34023,291,248,13,0,283,81,4,85,278,10,288,85,100
E34024,E34024,E34024,777,642,1,0,775,240,0,243,779,0,788,243,292
E34025,E34025,E34025,607,463,10,0,605,199,4,208,592,8,610,206,247
E34026,E34026,E34026,333,289,2,0,329,110,0,112,335,0,337,111,138
E34027,E34027,E34027,3715,2757,120,0,3690,1229,53,1317,3471,76,3645,1316,1471
E34028,E34028,E34028,667,505,8,0,661,226,4,233,657,5,671,233,280
E34029,E34029,E34029,612,561,6,0,608,199,1,201,613,3,622,200,238
E34030,E34030,E34030,1166,1019,11,0,1160,390,6,402,1155,9,1178,400,458
E34031,E34031,E34031,433,381,3,0,430,142,1,145,433,4,443,145,172
E34032,E34032,E34032,561,479,10,0,554,188,8,197,549,11,561,197,222
E34033,E34033,E34033,363,271,4,0,359,128,0,134,349,0,367,129,142
E34034,E34034,E34034,339,295,4,0,338,105,1,108,331,4,337,107,130
E34035,E34035,E34035,376,331,4,0,367,108,1,116,336,1,349,114,146
E34036,E34036,E34036,1616,1238,13,0,1601,564,5,573,1556,7,1571,572,649
E34037,E34037,E34037,458,432,1,0,456,160,0,165,455,0,464,163,203
E34038,E34038,E34038,660,553,5,0,651,222,1,236,635,2,664,236,301
E34039,E34039,E34039,701,603,6,0,684,236,1,237,691,1,692,239,298
E34040,E34040,E34040,187,168,2,0,186,65,0,66,184,0,192,66,80
E34041,E34041,E34041,98,78,0,0,98,33,0,34,99,0,100,34,44
E34042,E34042,E34042,369,340,7,0,367,123,0,123,368,0,368,123,148
E34043,E34043,E34043,203,178,3,0,199,63,1,65,200,3,204,65,76
E34044,E34044,E34044,395,352,1,0,392,135,0,139,396,0,400,136,155
E34045,E34045,E34045,798,675,4,0,794,281,6,287,810,14,824,288,337
E34046,E34046,E34046,395,333,1,0,393,124,1,127,408,1,414,127,142
E34047,E34047,E34047,1129,884,6,0,1122,358,5,372,1116,13,1155,372,425
E34048,E34048,E34048,1606,1193,154,0,1585,468,51,522,1360,155,1521,522,574
E34049,E34049,E34049,298,242,7,0,296,94,1,96,295,1,300,96,114
E34050,E34050,E34050,495,432,9,0,491,158,0,162,492,0,498,159,189
E34051,E34051,E34051,966,776,15,0,960,310,0,316,963,0,986,315,350
E34052,E34052,E34052,472,372,9,0,468,162,2,168,477,2,487,167,196
E34053,E34053,E34053,701,554,8,0,699,236,5,242,699,7,711,243,305
E34054,E34054,E34054,272,195,1,0,270,96,0,97,273,0,274,96,115
E34055,E34055,E34055,691,596,9,0,685,208,1,213,684,1,693,210,227
E34056,E34056,E34056,982,828,10,0,980,339,1,342,1017,1,1022,341,407
E34057,E34057,E34057,1230,871,19,0,1224,426,10,443,1220,21,1258,443,494
E34058,E34058,E34058,492,398,4,0,487,157,1,159,490,1,492,160,182
E34059,E34059,E34059,472,354,6,0,469,139,1,145,463,2,481,145,178
E34060,E34060,E34060,857,607,16,0,831,289,3,297,830,7,851,297,379
E34061,E34061,E34061,568,499,10,0,560,175,2,183,555,3,579,181,213
E34062,E34062,E34062,519,453,4,0,516,187,1,191,527,1,537,191,206
E34063,E34063,E34063,6204,4226,178,0,6137,2119,58,2206,5991,122,6200,2211,2495
E34064,E34064,E34064,903,753,8,0,896,285,2,292,904,3,921,290,330
E34065,E34065,E34065,1155,979,25,0,1149,370,4,380,1156,9,1178,381,428
E34066,E34066,E34066,219,184,6,0,217,70,2,73,212,9,224,74,96
E34067,E34067,E34067,648,511,14,0,633,194,0,202,616,0,643,204,260
E34068,E34068,E34068,871,727,12,0,855,288,1,294,873,1,882,294,363
E34069,E34069,E34069,942,712,16,0,933,298,4,306,943,5,958,306,336
E34070,E34070,E34070,661,594,5,0,660,211,2,217,660,7,675,217,251
