"ed2022_ed11form","ed2022_ed11form-2","ed2022_ed11form-3","w0101104","w020100","w020105","w020106","w020103","w060100","w060101","w060104","w060105","w060106","w060109","w060800","w060804"
"E01001","E01001","E01001",5049,3516,497,4864,83,1424,725,2152,3388,1353,4745,2182,2493
"E01002","E01002","E01002",1655,1288,116,1648,17,519,194,713,1259,375,1634,715,802
"E01003","E01003","E01003",548,503,10,543,0,196,0,199,562,0,568,198,226
"E01004","E01004","E01004",1226,1097,28,1215,4,422,13,436,1202,28,1231,435,487
"E01005","E01005","E01005",314,282,12,313,0,100,0,101,316,0,317,101,110
"E01006","E01006","E01006",371,335,9,367,0,132,0,132,379,0,379,133,150
"E01007","E01007","E01007",792,698,30,792,0,271,0,272,802,0,804,271,308
"E01008","E01008","E01008",931,822,25,925,0,334,3,338,924,9,935,337,378
"E01009","E01009","E01009",348,320,12,347,4,114,0,115,349,0,353,115,127
"E01010","E01010","E01010",327,297,12,325,0,112,0,112,332,0,332,112,134
"E01011","E01011","E01011",419,397,8,417,0,135,0,137,427,0,431,135,149
"E01012","E01012","E01012",1122,1019,15,1118,11,385,9,395,1119,11,1131,394,410
"E01013","E01013","E01013",599,551,13,599,0,208,0,210,608,0,610,208,224
"E01014","E01014","E01014",788,678,22,786,17,243,8,251,745,21,766,253,278
"E01015","E01015","E01015",451,406,6,446,0,156,0,158,445,0,451,156,169
"E01016","E01016","E01016",351,331,4,347,0,120,0,120,352,0,352,120,133
"E01017","E01017","E01017",1084,908,25,1073,15,386,5,392,1033,9,1043,392,465
"E01018","E01018","E01018",529,499,8,527,1,171,1,172,525,2,527,172,186
"E01019","E01019","E01019",16203,12119,1228,16094,135,5523,237,5763,15720,426,16155,5792,6191
"E01020","E01020","E01020",1138,1016,20,1129,0,387,1,393,1143,1,1156,389,406
"E01021","E01021","E01021",1105,1012,17,1100,0,374,5,380,1101,11,1113,384,444
"E01022","E01022","E01022",560,513,7,559,1,185,1,192,543,4,562,187,206
"E01023","E01023","E01023",1218,1020,33,1212,4,390,28,418,1155,58,1213,420,461
"E01024","E01024","E01024",857,774,16,854,2,274,1,275,853,2,855,276,303
"E01025","E01025","E01025",648,598,6,642,0,212,3,217,638,8,650,215,249
"E01026","E01026","E01026",589,512,11,581,4,193,0,193,545,0,545,195,210
"E01027","E01027","E01027",610,572,5,607,0,206,1,207,616,1,617,208,223
"E01028","E01028","E01028",982,895,20,976,0,346,7,355,984,13,1002,356,387
"E01029","E01029","E01029",458,417,5,454,0,164,0,164,464,0,464,164,177
"E01030","E01030","E01030",458,409,8,452,0,158,0,160,460,0,464,158,190
"E01031","E01031","E01031",395,364,14,394,0,118,0,119,398,0,399,118,125
"E01032","E01032","E01032",1679,1456,55,1667,12,591,43,637,1561,82,1647,635,704
"E01033","E01033","E01033",719,648,22,716,0,237,0,238,720,0,721,238,266
"E01034","E01034","E01034",2945,2447,102,2928,13,1065,85,1150,2787,162,2949,1152,1260
"E01035","E01035","E01035",603,527,9,601,0,216,2,219,608,2,611,218,238
"E01036","E01036","E01036",893,835,3,881,0,290,1,294,882,1,890,291,318
"E01037","E01037","E01037",606,549,8,604,1,198,0,199,606,0,609,199,219
"E01038","E01038","E01038",137,114,3,131,0,52,0,53,133,0,134,52,73
"E01039","E01039","E01039",438,409,5,436,0,133,0,135,393,0,395,134,145
"E01040","E01040","E01040",1139,1044,12,1127,3,345,1,350,1132,1,1140,349,380
"E01041","E01041","E01041",298,269,9,295,0,90,1,92,298,2,304,91,102
"E01042","E01042","E01042",568,521,19,568,0,186,0,187,580,0,582,186,206
"E01043","E01043","E01043",559,515,5,559,0,192,0,192,566,0,566,192,208
"E01044","E01044","E01044",487,419,22,484,0,159,0,160,501,0,504,159,175
"E01045","E01045","E01045",470,434,10,466,0,158,0,160,463,0,469,159,176
"E01046","E01046","E01046",618,546,5,616,2,197,0,198,609,0,610,200,220
"E01047","E01047","E01047",952,744,50,933,16,297,0,301,797,0,805,301,338
"E01048","E01048","E01048",4397,3310,165,4380,16,1465,156,1621,4094,360,4454,1624,1728
"E01049","E01049","E01049",282,268,1,282,0,94,1,95,284,2,286,95,120
"E01050","E01050","E01050",211,181,3,211,0,75,0,75,212,0,212,75,90
"E01051","E01051","E01051",395,364,4,392,0,133,1,136,403,1,408,135,172
"E01052","E01052","E01052",360,336,7,358,0,121,0,121,364,0,364,121,139
"E01053","E01053","E01053",433,401,3,430,0,130,0,132,427,0,431,131,157
"E01054","E01054","E01054",654,587,6,652,0,242,9,252,634,14,651,254,322
"E02001","E02001","E02001",1784,1054,325,1767,51,476,220,697,1193,477,1671,700,780
"E02002","E02002","E02002",5529,2443,1303,5443,192,420,1280,1705,952,3024,3988,1718,1899
"E02003","E02003","E02003",4646,2070,1092,4382,142,153,1746,1900,400,3831,4233,1915,2161
"E02004","E02004","E02004",3308,2124,402,3224,43,874,441,1316,1978,779,2759,1321,1513
"E02005","E02005","E02005",3377,2478,346,3351,18,1206,440,1647,2635,778,3415,1657,1835
"E02006","E02006","E02006",12094,8653,1368,12002,363,2565,1986,4552,7464,4592,12058,4560,4864
"E02007","E02007","E02007",2843,2367,187,2814,12,907,150,1057,2492,321,2813,1065,1173
"E02008","E02008","E02008",5863,5042,249,5829,81,1529,597,2128,4518,1264,5790,2128,2235
"E02009","E02009","E02009",4004,2802,523,3956,52,901,770,1672,2321,1617,3939,1683,1900
"E02010","E02010","E02010",4184,1979,1075,3973,103,638,1037,1675,1709,2077,3786,1691,1885
"E02011","E02011","E02011",3602,2792,285,3586,84,882,426,1308,2566,1062,3628,1312,1415
"E02012","E02012","E02012",1930,1714,72,1916,5,617,88,705,1616,134,1750,708,777
"E02013","E02013","E02013",3646,3219,129,3609,22,1258,65,1323,3450,102,3552,1325,1409
"E02014","E02014","E02014",2526,2172,117,2514,7,908,65,973,2417,125,2542,976,1026
"E02015","E02015","E02015",5735,4130,654,5720,240,1117,825,1942,3675,2117,5792,1945,2053
"E02016","E02016","E02016",4273,3592,204,4218,53,1113,373,1513,3201,955,4229,1494,1561
"E02017","E02017","E02017",5729,4750,323,5711,47,1567,539,2111,4432,1234,5676,2126,2282
"E02018","E02018","E02018",2551,2049,177,2550,26,714,258,975,1966,600,2570,977,1019
"E02019","E02019","E02019",1674,1432,85,1657,5,597,1,599,1655,3,1661,603,639
"E02020","E02020","E02020",2359,2113,108,2349,4,882,13,895,2335,39,2374,897,959
"E02021","E02021","E02021",2668,2254,149,2639,26,1007,3,1012,2659,4,2666,1017,1099
"E02022","E02022","E02022",5103,4106,394,5061,246,1270,262,1532,3594,581,4175,1534,1631
"E02023","E02023","E02023",3382,2744,240,3358,32,1081,245,1327,2873,518,3394,1328,1450
"E02024","E02024","E02024",2085,1768,128,2065,22,753,1,754,2098,1,2099,755,780
"E02025","E02025","E02025",1941,1705,85,1927,3,760,1,762,1942,7,1952,769,845
"E02026","E02026","E02026",3893,3228,276,3881,38,1260,117,1377,3633,292,3925,1383,1457
"E02027","E02027","E02027",3331,2583,314,3312,37,826,529,1355,2171,1070,3241,1363,1525
"E02028","E02028","E02028",3606,2681,379,3534,32,983,464,1447,2733,847,3580,1456,1632
"E02029","E02029","E02029",2362,1661,287,2344,17,644,300,945,1854,553,2409,951,1039
"E02030","E02030","E02030",5910,3906,808,5867,87,1357,907,2584,3805,1601,5994,2597,2817
"E02031","E02031","E02031",3746,3041,307,3734,24,1342,185,1529,3334,387,3724,1536,1677
"E02032","E02032","E02032",4239,2721,710,4197,64,910,862,1867,2419,1623,4176,1880,2083
"E02033","E02033","E02033",1441,1324,33,1436,1,532,9,541,1440,9,1449,542,572
"E02034","E02034","E02034",2646,2239,187,2638,19,911,183,1094,2418,264,2682,1098,1160
"E02035","E02035","E02035",2883,2381,210,2858,15,1019,54,1073,2684,108,2792,1077,1162
"E02036","E02036","E02036",2816,2156,244,2789,43,852,204,1113,2315,455,2828,1114,1209
"E02037","E02037","E02037",3626,3122,150,3583,16,1134,224,1358,3262,328,3590,1361,1478
"E02038","E02038","E02038",7204,5831,435,7132,56,2104,627,2732,6009,1214,7227,2744,3104
"E02039","E02039","E02039",3189,2634,215,3146,12,937,256,1193,2654,440,3094,1197,1323
"E02040","E02040","E02040",2859,2407,146,2807,11,884,159,1043,2579,234,2813,1050,1164
"E02041","E02041","E02041",1748,1514,74,1729,8,530,66,596,1515,133,1648,599,650
"E02042","E02042","E02042",3758,3071,250,3739,53,1265,178,1443,3418,366,3784,1447,1569
"E02043","E02043","E02043",2395,2057,122,2375,7,955,64,1021,2324,78,2405,1022,1096
"E02044","E02044","E02044",4130,2960,468,4074,64,885,864,1749,2389,1669,4058,1757,1951
"E02045","E02045","E02045",2530,1675,378,2512,39,779,317,1096,1967,554,2521,1104,1218
"E02046","E02046","E02046",2483,2113,114,2470,6,913,42,955,2430,76,2506,959,1035
"E02047","E02047","E02047",5923,4123,775,5854,68,1295,944,2239,3711,2073,5784,2257,2473
"E02048","E02048","E02048",1889,1247,265,1878,51,361,477,838,906,959,1865,844,938
"E02049","E02049","E02049",3337,2646,237,3242,11,1202,83,1285,3106,163,3269,1297,1462
"E02050","E02050","E02050",2831,2488,107,2824,18,907,100,1007,2465,202,2667,1009,1071
"E02051","E02051","E02051",3205,2914,89,3196,5,1118,4,1133,3175,8,3207,1124,1197
"E02052","E02052","E02052",2922,2626,114,2910,2,988,106,1094,2830,125,2955,1095,1179
"E02053","E02053","E02053",3678,3157,159,3657,12,1286,79,1365,3507,179,3686,1370,1467
"E02054","E02054","E02054",2909,2572,113,2891,1,999,48,1047,2842,61,2903,1049,1143
"E02055","E02055","E02055",4457,3577,311,4437,22,1046,534,1581,3164,1243,4409,1583,1767
"E02056","E02056","E02056",2566,2386,36,2558,0,872,5,877,2575,11,2586,877,930
"E02057","E02057","E02057",2543,2318,87,2542,1,820,89,909,2385,179,2564,911,957
"E02058","E02058","E02058",6272,5115,455,6207,65,1993,337,2331,5419,708,6128,2341,2542
"E02059","E02059","E02059",12598,9311,1243,12489,340,2943,1223,4166,9733,2915,12648,4173,4373
"E02060","E02060","E02060",7438,4871,1135,7399,126,1469,1221,2692,4573,2910,7488,2698,2843
"E02061","E02061","E02061",3086,2762,111,3068,1,1106,19,1125,3026,33,3059,1127,1187
"E02062","E02062","E02062",3952,3396,198,3916,13,1416,50,1467,3815,108,3925,1467,1537
"E02063","E02063","E02063",2578,2202,143,2563,23,898,69,967,2424,162,2586,968,1026
"E02064","E02064","E02064",2848,2497,110,2822,7,1053,42,1095,2770,48,2818,1097,1163
"E02065","E02065","E02065",2921,2477,148,2897,22,975,47,1022,2810,98,2908,1026,1094
"E02066","E02066","E02066",4033,2562,704,3967,89,596,478,1076,1534,1005,2542,1081,1231
"E02067","E02067","E02067",4537,2213,1246,4434,148,672,1123,1797,1686,2333,4023,1812,2068
"E02068","E02068","E02068",3087,1628,759,2959,98,340,808,1160,729,1882,2631,1167,1310
"E02069","E02069","E02069",3678,2931,270,3667,111,964,237,1201,3121,591,3712,1203,1288
"E02070","E02070","E02070",2546,2227,125,2543,68,810,121,931,2375,205,2580,932,1054
"E02071","E02071","E02071",1413,1288,41,1413,0,477,23,500,1369,57,1426,503,541
"E02072","E02072","E02072",2149,1899,98,2133,3,769,30,799,2081,48,2129,800,852
"E02073","E02073","E02073",7374,3444,1840,6877,278,296,1870,2166,846,4677,5523,2202,2454
"E02074","E02074","E02074",4537,1583,1518,4387,205,223,1613,1842,633,3661,4302,1862,2068
"E02075","E02075","E02075",6749,2755,1774,6271,337,79,2108,2187,219,5197,5416,2206,2479
"E02076","E02076","E02076",1406,1000,173,1398,20,494,150,644,1155,286,1441,646,741
"E02077","E02077","E02077",10173,5332,1746,9682,412,1382,2128,3514,3512,4687,8203,3547,4064
"E02078","E02078","E02078",4328,2225,821,4129,362,529,1125,1663,1411,2513,3936,1671,1949
"E02079","E02079","E02079",1465,889,242,1461,54,66,557,624,142,1120,1263,629,711
"E02080","E02080","E02080",1574,1404,51,1563,0,434,90,524,1308,214,1522,525,552
"E02081","E02081","E02081",2794,2532,89,2791,4,778,24,857,2565,94,2816,803,833
"E02082","E02082","E02082",4883,3996,295,4829,61,917,693,1634,2984,1633,4661,1613,1678
"E02083","E02083","E02083",2653,2339,125,2642,14,845,72,919,2513,155,2675,920,1012
"E02084","E02084","E02084",2771,2496,87,2759,17,944,0,944,2786,0,2786,944,984
"E02085","E02085","E02085",2553,2278,79,2523,9,835,64,900,2398,137,2536,903,966
"E02086","E02086","E02086",2262,1887,116,2241,29,746,105,851,2076,188,2264,854,934
"E02087","E02087","E02087",3919,3220,248,3874,30,1219,322,1543,3292,606,3904,1549,1713
"E02088","E02088","E02088",6528,2820,1850,5963,135,27,2113,2143,72,5094,5174,2166,2413
"E02089","E02089","E02089",3589,1634,892,3393,145,39,1223,1262,116,2935,3051,1263,1311
"E02090","E02090","E02090",3117,2486,272,3042,62,952,103,1072,2663,142,2830,1080,1173
"E02091","E02091","E02091",4371,3392,347,4320,89,1440,226,1669,3795,584,4386,1681,1898
"E02092","E02092","E02092",2908,2054,391,2880,114,795,335,1131,2146,744,2894,1137,1241
"E02093","E02093","E02093",3279,2405,359,3168,64,814,331,1145,2019,750,2769,1149,1262
"E02094","E02094","E02094",3397,2553,296,3380,61,613,872,1489,1579,1664,3257,1498,1597
"E02095","E02095","E02095",3465,2894,191,3432,26,429,358,787,1499,835,2334,787,838
"E02096","E02096","E02096",2897,2716,61,2890,2,991,81,1073,2835,92,2929,1072,1117
"E02097","E02097","E02097",4815,3792,439,4769,81,1045,474,1520,3549,1180,4735,1521,1578
"E02098","E02098","E02098",3657,3122,219,3635,11,1362,63,1426,3574,109,3684,1429,1543
"E02099","E02099","E02099",3019,2536,199,2997,14,1147,68,1215,2912,120,3032,1218,1300
"E02100","E02100","E02100",2364,1939,185,2350,9,788,155,944,2062,327,2391,947,1016
"E02101","E02101","E02101",4190,3445,338,4167,54,1473,186,1661,3885,326,4215,1664,1816
"E02102","E02102","E02102",2916,2486,197,2911,23,1077,40,1117,2830,119,2949,1118,1196
"E02103","E02103","E02103",3141,2457,326,3105,70,1034,101,1135,2655,245,2900,1138,1215
"E02104","E02104","E02104",2713,2524,53,2709,1,1056,1,1057,2711,3,2714,1058,1109
"E02105","E02105","E02105",3632,3380,87,3622,3,1274,97,1372,3474,147,3622,1371,1440
"E02106","E02106","E02106",2557,1882,240,2511,16,906,178,1092,2135,369,2521,1100,1214
"E02107","E02107","E02107",2728,2175,277,2720,15,615,325,942,1795,940,2744,945,993
"E02108","E02108","E02108",2646,2201,185,2640,12,835,308,1151,2037,592,2647,1154,1214
"E02109","E02109","E02109",2638,1691,392,2566,55,352,808,1163,909,1604,2517,1170,1256
"E02110","E02110","E02110",4956,3403,705,4929,99,1045,1032,2085,2607,2296,4912,2099,2344
"E02111","E02111","E02111",1903,1654,103,1899,11,718,5,723,1888,11,1899,725,777
"E02112","E02112","E02112",3533,3053,206,3525,15,1405,40,1446,3487,71,3559,1452,1538
"E02113","E02113","E02113",3738,2532,570,3710,54,849,615,1464,2199,1405,3604,1473,1568
"E02114","E02114","E02114",2533,2081,186,2518,19,894,155,1049,2248,307,2555,1053,1134
"E02115","E02115","E02115",3500,2778,319,3477,20,1197,256,1453,3182,345,3527,1458,1572
"E02116","E02116","E02116",2557,2359,65,2548,6,954,0,971,2520,0,2579,955,1009
"E02117","E02117","E02117",4298,2569,653,4110,209,260,1401,1662,595,2937,3534,1681,1912
"E02118","E02118","E02118",1021,430,200,811,16,56,274,330,130,567,697,333,455
"E02119","E02119","E02119",2749,1580,549,2698,58,47,1038,1086,95,2428,2525,1093,1186
"E02120","E02120","E02120",4343,2189,914,4172,81,505,1207,1713,1020,2646,3667,1727,2147
"E02121","E02121","E02121",3814,2003,852,3597,94,401,1068,1470,980,2302,3283,1479,1768
"E02122","E02122","E02122",2575,1668,395,2440,35,797,122,920,1909,236,2158,926,1044
"E02123","E02123","E02123",2651,1349,585,2461,96,383,515,905,1032,1043,2082,908,1018
"E02124","E02124","E02124",2328,1322,565,2293,37,572,381,956,1373,805,2182,963,1077
"E02125","E02125","E02125",5017,3901,420,4971,92,1100,999,2099,2839,2209,5048,2111,2319
"E02126","E02126","E02126",3852,2820,387,3742,60,1095,360,1455,3092,628,3720,1473,1675
"E02127","E02127","E02127",4179,2990,491,4098,73,1262,419,1681,3297,802,4099,1697,1921
"E02128","E02128","E02128",5368,3494,839,5249,337,916,1023,1939,2459,2089,4548,1958,2278
"E02129","E02129","E02129",3924,2324,644,3715,156,713,787,1511,2027,1617,3662,1541,1957
"E02130","E02130","E02130",5144,3078,762,4913,211,1179,1048,2228,2887,2023,4911,2258,2596
"E02131","E02131","E02131",3214,1831,588,3063,87,597,803,1400,1487,1591,3078,1443,1781
"E02132","E02132","E02132",4385,2349,738,4061,132,694,1251,1945,1792,2215,4007,1973,2503
"E02133","E02133","E02133",5768,3998,715,5598,133,1194,797,1991,3259,1457,4716,2015,2239
"E02134","E02134","E02134",4979,3071,835,4851,89,989,1115,2227,2632,1933,4736,2258,2696
"E02135","E02135","E02135",5705,3893,789,5594,116,1304,1096,2413,3464,2084,5571,2442,2870
"E02136","E02136","E02136",3484,2625,351,3437,21,993,346,1339,2826,629,3455,1352,1491
"E02137","E02137","E02137",2755,1990,317,2710,17,783,351,1134,2179,590,2769,1141,1318
"E02138","E02138","E02138",6115,3240,1269,6051,137,864,2018,3049,2147,3677,6084,3071,3434
"E02139","E02139","E02139",3818,2114,781,3712,79,737,1056,1793,1881,1870,3751,1814,2092
"E02140","E02140","E02140",2857,1760,428,2717,48,586,532,1119,1733,956,2690,1135,1296
"E02141","E02141","E02141",3222,2077,490,3163,56,560,854,1415,1720,1496,3218,1428,1668
"E02142","E02142","E02142",3712,2498,542,3659,98,880,663,1544,2507,1180,3688,1552,1725
"E02143","E02143","E02143",2943,1768,521,2902,63,626,687,1331,1791,1158,2973,1339,1580
"E02144","E02144","E02144",5063,2317,1113,4462,135,77,1601,1679,198,3340,3540,1719,1922
"E02145","E02145","E02145",2213,1096,491,1931,34,16,602,618,29,1279,1308,624,719
"E02146","E02146","E02146",5732,2719,1233,5040,93,498,1364,1986,1234,2696,4150,2006,2261
"E02147","E02147","E02147",8320,4040,1601,7770,469,397,3136,3551,1049,6418,7499,3616,4436
"E02148","E02148","E02148",3982,3055,369,3949,37,1334,283,1617,3518,521,4039,1629,1788
"E02149","E02149","E02149",3746,3001,316,3700,29,1216,286,1502,3201,537,3738,1504,1638
"E02150","E02150","E02150",1881,1602,114,1866,6,589,57,646,1757,106,1863,650,695
"E02151","E02151","E02151",782,665,40,771,0,290,3,293,795,5,800,293,319
"E02152","E02152","E02152",5117,2407,1220,5066,345,250,1948,2207,571,4318,4904,2226,2424
"E02153","E02153","E02153",1903,1047,297,1838,70,0,704,704,0,1458,1458,706,774
"E02154","E02154","E02154",4069,2655,654,4043,99,484,1285,1771,1167,2916,4087,1778,1996
"E02155","E02155","E02155",2390,1520,419,2385,65,514,531,1048,1209,1180,2395,1056,1253
"E02156","E02156","E02156",1859,1436,191,1845,29,326,498,824,825,1029,1854,828,896
"E02157","E02157","E02157",3461,2553,330,3394,80,697,531,1228,1659,1071,2730,1238,1362
"E02158","E02158","E02158",2947,2151,343,2942,177,761,341,1107,2028,934,2971,1107,1142
"E02159","E02159","E02159",2014,1681,150,1999,10,736,45,781,1938,99,2037,783,837
"E02160","E02160","E02160",2481,2139,142,2467,6,902,69,971,2389,105,2494,974,1046
"E02161","E02161","E02161",2871,2156,241,2660,24,173,1013,1186,451,1828,2279,1197,1347
"E02162","E02162","E02162",3907,2347,731,3874,65,938,900,1847,2155,1693,3861,1860,2107
"E03001","E03001","E03001",874,679,66,866,10,227,53,283,722,135,864,281,317
"E03002","E03002","E03002",5246,4529,265,5197,30,1691,106,1797,4992,244,5236,1803,1904
"E03003","E03003","E03003",5672,4902,262,5644,65,1686,53,1740,5471,138,5610,1741,1845
"E03004","E03004","E03004",2320,1606,547,2308,12,609,20,629,1818,48,1866,630,662
"E03005","E03005","E03005",2445,2086,210,2441,2,694,62,758,2275,156,2434,757,831
"E03006","E03006","E03006",11298,9021,894,11263,56,3317,485,3826,10246,1098,11409,3816,3993
"E03007","E03007","E03007",11357,8219,1183,11246,112,3081,849,3933,8895,2189,11089,3943,4188
"E03008","E03008","E03008",7024,5987,443,7012,76,2104,173,2283,6670,417,7102,2281,2331
"E03009","E03009","E03009",4106,3720,135,4099,1,1313,54,1368,4010,139,4151,1370,1414
"E03010","E03010","E03010",9388,7528,666,9217,20,2846,347,3201,8034,976,9026,3199,3360
"E03011","E03011","E03011",5685,4902,300,5657,34,1854,61,1916,5528,111,5642,1918,2055
"E03012","E03012","E03012",10522,8469,1043,10443,196,3060,252,3313,10069,555,10637,3313,3468
"E03013","E03013","E03013",3510,3177,112,3464,11,1268,18,1288,3501,27,3535,1287,1351
"E03014","E03014","E03014",12254,10014,1027,12160,153,3509,436,3945,11276,978,12254,3948,4152
"E03015","E03015","E03015",33849,23349,4638,33666,1284,8813,1158,9990,31077,3127,34256,9993,10349
"E03016","E03016","E03016",5131,4286,312,5083,39,1770,151,1921,4821,302,5123,1924,2034
"E03017","E03017","E03017",16805,10388,2706,16643,1595,4146,1216,5363,13208,3473,16682,5374,5667
"E03018","E03018","E03018",5552,4324,405,5516,164,1506,289,1814,4670,708,5407,1798,1919
"E03019","E03019","E03019",3689,3205,159,3657,42,1432,17,1451,3674,39,3716,1456,1541
"E03020","E03020","E03020",7323,6324,338,7214,29,2132,87,2230,6592,253,6856,2233,2317
"E03021","E03021","E03021",6590,5317,445,6554,113,1862,309,2172,5809,705,6517,2174,2271
"E03022","E03022","E03022",2743,2431,112,2700,8,966,14,980,2718,33,2751,986,1059
"E03023","E03023","E03023",3290,2882,158,3249,7,1100,125,1226,3032,234,3267,1231,1350
"E03024","E03024","E03024",4378,3570,340,4331,59,1312,269,1581,3850,565,4415,1587,1697
"E03025","E03025","E03025",3952,3357,246,3914,18,1359,94,1453,3769,168,3937,1455,1567
"E03026","E03026","E03026",3145,2538,230,3113,44,953,300,1253,2629,535,3164,1259,1389
"E03027","E03027","E03027",6248,3517,656,5544,432,1062,701,1791,3357,1834,5247,1770,1967
"E03028","E03028","E03028",1543,1379,74,1535,2,516,69,585,1411,148,1559,585,609
"E03029","E03029","E03029",1635,1386,74,1630,9,575,5,580,1613,15,1628,580,599
"E03030","E03030","E03030",11335,8396,1261,11237,503,2931,538,3471,9988,1208,11200,3484,3647
"E03031","E03031","E03031",2171,1488,270,2160,74,402,473,876,1087,1102,2191,876,961
"E03032","E03032","E03032",18125,13609,1894,18045,469,4483,1226,5711,15231,3025,18259,5718,6049
"E03033","E03033","E03033",3878,3473,138,3872,8,1236,42,1278,3811,100,3911,1278,1307
"E03034","E03034","E03034",4394,3991,128,4365,16,1539,10,1552,4374,26,4408,1553,1621
"E03035","E03035","E03035",9432,7620,714,9397,125,2419,676,3097,7787,1713,9503,3096,3264
"E03036","E03036","E03036",4291,3533,296,4260,20,1227,271,1499,3410,878,4289,1503,1561
"E03037","E03037","E03037",3338,2978,115,3333,14,1263,27,1290,3308,50,3358,1292,1351
"E03038","E03038","E03038",4445,3717,243,4386,31,1358,224,1583,3890,498,4390,1586,1683
"E03039","E03039","E03039",11297,6790,1720,11151,583,1986,1837,3831,5778,4738,10530,3843,4063
"E03040","E03040","E03040",5138,4588,152,5103,25,1762,116,1879,4811,248,5060,1883,1983
"E03041","E03041","E03041",2807,2468,140,2772,5,968,15,983,2692,34,2726,990,1059
"E03042","E03042","E03042",4929,4216,281,4882,19,1579,179,1758,4596,352,4948,1761,1900
"E03043","E03043","E03043",3821,3362,191,3797,2,1371,59,1431,3699,126,3829,1433,1506
"E03044","E03044","E03044",1991,1823,72,1984,8,726,1,727,2006,2,2008,727,786
"E03045","E03045","E03045",2258,2042,74,2231,0,835,4,840,2251,6,2258,842,880
"E03046","E03046","E03046",2270,1845,163,2247,34,582,262,845,1730,545,2278,848,940
"E03047","E03047","E03047",2229,1922,117,2211,6,775,110,885,2035,187,2222,891,953
"E03048","E03048","E03048",2948,2589,138,2917,15,1098,15,1113,2935,32,2967,1116,1207
"E03049","E03049","E03049",2404,2176,79,2388,11,1044,1,1045,2407,3,2410,1048,1147
"E04001","E04001","E04001",6152,2976,1113,5885,361,162,1777,1939,537,4403,4940,1964,2105
"E04002","E04002","E04002",19347,13007,2531,19241,292,5101,1018,6127,16598,2702,19321,6132,6489
"E04003","E04003","E04003",8102,6267,567,8018,65,2423,542,2966,6902,1165,8068,2979,3216
"E04004","E04004","E04004",8096,6371,578,8013,59,2511,473,2984,7071,947,8018,2992,3195
"E04005","E04005","E04005",5544,3014,1548,5309,130,908,330,1238,3169,837,4006,1241,1335
"E04006","E04006","E04006",1629,1417,56,1616,15,459,14,473,1563,32,1595,474,508
"E04007","E04007","E04007",743,675,17,735,0,219,0,229,728,0,752,220,245
"E04008","E04008","E04008",6551,3723,1214,6488,366,940,995,2008,3090,2705,6015,1942,2116
"E04009","E04009","E04009",43905,29104,6173,43723,1432,11715,1553,13277,40055,4231,44306,13298,14038
"E04010","E04010","E04010",11271,7756,1777,11217,156,2968,595,3565,9348,1742,11093,3574,3738
"E04011","E04011","E04011",3689,3052,296,3676,12,1262,13,1276,3690,24,3715,1278,1355
"E04012","E04012","E04012",5144,3613,582,5088,56,1403,489,1892,3886,1282,5168,1894,2005
"E04013","E04013","E04013",4219,2374,862,4190,87,1184,93,1277,4045,208,4253,1278,1346
"E04014","E04014","E04014",1647,1391,122,1629,6,626,30,656,1587,65,1652,657,700
"E04015","E04015","E04015",3343,2224,674,3325,3,748,277,1025,2561,775,3336,1027,1133
"E04016","E04016","E04016",20967,15623,2268,20790,295,5748,1181,6937,18071,2810,20907,6954,7360
"E04017","E04017","E04017",6355,4697,736,6252,167,1577,682,2262,4590,1595,6194,2266,2442
"E04018","E04018","E04018",933,838,27,932,1,280,0,282,896,0,902,281,297
"E04019","E04019","E04019",11783,9432,771,11667,52,3277,576,3900,10438,1230,11748,3871,4165
"E04020","E04020","E04020",8931,5404,1290,8882,444,1030,1843,2882,3552,4865,8448,2880,3041
"E04021","E04021","E04021",1801,1491,106,1778,3,522,3,529,1706,5,1722,526,560
"E04022","E04022","E04022",1476,1334,45,1471,2,468,15,486,1432,38,1484,486,526
"E04023","E04023","E04023",4147,3654,127,4123,3,1309,74,1390,3925,138,4074,1388,1498
"E04024","E04024","E04024",8399,6806,527,8260,40,2730,392,3126,7633,702,8342,3143,3607
"E04025","E04025","E04025",2406,2115,68,2374,9,754,4,761,2289,8,2304,763,806
"E04026","E04026","E04026",11470,8398,1001,11326,166,3146,600,3746,9653,1377,11030,3755,3980
"E04027","E04027","E04027",1765,1443,105,1755,28,439,38,477,1580,81,1661,477,495
"E04028","E04028","E04028",10774,8503,731,10703,55,3173,157,3341,10309,392,10725,3335,3529
"E04029","E04029","E04029",8406,6464,569,8216,59,2254,862,3118,6564,1696,8264,3142,3482
"E04030","E04030","E04030",6014,5058,271,5933,9,1905,236,2141,5536,488,6024,2149,2366
"E04031","E04031","E04031",4048,3560,130,3982,6,1392,31,1423,3969,59,4028,1425,1501
"E04032","E04032","E04032",4729,3793,304,4686,62,1368,373,1757,3936,742,4736,1744,1884
"E04033","E04033","E04033",11116,8931,604,11050,56,3323,218,3551,10501,595,11122,3554,3874
"E04034","E04034","E04034",8880,7506,388,8824,10,2802,290,3096,8331,667,9004,3107,3411
"E04035","E04035","E04035",5789,4854,319,5706,18,2095,127,2222,5510,258,5768,2231,2404
"E04036","E04036","E04036",15926,11806,1173,15832,432,4506,828,5334,13955,2101,16056,5342,5630
"E04037","E04037","E04037",7674,6261,421,7632,35,2448,25,2481,7689,47,7753,2480,2602
"E04038","E04038","E04038",12065,8613,1063,11952,194,3272,648,3928,10475,1573,12066,3931,4175
"E04039","E04039","E04039",7465,5704,609,7379,72,2099,380,2480,6492,907,7400,2482,2637
"E04040","E04040","E04040",2786,1924,310,2744,46,713,308,1021,1981,697,2678,1027,1141
"E04041","E04041","E04041",13289,7482,2472,13159,684,3201,451,3674,11863,1335,13255,3662,3819
"E04042","E04042","E04042",1730,1383,147,1720,22,559,10,569,1660,49,1709,569,602
"E05001","E05001","E05001",2480,2162,100,2462,13,950,7,957,2490,7,2497,960,1009
"E05002","E05002","E05002",2110,1843,117,2085,9,782,4,786,2104,7,2111,789,832
"E05003","E05003","E05003",2222,1931,106,2201,10,817,13,832,2229,19,2252,834,881
"E05004","E05004","E05004",1696,1422,100,1671,3,607,2,609,1640,5,1645,610,643
"E05005","E05005","E05005",1828,1583,97,1811,7,674,17,691,1802,21,1823,693,727
"E05006","E05006","E05006",5323,4363,419,5279,62,1424,612,2037,4087,1290,5378,2047,2204
"E05007","E05007","E05007",2872,2543,111,2842,16,987,2,989,2862,5,2867,989,1042
"E05008","E05008","E05008",3629,2494,460,3519,129,829,583,1413,2317,1189,3507,1428,1592
"E05009","E05009","E05009",6232,4571,647,6151,234,1749,435,2185,4983,1015,6003,2199,2405
"E05010","E05010","E05010",3774,2752,384,3672,107,994,374,1368,2893,762,3655,1376,1563
"E05011","E05011","E05011",2000,1551,177,1969,73,551,147,698,1691,317,2008,706,777
"E05012","E05012","E05012",3422,2673,260,3385,41,1097,282,1379,2904,515,3419,1389,1578
"E05013","E05013","E05013",2278,1849,152,2253,12,751,23,774,2092,40,2132,775,836
"E05014","E05014","E05014",1519,1141,124,1485,11,402,153,555,1213,299,1512,561,636
"E05015","E05015","E05015",2612,2124,153,2576,25,829,148,977,2321,288,2609,980,1066
"E05016","E05016","E05016",2810,2147,274,2770,33,822,248,1071,2283,521,2805,1075,1239
"E05017","E05017","E05017",2876,1940,388,2779,115,573,483,1060,1564,1013,2585,1068,1217
"E05018","E05018","E05018",2713,2163,184,2655,49,803,205,1008,2206,448,2654,1013,1091
"E05019","E05019","E05019",2683,2416,96,2667,24,910,6,917,2679,20,2703,916,957
"E05020","E05020","E05020",5362,3289,880,5297,378,711,1282,1993,2322,3086,5408,2008,2212
"E05021","E05021","E05021",5106,4085,313,5036,142,1527,302,1830,4328,654,4987,1834,1950
"E05022","E05022","E05022",1911,1512,186,1894,14,564,182,746,1514,379,1893,749,805
"E05023","E05023","E05023",1446,1237,84,1437,5,446,43,489,1361,84,1445,491,528
"E05024","E05024","E05024",3190,2641,228,3162,15,1157,29,1186,3161,38,3199,1189,1290
"E05025","E05025","E05025",1968,1627,125,1924,10,645,44,689,1807,63,1870,692,767
"E05026","E05026","E05026",1529,1219,114,1504,20,503,49,553,1423,112,1536,555,603
"E05027","E05027","E05027",3754,1854,774,3114,94,325,719,1044,972,2208,3180,1110,1148
"E05028","E05028","E05028",1751,1351,175,1730,23,580,148,728,1471,313,1784,730,785
"E05029","E05029","E05029",2252,1713,246,2232,20,631,150,781,1946,313,2259,789,845
"E05030","E05030","E05030",3365,2405,460,3332,46,768,535,1304,2339,1027,3368,1311,1472
"E05031","E05031","E05031",3020,2196,374,2966,43,846,231,1078,2337,546,2884,1092,1185
"E05032","E05032","E05032",1439,1208,82,1425,2,523,5,528,1454,8,1462,528,559
"E05033","E05033","E05033",1802,1395,135,1764,7,525,161,686,1422,277,1699,692,799
"E05034","E05034","E05034",1354,1081,107,1330,1,505,76,581,1193,139,1332,588,703
"E05035","E05035","E05035",1536,1100,136,1450,4,533,82,615,1257,146,1403,624,760
"E05036","E05036","E05036",2144,1733,129,2122,2,714,58,772,2083,105,2188,772,857
"E05037","E05037","E05037",8844,5318,1465,8724,827,1704,1601,3306,4769,3969,8741,3333,3570
"E05038","E05038","E05038",3495,2550,436,3463,108,787,550,1338,2342,1206,3549,1343,1477
"E05039","E05039","E05039",7638,5284,969,7527,293,1462,1538,3004,4124,3372,7511,3021,3281
"E05040","E05040","E05040",2689,1862,422,2646,53,721,325,1046,1974,713,2687,1051,1136
"E05041","E05041","E05041",2748,2225,229,2715,17,926,83,1009,2612,153,2765,1012,1088
"E05042","E05042","E05042",2604,1618,339,2451,66,518,496,1017,1422,896,2322,1034,1245
"E05043","E05043","E05043",2982,2302,267,2930,12,987,143,1130,2587,252,2839,1140,1281
"E05044","E05044","E05044",4516,2413,949,4434,293,725,943,1674,2323,2210,4540,1680,1811
"E05045","E05045","E05045",2321,1708,228,2294,84,659,234,894,1800,526,2329,896,959
"E05046","E05046","E05046",1915,1642,86,1899,9,594,98,692,1740,201,1941,694,743
"E05047","E05047","E05047",2941,2424,166,2863,21,950,107,1057,2640,237,2877,1059,1133
"E05048","E05048","E05048",1434,1230,57,1422,35,462,154,616,1197,254,1451,616,664
"E05049","E05049","E05049",4354,2698,734,4309,279,972,623,1595,2796,1621,4417,1599,1703
"E05050","E05050","E05050",3688,2798,260,3606,9,1161,240,1401,3295,340,3635,1416,1620
"E05051","E05051","E05051",1758,1172,210,1730,74,316,447,763,891,887,1778,767,896
"E05052","E05052","E05052",2726,1826,391,2687,61,641,480,1121,1504,1029,2533,1132,1320
"E05053","E05053","E05053",1758,1498,99,1739,7,618,2,620,1771,5,1776,622,657
"E05054","E05054","E05054",6324,5186,429,6241,38,2057,127,2184,6000,224,6224,2193,2397
"E05055","E05055","E05055",2523,2065,174,2479,11,828,19,848,2458,43,2502,851,916
"E05056","E05056","E05056",1558,1228,157,1542,8,484,77,561,1438,149,1587,564,630
"E05057","E05057","E05057",23596,16513,3005,23220,865,5101,2787,7893,16795,6615,23417,7912,8504
"E05058","E05058","E05058",3390,2647,236,3315,6,1165,63,1228,3280,129,3409,1234,1355
"E05059","E05059","E05059",6386,5516,320,6336,20,2062,194,2257,5897,432,6332,2261,2395
"E05060","E05060","E05060",5731,4652,382,5688,57,1740,287,2030,5148,590,5745,2033,2175
"E05062","E05062","E05062",5522,4375,440,5473,54,1757,174,1931,5180,381,5561,1935,2040
"E05063","E05063","E05063",3001,2518,182,2957,12,985,16,1001,2898,52,2950,1006,1096
"E05064","E05064","E05064",4249,3399,333,4209,56,1392,148,1544,3944,319,4267,1545,1643
"E05065","E05065","E05065",2973,2002,384,2920,216,686,455,1141,1942,1036,2978,1148,1249
"E05066","E05066","E05066",3275,2357,448,3227,72,884,289,1173,2594,637,3231,1178,1268
"E05067","E05067","E05067",2445,2057,166,2416,22,814,25,839,2439,53,2492,844,935
"E05068","E05068","E05068",2269,1655,283,2250,69,613,243,856,1790,494,2284,859,962
"E05069","E05069","E05069",945,803,55,939,4,189,104,295,621,215,840,294,318
"E06001","E06001","E06001",4216,3231,317,4199,41,1338,292,1630,3689,542,4231,1634,1788
"E06002","E06002","E06002",3123,2561,222,3118,28,1016,161,1177,2760,323,3083,1178,1338
"E06003","E06003","E06003",26306,19716,2677,26117,368,7876,985,8866,23943,2167,26123,8892,9541
"E06004","E06004","E06004",4548,3600,292,4513,14,1435,64,1506,4272,116,4412,1502,1616
"E06005","E06005","E06005",223,202,6,223,0,78,0,80,221,0,232,78,89
"E06006","E06006","E06006",1245,1082,50,1242,0,407,18,427,1205,30,1238,426,457
"E06007","E06007","E06007",660,601,9,659,0,219,0,223,659,0,665,219,237
"E06008","E06008","E06008",1813,1604,57,1807,1,551,25,577,1808,52,1862,578,610
"E06009","E06009","E06009",321,290,4,319,0,95,12,110,292,23,325,107,112
"E06010","E06010","E06010",172,147,7,169,0,59,9,68,159,12,171,68,72
"E06011","E06011","E06011",421,360,16,418,0,135,11,157,390,14,423,146,161
"E06012","E06012","E06012",644,567,21,641,0,228,7,235,658,10,668,235,260
"E06013","E06013","E06013",1853,1584,74,1837,2,599,58,664,1733,107,1859,658,709
"E06014","E06014","E06014",554,509,7,550,0,196,2,199,558,2,562,198,209
"E06015","E06015","E06015",461,414,7,459,0,157,0,161,465,0,472,157,173
"E06016","E06016","E06016",456,410,9,450,0,142,0,144,456,0,460,144,156
"E06017","E06017","E06017",803,687,29,800,1,273,0,274,799,0,803,273,303
"E06018","E06018","E06018",647,592,17,646,0,222,4,227,640,7,649,226,249
"E06019","E06019","E06019",479,433,8,479,1,154,3,158,476,4,482,157,166
"E06020","E06020","E06020",230,195,13,228,2,80,1,83,227,1,233,81,94
"E06021","E06021","E06021",198,175,2,197,0,63,0,65,198,0,204,63,69
"E06022","E06022","E06022",587,561,5,587,0,204,1,208,581,2,589,205,217
"E06023","E06023","E06023",736,661,18,731,3,233,6,239,741,7,748,241,265
"E06024","E06024","E06024",441,369,21,421,3,135,8,143,394,18,412,145,164
"E06025","E06025","E06025",698,651,10,694,0,219,4,228,697,6,714,223,234
"E06026","E06026","E06026",841,773,15,837,0,261,1,265,836,2,845,263,301
"E06027","E06027","E06027",5949,4799,467,5930,20,1804,237,2051,5394,487,5909,2046,2254
"E06028","E06028","E06028",502,444,11,496,0,168,5,174,501,9,511,174,191
"E06029","E06029","E06029",867,791,20,864,0,253,1,257,888,1,897,254,273
"E06030","E06030","E06030",1196,1084,27,1194,0,357,1,361,1205,3,1216,358,372
"E06031","E06031","E06031",166,150,4,166,0,55,0,55,172,0,172,55,60
"E06032","E06032","E06032",717,640,21,711,0,227,0,228,713,0,714,227,236
"E06033","E06033","E06033",2559,2178,105,2475,0,650,11,663,2134,25,2161,663,711
"E06034","E06034","E06034",16066,12784,984,15922,229,5085,264,5350,15386,566,15953,5375,5639
"E06035","E06035","E06035",1648,1480,37,1640,0,497,10,512,1643,23,1676,507,544
"E06036","E06036","E06036",857,765,21,851,1,278,5,284,863,10,877,284,302
"E06037","E06037","E06037",6652,5227,459,6584,130,1798,419,2218,5663,919,6583,2220,2365
"E06038","E06038","E06038",8896,6753,596,8848,214,2456,396,2853,7806,907,8719,2855,3023
"E06039","E06039","E06039",16755,13592,1177,16609,315,5269,468,5741,15548,1068,16623,5748,6110
"E06040","E06040","E06040",18729,13517,1760,18425,463,5074,1026,6110,15735,2484,18238,6182,6705
"E06041","E06041","E06041",2513,2137,89,2473,0,711,45,758,2222,91,2317,767,892
"E06042","E06042","E06042",580,506,16,575,1,205,6,213,579,7,588,213,242
"E06043","E06043","E06043",1554,1304,45,1482,7,421,36,460,1360,79,1443,459,487
"E06044","E06044","E06044",2345,2038,95,2336,2,754,16,780,2302,27,2350,770,825
"E06045","E06045","E06045",304,278,2,303,0,93,5,100,296,10,309,98,110
"E06046","E06046","E06046",490,439,11,489,0,137,9,148,472,16,493,146,157
"E06047","E06047","E06047",269,249,7,268,0,93,0,93,274,0,274,93,102
"E06048","E06048","E06048",804,729,24,798,0,259,2,263,799,2,807,262,276
"E06049","E06049","E06049",385,356,4,382,0,117,4,121,386,5,391,121,126
"E06050","E06050","E06050",918,841,10,910,0,301,0,306,901,0,913,303,321
"E06051","E06051","E06051",773,697,22,772,0,239,0,241,792,0,794,239,257
"E06052","E06052","E06052",201,191,1,200,0,65,1,69,188,1,197,66,70
"E06053","E06053","E06053",3122,2634,159,3107,4,1024,69,1093,3013,129,3142,1097,1176
"E06054","E06054","E06054",990,897,19,985,1,292,1,294,1002,2,1006,293,309
"E06055","E06055","E06055",1225,1075,24,1223,3,388,3,392,1225,7,1234,392,417
"E06056","E06056","E06056",1589,1389,46,1571,3,572,8,582,1595,14,1613,580,650
"E06057","E06057","E06057",2090,1860,56,2084,2,650,56,706,1971,120,2091,707,766
"E06058","E06058","E06058",1233,1093,36,1224,9,403,9,415,1157,18,1183,413,445
"E06059","E06059","E06059",5091,4085,324,5045,25,1400,291,1700,4496,651,5160,1694,1835
"E06060","E06060","E06060",2043,1765,73,2026,0,612,97,710,1852,191,2045,711,776
"E06061","E06061","E06061",1854,1660,30,1850,20,545,15,563,1846,39,1892,561,586
"E06062","E06062","E06062",8927,7073,565,8863,83,2426,648,3078,7609,1329,8946,3079,3393
"E06063","E06063","E06063",860,774,26,852,0,278,1,279,863,6,869,279,301
"E06064","E06064","E06064",3091,2644,153,3078,13,994,19,1014,3068,50,3120,1016,1091
"E06065","E06065","E06065",2844,2542,96,2829,2,837,26,863,2829,51,2880,864,916
"E06066","E06066","E06066",7874,5744,726,7846,38,2323,612,2945,6399,1352,7772,2947,3196
"E06067","E06067","E06067",504,455,16,504,1,150,4,155,470,8,482,154,165
"E06068","E06068","E06068",646,589,14,645,2,216,0,216,652,0,652,216,232
"E06069","E06069","E06069",1028,922,27,1020,0,335,14,352,1001,32,1043,350,375
"E06070","E06070","E06070",3695,3156,158,3684,15,1174,80,1256,3560,163,3727,1255,1323
"E06071","E06071","E06071",11587,9101,1044,11509,96,3424,446,3873,10556,1016,11577,3876,4125
"E06072","E06072","E06072",5565,4793,217,5549,28,1722,119,1843,5262,280,5546,1841,1939
"E06073","E06073","E06073",431,358,14,420,2,131,0,131,345,0,345,131,143
"E06074","E06074","E06074",2707,2389,67,2699,9,838,26,881,2611,71,2715,866,926
"E06075","E06075","E06075",2224,1905,102,2216,4,696,38,743,2164,59,2241,737,785
"E06076","E06076","E06076",638,575,21,634,0,203,1,204,633,1,634,205,217
"E06077","E06077","E06077",990,862,57,977,0,312,1,317,1005,6,1017,313,345
"E06078","E06078","E06078",16107,12400,1264,16023,169,4801,505,5312,15132,1095,16245,5312,5666
"E06079","E06079","E06079",3351,2486,255,3314,37,898,226,1139,2826,505,3356,1128,1213
"E06080","E06080","E06080",1019,883,32,1009,1,302,0,303,1024,0,1027,303,336
"E06081","E06081","E06081",1043,923,34,1039,0,297,8,308,983,15,1009,305,330
"E06082","E06082","E06082",846,745,25,835,2,261,10,271,846,20,866,271,281
"E06083","E06083","E06083",337,292,16,334,0,106,13,120,318,26,345,120,140
"E06084","E06084","E06084",683,589,31,680,0,217,3,221,676,12,693,220,228
"E06085","E06085","E06085",1175,1052,30,1167,0,362,2,367,1171,2,1181,365,396
"E06086","E06086","E06086",2344,2059,84,2335,4,763,15,781,2330,30,2365,778,836
"E06087","E06087","E06087",1254,1174,12,1248,0,378,4,395,1229,11,1266,383,414
"E06088","E06088","E06088",830,730,25,830,0,253,1,254,841,3,844,254,283
"E06089","E06089","E06089",566,510,15,564,3,180,7,194,538,13,566,189,202
"E07001","E07001","E07001",5650,4146,406,5527,52,1800,491,2291,4469,927,5396,2301,2662
"E07002","E07002","E07002",4118,3100,258,3984,61,1265,410,1675,3023,741,3764,1683,1937
"E07003","E07003","E07003",617,563,10,610,0,183,5,190,607,10,623,189,217
"E07004","E07004","E07004",1932,1645,40,1916,13,621,4,628,1868,13,1888,629,685
"E07005","E07005","E07005",1969,1529,82,1943,30,701,46,747,1847,75,1922,751,848
"E07006","E07006","E07006",467,417,11,464,0,151,0,152,464,0,467,151,170
"E07007","E07007","E07007",460,413,7,453,0,153,0,154,462,0,464,154,170
"E07008","E07008","E07008",235,206,3,227,0,78,0,78,228,0,228,79,85
"E07009","E07009","E07009",681,607,12,672,0,228,2,230,678,5,683,232,269
"E07010","E07010","E07010",237,208,5,235,0,91,0,91,241,0,241,91,101
"E07011","E07011","E07011",707,621,12,701,0,261,1,262,702,2,704,262,298
"E07012","E07012","E07012",560,509,11,556,0,187,0,188,565,0,568,187,211
"E07013","E07013","E07013",217,189,6,217,0,79,1,80,207,2,209,80,95
"E07014","E07014","E07014",174,155,1,172,0,64,0,64,172,0,172,66,74
"E07015","E07015","E07015",546,495,13,538,0,178,0,178,547,0,547,178,202
"E07016","E07016","E07016",155,138,12,155,0,51,0,51,158,0,158,51,54
"E07017","E07017","E07017",1075,957,28,1061,0,366,2,370,1058,4,1067,370,400
"E07018","E07018","E07018",169,157,1,169,0,56,0,57,170,0,172,56,69
"E07019","E07019","E07019",2002,1706,67,1991,4,729,6,735,1975,6,1981,737,805
"E07020","E07020","E07020",468,407,8,464,0,163,1,166,480,1,484,166,183
"E07021","E07021","E07021",475,425,7,472,0,156,0,157,473,0,476,156,175
"E07022","E07022","E07022",250,233,5,250,0,85,0,85,245,0,245,85,92
"E07023","E07023","E07023",453,403,5,453,1,160,0,160,458,0,458,160,180
"E07024","E07024","E07024",404,365,4,393,2,131,0,131,405,0,405,134,160
"E07025","E07025","E07025",1587,1430,37,1578,4,533,30,563,1464,55,1519,564,623
"E07026","E07026","E07026",2397,2109,46,2386,42,906,22,928,2353,36,2389,930,1052
"E07027","E07027","E07027",1288,1192,10,1286,0,466,2,471,1280,7,1293,468,527
"E07028","E07028","E07028",264,251,1,262,0,87,4,91,259,6,265,91,96
"E07029","E07029","E07029",471,439,6,468,0,156,0,157,467,0,469,157,171
"E07030","E07030","E07030",1311,1184,13,1305,0,472,0,479,1297,0,1318,473,538
"E07031","E07031","E07031",499,435,29,497,0,168,1,171,497,3,504,169,181
"E07032","E07032","E07032",625,597,10,625,0,187,0,188,636,0,637,188,208
"E07033","E07033","E07033",148,143,2,148,0,46,0,46,149,0,149,46,59
"E07034","E07034","E07034",265,240,1,265,0,91,0,92,267,0,271,91,111
"E07035","E07035","E07035",286,253,3,285,0,83,0,84,283,0,287,83,90
"E07036","E07036","E07036",428,402,2,427,0,131,0,132,429,0,430,131,155
"E07037","E07037","E07037",704,579,37,697,4,239,0,243,701,0,716,240,265
"E07038","E07038","E07038",501,470,8,498,0,164,0,166,502,0,507,164,193
"E07039","E07039","E07039",865,804,10,855,0,289,0,290,879,0,883,290,342
"E07040","E07040","E07040",390,356,6,389,0,129,0,132,397,0,403,129,139
"E07041","E07041","E07041",327,297,6,327,0,97,8,105,320,13,333,105,118
"E07042","E07042","E07042",461,433,2,454,0,147,0,147,460,0,460,148,158
"E07043","E07043","E07043",756,680,16,738,1,202,3,205,612,4,616,206,219
"E07044","E07044","E07044",532,480,16,532,1,192,0,193,542,0,543,192,209
"E07045","E07045","E07045",525,491,11,515,0,191,1,192,529,4,533,194,208
"E07046","E07046","E07046",675,581,21,669,4,215,21,236,639,48,687,237,252
"E07047","E07047","E07047",989,895,9,980,0,378,3,381,977,5,982,381,433
"E07048","E07048","E07048",1556,1401,28,1550,8,532,2,535,1536,2,1540,534,575
"E07049","E07049","E07049",903,834,11,895,2,277,5,285,848,8,867,284,313
"E07050","E07050","E07050",18603,14772,955,18353,199,6041,418,6480,16803,892,17776,6481,6936
"E07051","E07051","E07051",709,650,9,705,1,221,1,222,720,1,721,222,240
"E07052","E07052","E07052",486,441,10,477,0,161,0,161,483,0,483,161,174
"E07053","E07053","E07053",768,692,9,760,0,258,0,261,766,0,773,258,282
"E07054","E07054","E07054",1063,943,18,1057,4,350,6,357,1057,12,1072,358,395
"E07055","E07055","E07055",558,516,11,557,0,169,2,174,558,7,574,171,182
"E07056","E07056","E07056",211,194,5,211,1,69,1,70,208,2,210,70,74
"E07057","E07057","E07057",607,560,11,601,0,197,0,197,612,0,612,197,213
"E07058","E07058","E07058",929,843,12,922,3,299,4,305,925,5,940,303,329
"E07059","E07059","E07059",519,459,6,518,1,161,0,164,524,0,531,162,178
"E07060","E07060","E07060",322,302,5,321,0,107,0,107,332,0,332,107,118
"E07061","E07061","E07061",477,416,9,467,0,160,3,163,471,5,476,164,180
"E07062","E07062","E07062",428,382,12,427,0,165,0,165,435,0,435,165,184
"E07063","E07063","E07063",221,194,2,213,0,73,0,73,215,0,215,74,80
"E07064","E07064","E07064",1163,1061,13,1158,2,397,11,408,1143,20,1163,409,449
"E07065","E07065","E07065",291,268,7,291,0,84,0,84,301,0,301,84,94
"E07066","E07066","E07066",156,139,3,156,0,48,0,51,155,0,160,48,55
"E07067","E07067","E07067",160,148,1,159,0,51,0,52,161,0,162,51,53
"E07068","E07068","E07068",280,264,4,279,0,93,0,93,278,0,278,93,104
"E07069","E07069","E07069",464,419,17,462,0,172,0,172,480,0,480,172,190
"E07070","E07070","E07070",530,468,14,529,0,182,1,184,541,2,547,183,201
"E07071","E07071","E07071",341,295,11,333,0,118,0,118,342,0,342,119,146
"E07072","E07072","E07072",267,243,9,265,0,81,0,82,258,0,260,82,100
"E07073","E07073","E07073",541,492,10,540,0,216,3,219,548,4,552,220,250
"E07074","E07074","E07074",1860,1656,28,1841,1,689,28,719,1818,49,1871,721,848
"E07075","E07075","E07075",849,721,23,834,2,352,9,363,841,13,860,364,451
"E07076","E07076","E07076",955,822,33,949,0,322,4,326,958,14,972,328,371
"E07077","E07077","E07077",288,263,9,285,0,102,0,102,290,0,290,102,117
"E07078","E07078","E07078",399,362,12,399,0,126,0,126,396,0,396,127,146
"E07079","E07079","E07079",188,171,4,188,0,54,0,54,193,0,193,54,58
"E07080","E07080","E07080",543,502,10,541,1,191,1,192,557,1,558,192,224
"E07081","E07081","E07081",202,179,4,202,0,73,0,73,208,0,208,73,88
"E07082","E07082","E07082",524,476,9,524,0,179,0,180,525,0,529,180,197
"E07083","E07083","E07083",721,593,21,688,1,222,5,227,621,10,631,233,343
"E07084","E07084","E07084",2342,1916,90,2324,38,808,73,881,2175,121,2296,885,1005
"E07085","E07085","E07085",230,193,5,226,0,77,0,77,237,0,237,78,88
"E07086","E07086","E07086",307,252,10,300,4,100,7,107,291,13,304,111,130
"E07087","E07087","E07087",366,323,4,362,0,125,1,126,371,1,372,126,142
"E07088","E07088","E07088",517,478,1,507,0,171,0,173,512,0,517,171,184
"E07089","E07089","E07089",239,225,0,237,0,82,0,83,237,0,239,82,103
"E07090","E07090","E07090",122,109,1,122,0,47,0,47,124,0,124,48,55
"E07091","E07091","E07091",347,312,8,344,0,120,0,120,353,0,353,120,139
"E07092","E07092","E07092",361,333,6,360,2,120,0,120,358,0,358,120,144
"E07093","E07093","E07093",311,300,1,311,0,106,0,106,317,0,317,107,121
"E07094","E07094","E07094",877,801,17,874,6,315,6,321,827,12,839,322,364
"E07095","E07095","E07095",287,265,4,285,0,96,0,97,291,0,292,96,106
"E07096","E07096","E07096",287,249,3,281,0,93,0,93,288,0,288,93,102
"E07097","E07097","E07097",307,287,5,306,0,100,0,101,307,0,311,100,110
"E07098","E07098","E07098",1453,1176,75,1447,31,468,28,497,1331,76,1408,497,561
"E07099","E07099","E07099",975,918,11,975,0,344,9,353,968,15,983,353,395
"E07100","E07100","E07100",348,315,4,348,0,109,0,110,350,0,356,110,129
"E07101","E07101","E07101",1001,930,13,990,0,369,0,370,1009,0,1010,369,398
"E07102","E07102","E07102",336,312,5,335,0,109,0,109,335,0,335,110,123
"E07103","E07103","E07103",214,204,4,214,0,66,0,66,219,0,219,66,75
"E07104","E07104","E07104",401,377,6,398,0,127,0,127,409,0,409,128,146
"E07105","E07105","E07105",621,579,8,618,0,204,1,206,621,3,626,205,219
"E07106","E07106","E07106",5766,4347,423,5726,48,1930,42,1972,5487,80,5567,1979,2134
"E07107","E07107","E07107",703,642,13,699,0,256,3,259,711,4,715,261,293
"E07108","E07108","E07108",427,394,4,418,0,153,0,153,426,0,426,153,178
"E07109","E07109","E07109",1501,1307,36,1492,24,495,21,518,1445,27,1474,519,568
"E07110","E07110","E07110",1137,1036,15,1128,1,387,1,388,1143,6,1149,388,422
"E07111","E07111","E07111",1121,987,39,1111,0,414,3,418,1098,4,1103,417,448
"E07112","E07112","E07112",801,733,18,796,1,249,1,251,803,1,805,252,274
"E07113","E07113","E07113",1058,960,17,1036,0,380,2,382,1025,3,1028,384,413
"E08001","E08001","E08001",2979,2586,102,2960,6,1088,56,1145,2880,96,2977,1147,1303
"E08002","E08002","E08002",377,345,6,374,0,115,3,119,377,4,384,118,138
"E08003","E08003","E08003",838,762,13,835,0,295,1,296,838,3,841,297,336
"E08004","E08004","E08004",1193,1096,16,1188,2,361,17,379,1169,23,1194,380,412
"E08005","E08005","E08005",338,310,2,330,0,112,0,113,335,0,337,113,124
"E08006","E08006","E08006",108,98,1,108,0,34,0,35,103,0,107,35,37
"E08007","E08007","E08007",835,728,25,825,3,286,0,287,830,0,831,286,319
"E08008","E08008","E08008",372,339,7,365,0,118,0,122,363,0,370,118,130
"E08009","E08009","E08009",693,661,6,689,0,224,1,227,712,1,715,225,246
"E08010","E08010","E08010",180,178,0,180,0,65,2,68,173,6,181,68,74
"E08011","E08011","E08011",360,324,8,358,0,118,1,119,362,2,364,119,124
"E08012","E08012","E08012",362,343,7,360,0,123,0,123,364,0,364,123,136
"E08013","E08013","E08013",151,140,2,150,0,50,0,50,151,0,151,50,54
"E08014","E08014","E08014",273,245,4,272,0,96,1,99,264,6,274,97,115
"E08015","E08015","E08015",486,451,6,481,0,156,0,157,488,0,489,156,173
"E08016","E08016","E08016",284,258,6,284,0,92,1,93,288,1,289,94,99
"E08017","E08017","E08017",1383,1193,59,1380,1,486,13,501,1348,23,1376,500,585
"E08018","E08018","E08018",275,262,4,275,0,90,0,91,276,0,278,90,100
"E08019","E08019","E08019",183,161,1,183,0,58,0,59,190,0,191,58,64
"E08020","E08020","E08020",388,350,12,385,0,132,4,137,380,8,389,136,149
"E08021","E08021","E08021",141,131,2,140,0,52,0,53,140,0,141,52,56
"E08022","E08022","E08022",297,275,3,296,0,93,0,96,294,0,306,94,109
"E08023","E08023","E08023",358,320,4,352,0,134,0,134,346,0,346,135,147
"E08024","E08024","E08024",325,315,3,325,0,112,0,112,335,0,335,112,125
"E08025","E08025","E08025",495,461,15,495,2,144,0,148,495,0,505,144,158
"E08026","E08026","E08026",1317,1064,104,1309,1,508,15,524,1269,27,1299,524,611
"E08027","E08027","E08027",664,620,12,657,0,209,0,210,661,0,663,209,229
"E08028","E08028","E08028",437,393,11,435,1,135,0,135,437,0,437,135,149
"E08029","E08029","E08029",1527,1361,33,1518,0,517,4,521,1532,12,1544,521,584
"E08030","E08030","E08030",518,473,7,515,0,171,0,172,522,0,523,171,180
"E08031","E08031","E08031",269,252,6,268,1,83,1,85,270,1,273,85,94
"E08032","E08032","E08032",456,419,3,452,0,157,0,157,464,0,464,158,174
"E08033","E08033","E08033",329,304,5,324,0,110,1,111,332,1,333,112,124
"E08034","E08034","E08034",410,379,12,409,0,120,0,121,410,0,413,120,129
"E08035","E08035","E08035",287,260,6,287,0,96,0,96,292,0,292,96,113
"E08036","E08036","E08036",1912,1741,29,1899,7,706,18,725,1839,28,1868,726,785
"E08037","E08037","E08037",405,381,2,400,0,120,0,121,395,0,405,120,131
"E08038","E08038","E08038",366,348,6,365,0,128,0,128,382,0,382,128,137
"E08039","E08039","E08039",192,176,8,192,0,65,0,68,183,0,187,65,74
"E08040","E08040","E08040",292,267,2,290,0,88,0,89,298,0,299,89,100
"E08041","E08041","E08041",1520,1341,45,1503,8,430,19,452,1371,32,1408,450,494
"E08042","E08042","E08042",398,374,9,397,0,122,3,130,366,5,385,127,140
"E08043","E08043","E08043",711,652,8,700,0,222,1,225,692,3,702,223,257
"E08044","E08044","E08044",1797,1221,166,1787,8,532,69,601,1645,151,1796,601,680
"E08047","E08047","E08047",361,343,2,360,0,115,1,116,357,1,358,116,132
"E08048","E08048","E08048",169,158,4,169,0,55,0,55,173,0,173,56,64
"E08049","E08049","E08049",423,389,3,417,0,134,1,136,424,1,427,135,152
"E08050","E08050","E08050",954,885,10,952,0,345,2,347,968,4,972,348,397
"E08051","E08051","E08051",2753,1803,265,2732,30,885,0,888,2762,0,2769,887,961
"E08052","E08052","E08052",243,218,5,239,0,82,0,84,238,0,242,83,93
"E08053","E08053","E08053",328,288,5,328,0,115,0,119,321,0,327,115,129
"E08054","E08054","E08054",1524,1293,100,1514,4,460,0,461,1526,0,1530,462,482
"E08055","E08055","E08055",1338,1115,160,1333,1,367,22,393,1162,71,1245,389,430
"E08056","E08056","E08056",264,241,7,264,0,71,0,72,260,0,261,72,85
"E08057","E08057","E08057",264,243,4,258,0,89,0,89,256,0,256,89,103
"E08058","E08058","E08058",532,481,20,529,1,169,4,174,530,5,536,174,186
"E08059","E08059","E08059",627,593,5,627,0,205,3,208,630,8,638,208,220
"E08060","E08060","E08060",599,532,12,595,0,189,0,193,593,0,604,189,196
"E08061","E08061","E08061",305,287,3,305,0,91,0,92,307,0,308,91,100
"E08062","E08062","E08062",309,273,10,304,0,95,0,96,306,0,307,96,104
"E08063","E08063","E08063",148,127,4,146,0,47,0,49,143,0,148,47,59
"E08064","E08064","E08064",420,386,2,420,0,138,1,139,417,3,420,139,154
"E08065","E08065","E08065",1090,1013,13,1087,3,382,0,383,1106,0,1107,382,419
"E08066","E08066","E08066",3172,2754,157,3164,12,1090,123,1218,2834,245,3095,1216,1394
"E08067","E08067","E08067",2681,2242,105,2669,1,899,62,962,2555,116,2672,966,1084
"E08068","E08068","E08068",91,88,1,91,0,30,0,30,89,0,89,30,34
"E08069","E08069","E08069",513,494,1,513,0,167,0,167,523,0,523,168,182
"E08070","E08070","E08070",7859,6236,475,7826,56,2442,352,2795,7261,681,7947,2801,3067
"E08071","E08071","E08071",17352,12835,1623,17198,209,5066,367,5443,15273,752,16054,5458,5852
"E08072","E08072","E08072",3931,2664,390,3899,20,1269,313,1582,3223,635,3858,1588,1866
"E08073","E08073","E08073",307,280,7,301,0,102,0,103,303,0,304,102,109
"E08074","E08074","E08074",442,411,6,442,2,138,1,140,449,1,452,139,157
"E08075","E08075","E08075",604,564,19,604,0,198,0,199,611,0,614,198,211
"E08076","E08076","E08076",1001,910,25,999,0,316,0,326,986,0,1006,316,341
"E08077","E08077","E08077",175,155,10,174,0,67,0,67,177,0,177,67,80
"E08078","E08078","E08078",284,258,9,284,0,90,0,90,284,0,284,90,107
"E08079","E08079","E08079",223,203,2,222,0,72,0,72,227,0,227,72,79
"E08080","E08080","E08080",1012,879,30,1005,2,374,5,381,1004,9,1020,379,427
"E08081","E08081","E08081",215,191,4,214,0,75,0,75,215,0,215,75,94
"E08082","E08082","E08082",429,398,5,427,0,153,0,153,432,0,432,154,184
"E08083","E08083","E08083",224,201,2,222,0,90,2,93,224,2,228,93,104
"E08084","E08084","E08084",296,277,1,296,0,106,0,106,301,0,301,106,122
"E08085","E08085","E08085",149,140,1,149,0,52,0,52,151,0,151,52,63
"E08086","E08086","E08086",141,131,1,139,0,48,0,48,144,0,144,48,52
"E08087","E08087","E08087",604,541,11,604,0,218,0,218,619,0,619,218,239
"E08088","E08088","E08088",369,345,2,369,0,121,0,123,369,0,372,122,131
"E08089","E08089","E08089",408,363,8,404,0,138,0,138,419,0,419,138,153
"E08090","E08090","E08090",848,794,13,846,0,295,1,296,853,2,855,297,310
"E08091","E08091","E08091",203,182,3,202,0,73,0,73,208,0,208,73,79
"E08092","E08092","E08092",844,753,12,844,0,295,0,297,847,0,852,295,319
"E08093","E08093","E08093",208,191,4,208,0,68,0,70,205,0,207,68,84
"E08094","E08094","E08094",5330,4305,235,5270,26,1747,26,1774,5232,48,5281,1774,1894
"E08095","E08095","E08095",330,307,5,329,0,117,0,117,329,0,329,117,125
"E08096","E08096","E08096",464,426,4,462,0,144,0,148,464,0,476,145,154
"E08097","E08097","E08097",316,296,2,315,0,104,0,104,320,0,320,104,116
"E08098","E08098","E08098",392,362,3,391,0,128,0,130,396,0,398,128,137
"E09001","E09001","E09001",4043,2471,349,3954,25,1226,397,1627,2883,951,3841,1632,1969
"E09002","E09002","E09002",1120,797,86,1110,6,411,32,446,1053,56,1119,445,500
"E09003","E09003","E09003",480,419,15,477,0,173,0,173,484,0,484,174,207
"E09004","E09004","E09004",2970,2003,318,2951,18,958,117,1076,2663,254,2921,1076,1259
"E09005","E09005","E09005",278,261,3,275,0,114,0,114,282,0,282,115,142
"E09006","E09006","E09006",651,560,17,646,0,238,0,238,641,0,641,240,318
"E09007","E09007","E09007",416,376,5,414,0,156,0,156,425,0,425,157,187
"E09008","E09008","E09008",3066,2824,39,2997,0,189,0,189,564,0,564,192,208
"E09009","E09009","E09009",611,535,5,609,0,235,0,236,611,0,612,235,269
"E09010","E09010","E09010",1161,987,30,1159,0,408,1,410,1170,2,1173,411,461
"E09011","E09011","E09011",730,637,13,727,0,279,0,280,728,0,729,282,317
"E09012","E09012","E09012",379,324,7,377,0,140,2,142,374,4,378,142,167
"E09013","E09013","E09013",351,297,12,347,1,127,10,137,332,20,352,137,166
"E09014","E09014","E09014",648,575,19,646,0,253,0,253,646,0,646,256,296
"E09015","E09015","E09015",237,210,2,236,0,100,0,101,240,0,241,100,117
"E09016","E09016","E09016",225,200,8,225,0,79,0,79,227,0,227,80,90
"E09017","E09017","E09017",585,534,4,584,0,219,3,223,583,6,594,223,278
"E09018","E09018","E09018",397,363,11,396,0,131,0,131,399,0,399,131,151
"E09019","E09019","E09019",326,307,6,326,0,116,0,116,330,0,330,117,154
"E09020","E09020","E09020",260,221,6,260,0,98,0,98,264,0,264,98,111
"E09021","E09021","E09021",145,128,2,145,0,52,0,53,146,0,150,52,62
"E09022","E09022","E09022",188,175,3,186,0,62,0,62,187,0,187,63,76
"E09023","E09023","E09023",129,122,0,128,0,51,0,51,130,0,130,51,59
"E09025","E09025","E09025",366,326,5,364,1,125,0,125,364,0,364,125,151
"E09026","E09026","E09026",307,280,2,307,1,102,0,102,310,0,310,102,122
"E09027","E09027","E09027",1268,902,71,1263,2,441,53,494,1169,105,1274,494,588
"E09028","E09028","E09028",188,172,1,185,0,61,0,61,187,0,187,62,71
"E09029","E09029","E09029",140,129,1,140,0,50,0,50,142,0,142,50,71
"E09030","E09030","E09030",2477,1532,267,2462,16,765,79,844,2249,183,2432,846,994
"E09031","E09031","E09031",367,336,12,364,0,129,0,130,374,0,376,129,147
"E09032","E09032","E09032",210,183,9,208,0,70,0,70,210,0,210,71,87
"E09033","E09033","E09033",307,272,7,307,0,120,0,120,312,0,312,120,168
"E09034","E09034","E09034",320,298,6,319,0,109,0,109,324,0,324,109,140
"E09036","E09036","E09036",266,244,0,265,0,114,0,114,267,0,267,115,150
"E09037","E09037","E09037",687,603,10,686,0,243,0,243,707,0,707,243,301
"E09038","E09038","E09038",730,652,11,726,0,263,2,265,736,2,738,266,305
"E09039","E09039","E09039",509,443,10,506,0,173,0,173,510,0,510,173,190
"E09040","E09040","E09040",622,553,21,621,0,205,4,209,610,10,620,209,266
"E09041","E09041","E09041",530,457,8,524,0,206,4,210,521,8,529,210,271
"E09042","E09042","E09042",901,774,20,894,1,312,1,313,902,2,904,314,379
"E09043","E09043","E09043",2690,2024,168,2671,15,926,11,937,2699,17,2716,939,1041
"E09044","E09044","E09044",718,594,18,713,0,242,22,265,667,42,711,267,310
"E09045","E09045","E09045",767,665,15,760,3,270,1,271,757,4,761,271,321
"E09046","E09046","E09046",420,377,8,419,0,150,0,151,417,0,421,152,170
"E09047","E09047","E09047",488,438,10,485,0,175,1,177,485,1,488,176,212
"E09048","E09048","E09048",1682,1310,128,1676,1,612,1,616,1677,1,1682,617,730
"E09049","E09049","E09049",487,391,23,484,3,185,0,185,491,0,491,186,214
"E09050","E09050","E09050",298,257,4,295,0,120,0,121,295,0,298,121,147
"E09051","E09051","E09051",5685,3963,518,5652,34,1869,92,1964,5320,203,5528,1967,2244
"E09052","E09052","E09052",238,216,0,238,0,82,0,82,246,0,246,82,108
"E09053","E09053","E09053",802,709,22,799,6,268,0,268,803,0,803,271,314
"E09054","E09054","E09054",985,805,38,981,2,374,37,411,936,61,997,412,514
"E09055","E09055","E09055",1700,1352,60,1685,23,647,27,675,1634,44,1679,679,800
"E10001","E10001","E10001",11007,8003,1211,10953,204,3481,842,4325,8782,1772,10558,4338,4935
"E10002","E10002","E10002",4227,3227,297,4206,32,1382,194,1576,3720,468,4188,1581,1672
"E10003","E10003","E10003",6549,5145,472,6511,55,2163,367,2530,5676,832,6508,2537,2788
"E10004","E10004","E10004",2380,1713,249,2361,9,911,152,1063,2028,324,2352,1067,1183
"E10005","E10005","E10005",1258,834,139,1252,12,364,182,546,900,362,1262,548,705
"E10006","E10006","E10006",1712,1103,198,1677,34,616,152,768,1360,297,1657,776,912
"E10007","E10007","E10007",6702,5005,441,6654,23,2413,245,2658,6247,432,6679,2669,2946
"E10008","E10008","E10008",3009,2663,64,2995,0,998,1,1003,3030,1,3043,1000,1100
"E10009","E10009","E10009",5478,4447,267,5436,53,1864,170,2034,4962,318,5280,2041,2254
"E10010","E10010","E10010",1882,1584,67,1870,16,647,56,704,1664,104,1771,705,784
"E10011","E10011","E10011",711,629,13,708,0,232,0,234,716,0,719,233,254
"E10012","E10012","E10012",1860,1608,62,1850,2,599,32,631,1821,59,1880,636,697
"E10013","E10013","E10013",679,603,6,677,0,216,0,218,684,0,688,217,230
"E10014","E10014","E10014",2364,1966,63,2341,6,798,1,800,2367,2,2371,801,863
"E10015","E10015","E10015",1415,1229,35,1408,4,453,33,487,1337,61,1399,490,579
"E10016","E10016","E10016",3270,2804,98,3257,14,1045,41,1088,3205,79,3288,1089,1182
"E10017","E10017","E10017",677,604,4,673,0,211,3,214,675,9,684,214,225
"E10018","E10018","E10018",1069,945,15,1061,0,379,1,382,1067,3,1074,380,414
"E10019","E10019","E10019",2272,1673,42,2229,1,726,9,737,2173,16,2191,742,851
"E10020","E10020","E10020",752,571,8,744,0,255,0,255,762,0,762,256,282
"E10021","E10021","E10021",2220,1552,97,2159,0,743,48,791,1958,86,2044,812,1227
"E10022","E10022","E10022",1092,910,22,1087,0,349,2,352,1087,3,1092,352,383
"E10024","E10024","E10024",875,596,10,872,0,298,0,298,871,0,871,303,332
"E10025","E10025","E10025",643,546,20,634,0,220,1,225,649,2,657,223,242
"E10026","E10026","E10026",1505,866,64,1477,0,506,20,527,1442,37,1481,535,704
"E10028","E10028","E10028",1065,849,8,1064,1,359,0,359,1075,0,1075,360,410
"E10029","E10029","E10029",1250,1003,26,1245,1,420,9,430,1263,12,1276,433,553
"E10030","E10030","E10030",9301,7019,508,9238,72,3176,116,3293,9035,198,9235,3303,3598
"E10031","E10031","E10031",1321,1034,27,1316,0,415,0,416,1321,0,1325,417,479
"E10032","E10032","E10032",922,820,12,917,2,288,0,291,920,0,923,290,315
"E10033","E10033","E10033",1635,1399,40,1633,0,568,5,574,1633,8,1646,574,659
"E10034","E10034","E10034",880,775,18,877,0,278,0,279,887,0,888,278,292
"E10035","E10035","E10035",1484,1178,34,1475,0,460,0,467,1480,0,1495,463,543
"E10036","E10036","E10036",1060,735,28,1043,0,356,6,362,1022,13,1035,364,413
"E10037","E10037","E10037",3446,2962,132,3431,0,1107,17,1141,3428,28,3482,1129,1306
"E10038","E10038","E10038",1034,912,11,1028,0,321,2,323,1050,6,1056,324,347
"E10039","E10039","E10039",1445,1290,32,1432,1,481,7,491,1451,9,1464,489,517
"E10040","E10040","E10040",1870,1690,32,1864,5,556,2,560,1888,8,1901,558,598
"E10041","E10041","E10041",10951,8512,890,10907,131,3379,108,3492,10792,220,11023,3493,3686
"E10042","E10042","E10042",4003,3462,145,3987,2,1259,11,1280,3929,16,3967,1278,1413
"E10047","E10047","E10047",6754,5345,456,6717,24,2171,120,2291,6549,275,6824,2293,2392
"E11001","E11001","E11001",2219,1766,103,2181,3,777,150,927,1912,232,2144,928,1065
"E11002","E11002","E11002",3814,2337,475,3798,59,927,670,1597,2268,1458,3726,1605,1849
"E11003","E11003","E11003",1383,1036,81,1369,10,419,170,589,933,363,1296,592,689
"E11004","E11004","E11004",1376,1210,32,1361,0,489,2,491,1365,5,1370,494,540
"E11005","E11005","E11005",695,629,21,693,0,224,0,225,703,0,705,224,243
"E11006","E11006","E11006",1291,1178,25,1289,0,458,7,467,1280,17,1304,465,504
"E11007","E11007","E11007",1283,1151,30,1274,1,376,1,379,1238,2,1246,377,422
"E11008","E11008","E11008",14217,10659,1120,14094,140,3784,813,4598,12170,2058,14232,4614,4952
"E11009","E11009","E11009",10698,8439,777,10593,94,2838,593,3434,9209,1497,10711,3438,3725
"E11010","E11010","E11010",8517,6892,474,8458,82,2735,167,2904,8238,348,8592,2906,3079
"E11011","E11011","E11011",4064,3140,249,4037,47,1107,138,1253,3624,328,3970,1249,1335
"E11012","E11012","E11012",1283,1154,28,1275,0,410,6,418,1272,13,1291,418,455
"E11013","E11013","E11013",1879,1606,67,1858,12,604,26,634,1804,46,1859,632,680
"E11014","E11014","E11014",1907,1724,46,1900,1,573,8,588,1910,14,1934,582,638
"E11015","E11015","E11015",1106,977,21,1097,2,331,5,342,1054,11,1080,336,364
"E11016","E11016","E11016",11894,10061,569,11853,69,3305,332,3639,11242,769,12015,3640,3812
"E11017","E11017","E11017",1865,1554,102,1852,22,600,5,606,1872,13,1887,607,671
"E11018","E11018","E11018",1673,1507,37,1664,0,536,20,561,1654,50,1712,558,613
"E11019","E11019","E11019",682,630,9,681,0,243,0,243,683,0,683,244,293
"E11020","E11020","E11020",220,200,2,220,1,68,1,69,219,4,223,69,81
"E11021","E11021","E11021",643,565,23,641,0,208,1,209,635,1,636,209,216
"E11022","E11022","E11022",324,288,5,324,0,110,0,110,331,0,331,111,122
"E11023","E11023","E11023",281,254,7,281,0,90,1,91,281,1,282,91,101
"E11024","E11024","E11024",457,414,8,450,0,159,0,159,451,0,451,161,184
"E11025","E11025","E11025",513,468,6,505,0,167,1,169,509,1,511,170,196
"E11026","E11026","E11026",4980,4008,204,4948,10,1686,12,1700,4949,23,4975,1702,1823
"E11027","E11027","E11027",417,369,18,417,0,138,1,139,418,1,419,139,154
"E11028","E11028","E11028",458,388,9,447,0,149,3,155,441,8,455,154,173
"E11029","E11029","E11029",857,769,12,855,4,306,1,307,826,1,827,309,354
"E11030","E11030","E11030",444,395,13,442,0,142,2,147,432,6,447,144,165
"E11031","E11031","E11031",471,427,9,470,0,158,0,160,474,0,476,158,181
"E11032","E11032","E11032",495,445,10,489,0,173,0,173,498,0,498,173,199
"E11033","E11033","E11033",792,732,15,790,0,244,1,246,791,1,793,245,265
"E11034","E11034","E11034",276,251,8,275,0,87,1,88,275,1,276,88,101
"E11035","E11035","E11035",650,600,4,643,2,233,0,234,642,0,647,234,257
"E11036","E11036","E11036",447,406,10,442,0,153,1,154,451,1,452,156,176
"E11037","E11037","E11037",1032,882,42,1028,0,333,2,337,1026,6,1038,336,364
"E11038","E11038","E11038",822,711,27,817,4,286,6,294,824,9,838,294,326
"E11039","E11039","E11039",193,167,6,192,0,67,3,70,192,5,197,70,77
"E11040","E11040","E11040",427,388,7,425,0,131,9,141,412,17,432,140,154
"E11041","E11041","E11041",982,895,24,980,0,335,1,339,983,4,997,337,375
"E11042","E11042","E11042",344,313,3,342,1,118,0,118,341,0,341,119,134
"E11043","E11043","E11043",2119,1905,62,2108,2,702,15,721,2098,36,2141,717,798
"E11044","E11044","E11044",6250,5206,417,6210,9,1898,104,2005,6023,201,6232,2008,2140
"E11045","E11045","E11045",11501,8637,1297,11394,59,3271,462,3991,10028,1005,11450,3750,4089
"E11046","E11046","E11046",573,507,18,571,1,196,1,197,561,1,562,198,220
"E11047","E11047","E11047",16403,12342,1382,16334,329,4944,390,5342,15521,827,16368,5348,5734
"E11048","E11048","E11048",5471,4576,206,5389,42,1609,42,1655,5140,92,5237,1654,1743
"E11049","E11049","E11049",2363,2112,71,2355,2,745,7,757,2324,14,2351,753,806
"E11050","E11050","E11050",1137,1000,34,1125,0,362,5,370,1126,13,1146,368,388
"E11051","E11051","E11051",1177,1039,39,1175,0,377,6,387,1157,19,1182,383,410
"E11052","E11052","E11052",1034,947,20,1026,1,338,1,339,1028,3,1031,339,370
"E11053","E11053","E11053",2004,1815,65,1991,0,618,1,623,2012,4,2024,620,670
"E11054","E11054","E11054",2263,1982,76,2236,1,686,8,700,2196,16,2222,695,736
"E11055","E11055","E11055",31940,23677,2676,31765,279,9647,708,10373,30252,1651,31949,10370,11012
"E11056","E11056","E11056",1260,1128,42,1251,4,409,1,414,1249,4,1258,411,450
"E11057","E11057","E11057",699,634,5,691,0,233,0,234,696,0,697,234,248
"E11058","E11058","E11058",1936,1673,61,1914,3,605,79,687,1717,178,1901,685,780
"E11059","E11059","E11059",751,656,19,737,0,228,2,230,688,4,692,230,257
"E11060","E11060","E11060",1466,1284,47,1422,0,425,7,438,1302,13,1325,432,453
"E11061","E11061","E11061",590,509,4,580,0,193,4,198,559,7,568,197,230
"E11062","E11062","E11062",377,334,17,376,0,129,1,131,373,2,377,130,153
"E11063","E11063","E11063",315,271,10,307,0,114,0,116,307,0,310,115,128
"E11064","E11064","E11064",420,372,7,412,0,150,0,152,418,0,421,151,192
"E11065","E11065","E11065",211,180,5,209,0,72,1,73,207,1,208,75,94
"E11066","E11066","E11066",423,362,22,415,0,160,5,166,408,6,416,165,211
"E11067","E11067","E11067",2333,1876,55,2321,1,842,54,896,2245,123,2368,899,1018
"E11068","E11068","E11068",241,215,10,241,0,88,0,89,243,0,244,88,105
"E11069","E11069","E11069",877,774,37,871,0,302,0,302,885,0,885,302,338
"E11070","E11070","E11070",2771,2189,140,2759,20,906,100,1007,2546,202,2750,1007,1126
"E11071","E11071","E11071",567,516,11,565,0,170,1,171,519,1,520,172,194
"E11072","E11072","E11072",810,755,10,806,1,262,7,269,810,13,823,269,286
"E11073","E11073","E11073",440,405,6,437,0,146,2,150,434,5,442,149,167
"E11074","E11074","E11074",2247,1964,80,2239,5,683,11,694,2242,23,2265,695,750
"E11075","E11075","E11075",552,503,12,540,0,175,1,178,531,2,539,176,189
"E11076","E11076","E11076",516,478,8,510,0,156,3,162,497,7,507,159,166
"E11077","E11077","E11077",1065,955,38,1065,4,330,1,333,1060,2,1069,332,354
"E11078","E11078","E11078",791,689,23,780,0,245,5,251,779,17,798,252,279
"E11079","E11079","E11079",1260,1095,40,1252,12,406,11,420,1256,22,1290,418,452
"E11080","E11080","E11080",583,530,22,583,0,189,2,191,581,8,589,192,214
"E11081","E11081","E11081",4858,3998,256,4835,42,1401,109,1513,4560,247,4814,1515,1636
"E11082","E11082","E11082",576,518,12,571,0,177,0,177,572,0,572,177,192
"E11083","E11083","E11083",408,367,6,407,0,131,0,131,413,0,413,131,142
"E11084","E11084","E11084",1363,1218,37,1362,1,429,6,435,1366,8,1374,436,486
"E11085","E11085","E11085",2297,1987,67,2286,2,736,41,779,2251,63,2316,778,848
"E11086","E11086","E11086",595,551,16,594,0,195,1,197,592,1,597,197,213
"E11087","E11087","E11087",696,629,10,689,0,209,2,213,685,5,694,211,224
"E11088","E11088","E11088",517,474,12,514,0,169,0,169,518,0,518,169,182
"E11089","E11089","E11089",1660,1507,43,1657,7,526,7,534,1668,13,1683,534,575
"E11090","E11090","E11090",1095,964,36,1092,1,340,4,346,1099,8,1109,344,376
"E11091","E11091","E11091",1453,1204,65,1446,3,459,44,504,1368,93,1465,503,556
"E11092","E11092","E11092",9201,7553,382,9139,57,2905,152,3063,8721,297,9031,3070,3272
"E12001","E12001","E12001",4726,3736,213,4653,18,1535,256,1823,3963,513,4522,1795,2071
"E12002","E12002","E12002",11957,9096,829,11789,112,3827,554,4406,10275,1004,11380,4400,4873
"E12003","E12003","E12003",741,688,10,740,1,258,3,265,720,4,737,262,291
"E12004","E12004","E12004",2215,1830,56,2198,14,719,82,802,1996,156,2154,802,908
"E12005","E12005","E12005",1300,1133,18,1296,4,475,0,478,1293,0,1301,476,531
"E12006","E12006","E12006",121,112,1,121,0,46,0,47,123,0,124,46,54
"E12007","E12007","E12007",1044,926,19,1032,3,374,0,375,1043,0,1045,376,418
"E12008","E12008","E12008",345,323,2,343,0,124,0,124,348,0,348,124,140
"E12009","E12009","E12009",334,316,4,331,0,108,0,111,326,0,332,109,130
"E12010","E12010","E12010",276,254,2,271,0,85,1,89,265,2,271,87,105
"E12011","E12011","E12011",543,503,11,540,0,180,0,180,541,0,541,181,195
"E12012","E12012","E12012",361,331,4,358,0,111,0,111,372,0,372,111,126
"E12013","E12013","E12013",454,421,9,452,0,146,0,152,450,0,461,146,166
"E12014","E12014","E12014",153,138,2,149,0,56,0,57,148,0,150,56,65
"E12015","E12015","E12015",1281,1164,22,1269,3,475,6,484,1267,10,1283,482,552
"E12016","E12016","E12016",588,550,5,584,0,201,0,203,534,0,537,201,226
"E12017","E12017","E12017",369,335,8,366,0,129,0,129,359,0,359,129,139
"E12018","E12018","E12018",393,366,6,391,0,136,0,136,399,0,399,136,155
"E12019","E12019","E12019",398,382,4,398,0,140,0,143,407,0,411,141,164
"E12020","E12020","E12020",1486,1343,36,1483,1,544,0,551,1489,0,1515,546,623
"E12021","E12021","E12021",276,262,2,274,0,95,0,95,275,0,275,95,107
"E12022","E12022","E12022",596,551,8,591,0,205,2,207,551,9,560,209,243
"E12023","E12023","E12023",223,205,3,221,0,70,0,71,223,0,224,70,80
"E12024","E12024","E12024",356,319,8,352,0,125,0,126,359,0,360,125,140
"E12025","E12025","E12025",161,144,2,161,0,55,0,55,170,0,170,56,61
"E12026","E12026","E12026",353,310,8,347,3,139,4,143,347,5,352,144,158
"E12027","E12027","E12027",548,487,6,548,0,192,0,193,553,0,555,193,214
"E12028","E12028","E12028",263,239,11,260,0,87,0,90,252,0,260,89,103
"E12029","E12029","E12029",628,593,8,628,0,227,0,227,636,0,636,227,252
"E12030","E12030","E12030",497,468,7,496,0,161,1,163,504,2,509,162,177
"E12031","E12031","E12031",272,250,3,270,1,118,4,122,264,5,269,122,146
"E12032","E12032","E12032",363,332,9,360,0,127,0,132,352,0,361,128,138
"E12033","E12033","E12033",721,680,2,716,0,247,1,254,704,5,718,249,272
"E12035","E12035","E12035",1388,1251,24,1381,0,475,2,478,1393,7,1401,479,514
"E12036","E12036","E12036",652,588,11,650,0,209,2,214,649,5,658,211,233
"E12037","E12037","E12037",1141,1048,23,1138,0,379,0,381,1156,0,1161,380,404
"E12038","E12038","E12038",825,765,10,820,0,266,5,274,817,10,833,271,289
"E12039","E12039","E12039",508,461,14,507,0,164,0,168,507,0,517,164,173
"E12040","E12040","E12040",570,546,5,570,1,179,0,182,569,0,572,179,195
"E12041","E12041","E12041",890,808,13,885,0,288,0,288,890,0,890,288,307
"E12042","E12042","E12042",7612,5385,694,7571,59,2233,312,2547,6866,731,7600,2549,2772
"E12044","E12044","E12044",198,173,5,196,0,59,0,60,196,0,197,59,63
"E12045","E12045","E12045",892,809,19,886,4,291,4,302,875,6,896,297,319
"E12046","E12046","E12046",371,325,6,366,0,143,0,144,378,0,379,143,155
"E12047","E12047","E12047",185,169,5,185,0,63,0,63,189,0,189,63,66
"E12048","E12048","E12048",170,156,1,170,0,62,0,62,172,0,172,62,74
"E12049","E12049","E12049",200,191,1,200,0,71,0,71,205,0,205,71,73
"E12050","E12050","E12050",784,707,7,777,0,277,1,279,787,1,789,281,314
"E12051","E12051","E12051",385,353,8,384,0,128,1,131,375,3,380,129,148
"E12052","E12052","E12052",515,464,6,513,0,167,2,170,517,6,525,170,183
"E12053","E12053","E12053",291,257,8,285,0,98,1,101,291,1,294,100,114
"E12054","E12054","E12054",665,576,18,664,0,179,0,179,530,0,530,179,200
"E12055","E12055","E12055",159,152,1,159,0,50,0,50,158,0,158,50,53
"E12056","E12056","E12056",1041,935,19,1038,6,386,3,391,1006,8,1016,391,430
"E12057","E12057","E12057",215,184,9,215,0,86,0,86,214,0,214,86,102
"E12058","E12058","E12058",108,100,0,108,0,36,0,36,108,0,108,36,44
"E12059","E12059","E12059",659,594,18,652,0,208,0,208,663,0,663,208,226
"E12060","E12060","E12060",407,373,3,404,0,131,0,134,400,0,408,131,140
"E12061","E12061","E12061",353,325,9,353,0,116,0,116,359,0,359,116,133
"E12062","E12062","E12062",1701,1536,50,1689,1,563,3,573,1687,3,1704,567,618
"E12063","E12063","E12063",4229,3803,97,4209,18,1464,15,1487,4088,30,4139,1485,1610
"E12064","E12064","E12064",727,659,8,722,1,229,0,233,716,0,726,231,254
"E12065","E12065","E12065",1619,1488,30,1615,1,543,6,556,1614,13,1644,549,603
"E12066","E12066","E12066",297,284,5,297,0,88,0,92,286,0,292,88,103
"E12067","E12067","E12067",798,714,32,788,0,252,1,254,809,1,811,253,277
"E12068","E12068","E12068",1659,1537,13,1648,0,551,6,562,1644,10,1666,558,602
"E12069","E12069","E12069",366,335,10,365,0,119,0,120,370,0,371,119,130
"E12070","E12070","E12070",590,549,5,589,0,204,0,205,589,0,594,204,215
"E12071","E12071","E12071",448,409,7,448,0,134,0,137,442,0,452,134,150
"E12072","E12072","E12072",553,516,4,553,0,185,0,187,557,0,560,185,208
"E12073","E12073","E12073",1321,1220,21,1318,0,435,3,441,1327,7,1341,438,470
"E12074","E12074","E12074",271,254,6,271,0,91,0,92,275,0,276,91,109
"E12075","E12075","E12075",771,709,17,768,0,261,0,261,771,0,771,261,285
"E12076","E12076","E12076",268,252,2,266,0,78,0,82,256,0,267,78,87
"E12077","E12077","E12077",161,151,3,161,0,50,0,52,153,0,159,50,54
"E12078","E12078","E12078",2591,2121,116,2578,9,813,56,873,2368,148,2531,871,1021
"E12079","E12079","E12079",753,692,17,752,0,241,0,243,746,0,751,241,267
"E12080","E12080","E12080",428,384,6,426,0,158,0,159,418,0,421,158,168
"E12081","E12081","E12081",460,415,12,457,0,147,0,150,469,0,472,147,154
"E12082","E12082","E12082",461,430,7,459,0,151,0,152,462,0,464,151,171
"E12083","E12083","E12083",1513,1398,25,1505,3,478,0,479,1466,0,1469,478,522
"E12084","E12084","E12084",822,758,23,819,0,262,1,266,816,7,829,263,287
"E12085","E12085","E12085",300,278,4,300,0,93,0,95,283,0,287,94,107
"E12086","E12086","E12086",467,437,2,465,0,152,0,153,461,0,467,152,162
"E12087","E12087","E12087",3555,2398,354,3539,114,1184,0,1185,3576,0,3577,1187,1282
"E13001","E13001","E13001",4811,3227,458,4714,433,1246,735,1982,2853,1616,4470,1993,2318
"E13002","E13002","E13002",3403,2599,227,3383,99,1093,368,1461,2624,701,3325,1466,1741
"E13003","E13003","E13003",8020,5442,1174,7961,220,2392,338,2747,6802,713,7580,2767,3210
"E13004","E13004","E13004",785,719,21,782,1,275,2,277,789,3,792,278,300
"E13005","E13005","E13005",240,220,5,240,0,76,0,76,252,0,252,76,82
"E13006","E13006","E13006",578,504,21,572,0,198,2,201,583,3,587,201,225
"E13007","E13007","E13007",805,755,13,801,0,274,3,277,815,7,822,278,290
"E13008","E13008","E13008",774,714,18,770,3,256,5,261,775,8,783,263,306
"E13009","E13009","E13009",922,814,20,908,0,292,8,302,848,12,863,304,353
"E13010","E13010","E13010",397,371,9,396,0,139,0,140,396,0,398,139,161
"E13011","E13011","E13011",469,425,13,466,0,137,0,137,403,0,403,137,162
"E13012","E13012","E13012",3521,2927,179,3498,23,1169,139,1309,3227,259,3488,1318,1421
"E13013","E13013","E13013",743,652,16,741,0,232,5,240,741,12,758,237,258
"E13014","E13014","E13014",3155,2556,194,3131,69,1051,11,1066,3143,17,3173,1066,1153
"E13015","E13015","E13015",186,163,1,186,0,66,0,67,191,0,193,66,75
"E13016","E13016","E13016",719,654,17,717,0,245,2,249,713,3,722,247,279
"E13017","E13017","E13017",293,267,10,292,0,104,0,104,299,0,299,105,119
"E13018","E13018","E13018",494,430,8,494,0,152,0,152,496,0,496,152,161
"E13019","E13019","E13019",735,642,20,733,0,262,1,263,738,1,739,264,309
"E13020","E13020","E13020",259,231,5,259,0,94,0,94,264,0,264,94,102
"E13021","E13021","E13021",261,243,7,260,0,89,0,89,261,0,261,89,101
"E13022","E13022","E13022",417,381,6,417,0,130,0,131,429,0,430,130,139
"E13023","E13023","E13023",129,124,1,128,0,47,0,47,128,0,128,47,52
"E13024","E13024","E13024",198,182,4,196,0,77,0,77,198,0,198,77,91
"E13025","E13025","E13025",147,121,2,146,0,50,0,50,150,0,150,50,61
"E13026","E13026","E13026",183,164,1,183,0,61,0,62,186,0,189,61,71
"E13027","E13027","E13027",249,221,4,248,0,98,0,98,250,0,250,98,116
"E13028","E13028","E13028",352,306,4,351,0,125,7,132,340,13,353,132,155
"E13029","E13029","E13029",248,226,6,247,0,101,0,102,246,0,247,101,126
"E13030","E13030","E13030",186,161,6,185,0,67,0,67,185,0,185,67,75
"E13031","E13031","E13031",128,121,0,128,0,49,0,49,127,0,127,49,61
"E13032","E13032","E13032",386,342,5,386,0,141,1,143,383,2,386,142,162
"E13033","E13033","E13033",268,226,10,268,0,109,0,109,270,0,270,109,135
"E13034","E13034","E13034",178,160,4,177,0,64,0,64,177,0,177,64,70
"E13035","E13035","E13035",339,302,7,339,0,116,0,116,339,0,339,116,123
"E13036","E13036","E13036",306,261,6,306,0,96,3,100,305,3,310,99,107
"E13037","E13037","E13037",275,236,4,272,0,90,0,92,274,0,278,90,105
"E13038","E13038","E13038",538,486,13,534,0,170,3,174,536,4,542,173,194
"E13039","E13039","E13039",610,507,34,607,0,220,8,228,596,19,615,230,262
"E13040","E13040","E13040",266,240,7,266,0,111,1,112,277,3,280,112,119
"E13041","E13041","E13041",1135,912,72,1126,4,374,6,380,1134,9,1143,380,450
"E13042","E13042","E13042",296,257,13,292,0,98,0,98,297,0,297,99,111
"E13043","E13043","E13043",422,375,11,420,0,155,0,156,418,0,420,155,173
"E13044","E13044","E13044",404,346,13,404,0,139,7,146,395,13,408,146,175
"E13045","E13045","E13045",276,231,10,274,0,104,0,106,270,0,273,104,127
"E13046","E13046","E13046",225,187,7,219,2,87,0,87,221,0,221,89,113
"E13047","E13047","E13047",1143,992,33,1130,3,379,4,385,1130,9,1144,385,436
"E13048","E13048","E13048",493,428,11,493,0,166,0,166,503,0,503,166,188
"E13049","E13049","E13049",243,218,7,242,0,83,1,84,244,1,245,84,100
"E13050","E13050","E13050",1508,1240,67,1498,1,557,28,585,1463,48,1511,586,671
"E13051","E13051","E13051",515,433,20,514,0,157,1,158,517,6,523,158,167
"E13052","E13052","E13052",312,271,6,308,3,106,0,106,315,0,315,107,116
"E13053","E13053","E13053",323,292,13,323,0,100,1,103,324,1,330,101,113
"E13055","E13055","E13055",778,700,30,778,0,275,3,279,785,5,791,278,313
"E13056","E13056","E13056",389,346,7,387,0,125,1,126,379,2,381,127,135
"E13057","E13057","E13057",554,510,10,552,0,200,0,201,562,0,563,200,225
"E13058","E13058","E13058",788,683,22,758,2,264,4,269,709,8,718,268,289
"E13059","E13059","E13059",348,316,10,343,0,120,1,123,344,2,351,121,140
"E13060","E13060","E13060",1116,958,63,1106,9,343,68,411,990,119,1109,413,445
"E13061","E13061","E13061",1736,1557,55,1729,1,583,9,593,1715,21,1737,593,641
"E13062","E13062","E13062",824,748,9,820,0,273,3,277,831,4,838,278,306
"E13063","E13063","E13063",362,334,6,362,0,116,3,119,370,4,374,119,122
"E13064","E13064","E13064",380,349,7,379,0,117,1,120,380,2,387,118,128
"E13065","E13065","E13065",697,647,6,694,0,221,3,225,626,7,634,225,248
"E13066","E13066","E13066",469,435,2,463,0,162,1,168,453,2,466,163,190
"E13067","E13067","E13067",260,226,4,256,1,94,0,95,262,0,263,94,108
"E13068","E13068","E13068",268,242,6,268,0,92,0,92,273,0,273,93,105
"E13069","E13069","E13069",217,196,4,217,0,80,1,82,217,1,219,81,103
"E13070","E13070","E13070",431,381,12,428,1,143,4,148,439,4,444,147,166
"E13071","E13071","E13071",436,392,5,436,0,132,1,133,447,2,449,133,147
"E13072","E13072","E13072",176,161,5,174,0,68,1,69,175,2,177,69,92
"E13073","E13073","E13073",285,258,6,284,0,97,1,98,289,3,292,98,107
"E13074","E13074","E13074",605,547,13,599,0,192,0,192,607,0,607,194,208
"E13075","E13075","E13075",749,694,10,747,0,252,2,254,763,4,767,255,285
"E13076","E13076","E13076",570,504,17,563,0,191,0,191,564,0,564,191,215
"E13077","E13077","E13077",449,402,23,445,0,150,0,150,457,0,457,150,163
"E13078","E13078","E13078",175,157,3,174,0,58,0,58,170,0,170,58,63
"E13079","E13079","E13079",1909,1404,189,1895,13,580,104,688,1651,244,1904,688,758
"E13080","E13080","E13080",621,568,7,617,0,226,12,239,599,27,627,238,266
"E13081","E13081","E13081",369,333,6,367,0,123,0,124,368,0,370,125,152
"E13082","E13082","E13082",2039,1700,71,2033,30,662,16,678,1950,35,1985,678,722
"E13083","E13083","E13083",3245,2484,215,3214,53,962,75,1039,3027,142,3171,1043,1122
"E13084","E13084","E13084",609,553,8,606,1,200,0,203,607,0,610,201,226
"E13086","E13086","E13086",223,203,6,222,0,73,0,73,223,0,223,74,88
"E13087","E13087","E13087",389,361,7,385,0,125,0,125,398,0,398,125,141
"E13088","E13088","E13088",320,264,21,317,0,101,3,104,316,8,324,104,115
"E13089","E13089","E13089",11633,8938,839,11569,97,3731,126,3859,11292,247,11541,3862,4102
"E13090","E13090","E13090",5877,4287,439,5836,113,1767,488,2258,4806,922,5732,2262,2540
"E13091","E13091","E13091",5002,3684,374,4918,56,1372,624,1996,3552,1313,4865,2004,2251
"E13092","E13092","E13092",656,553,37,647,4,221,7,230,581,12,597,230,261
"E13093","E13093","E13093",262,242,8,261,0,81,0,82,252,0,257,82,91
"E13094","E13094","E13094",480,429,12,468,0,173,1,174,470,2,472,174,186
"E13095","E13095","E13095",322,290,8,321,0,119,1,121,335,2,338,120,131
"E13096","E13096","E13096",524,468,8,523,0,179,3,182,522,10,532,182,197
"E13097","E13097","E13097",310,284,4,306,0,111,0,114,301,0,310,112,123
"E13098","E13098","E13098",400,385,0,400,0,136,0,136,407,0,407,136,148
"E13099","E13099","E13099",534,477,10,528,0,167,0,167,538,0,538,167,187
"E13100","E13100","E13100",259,239,4,255,0,94,2,97,257,2,261,97,111
"E13101","E13101","E13101",357,323,10,357,0,122,1,123,361,2,363,123,136
"E13102","E13102","E13102",236,209,3,234,0,80,0,80,236,0,236,80,89
"E13103","E13103","E13103",517,417,71,507,0,139,0,139,409,0,409,140,162
"E13104","E13104","E13104",449,408,5,447,0,148,0,150,451,0,455,148,167
"E13105","E13105","E13105",422,383,11,421,2,138,0,139,426,0,428,139,149
"E13106","E13106","E13106",294,269,8,294,0,105,0,106,299,0,300,105,130
"E14001","E14001","E14001",2695,1967,178,2577,44,982,139,1123,2094,250,2349,1124,1498
"E14002","E14002","E14002",3961,3154,140,3940,25,1469,327,1796,3325,576,3901,1802,2147
"E14003","E14003","E14003",699,401,55,688,11,140,195,335,347,345,692,336,388
"E14004","E14004","E14004",1702,1275,112,1690,20,561,288,849,1202,438,1640,856,1066
"E14005","E14005","E14005",4277,3538,154,4244,22,1589,228,1818,3671,403,4075,1825,2151
"E14006","E14006","E14006",1392,945,133,1365,20,380,261,641,831,401,1232,646,809
"E14007","E14007","E14007",818,748,10,811,0,283,4,290,815,10,830,288,328
"E14008","E14008","E14008",503,464,6,502,0,156,0,157,505,0,507,157,171
"E14009","E14009","E14009",1332,1174,19,1328,1,463,2,471,1332,3,1351,466,507
"E14010","E14010","E14010",1705,1549,25,1699,0,584,1,586,1708,1,1710,586,655
"E14011","E14011","E14011",516,451,14,514,0,166,2,168,523,2,525,168,198
"E14012","E14012","E14012",802,679,21,798,0,281,1,282,805,4,809,285,448
"E14013","E14013","E14013",1252,1126,15,1248,0,435,5,440,1248,7,1255,440,505
"E14014","E14014","E14014",1509,1346,22,1496,0,505,1,508,1530,3,1535,507,556
"E14015","E14015","E14015",964,888,7,960,0,334,2,337,978,9,990,337,378
"E14016","E14016","E14016",502,474,4,500,0,172,1,173,509,3,512,173,183
"E14017","E14017","E14017",1284,1132,29,1275,0,443,5,454,1274,6,1295,453,612
"E14018","E14018","E14018",987,848,27,972,0,342,10,355,946,19,971,360,567
"E14019","E14019","E14019",1333,1223,19,1328,1,458,2,463,1316,5,1327,460,503
"E14020","E14020","E14020",1597,1418,29,1585,0,529,4,537,1548,7,1562,534,586
"E14021","E14021","E14021",10897,8912,403,10847,92,3846,157,4009,10502,326,10845,4010,4402
"E14022","E14022","E14022",1598,1404,48,1594,3,554,51,608,1525,86,1616,609,698
"E14023","E14023","E14023",433,389,21,433,0,142,0,142,444,0,444,142,156
"E14024","E14024","E14024",731,671,6,729,0,241,0,245,733,0,738,241,275
"E14025","E14025","E14025",1041,953,11,1031,0,384,0,385,1056,0,1058,387,430
"E14026","E14026","E14026",1550,1418,24,1547,0,507,2,511,1552,5,1561,512,556
"E14027","E14027","E14027",848,765,13,842,3,255,0,255,759,0,759,256,278
"E14028","E14028","E14028",476,435,6,475,0,174,0,175,482,0,486,174,191
"E14029","E14029","E14029",510,465,6,506,0,186,2,189,502,3,513,188,213
"E14030","E14030","E14030",1113,1017,11,1109,0,385,2,387,1112,4,1116,389,426
"E14031","E14031","E14031",460,405,10,457,0,162,4,168,457,9,468,167,195
"E14032","E14032","E14032",2440,1933,161,2419,21,827,84,919,2220,179,2428,915,1012
"E14033","E14033","E14033",524,495,5,516,0,171,0,171,522,0,522,173,188
"E14034","E14034","E14034",787,696,20,777,0,262,0,263,789,0,791,263,280
"E14035","E14035","E14035",522,483,9,522,0,176,0,177,516,0,521,177,191
"E14036","E14036","E14036",1029,962,5,1026,0,345,6,355,1015,12,1034,353,378
"E14037","E14037","E14037",1037,954,19,1033,0,348,0,350,1035,0,1040,349,381
"E14038","E14038","E14038",840,755,11,837,3,287,1,290,847,2,853,290,301
"E14039","E14039","E14039",4410,3479,194,4376,23,1541,56,1599,4203,105,4312,1605,2307
"E14040","E14040","E14040",555,506,11,553,0,186,0,187,557,0,560,186,203
"E14041","E14041","E14041",630,552,8,626,0,198,0,198,633,0,633,198,220
"E14042","E14042","E14042",1227,1091,29,1226,0,437,5,443,1218,7,1226,442,489
"E14043","E14043","E14043",432,394,2,427,0,147,1,150,441,1,446,148,162
"E14044","E14044","E14044",922,826,24,920,0,318,2,329,927,5,949,321,470
"E14045","E14045","E14045",938,807,44,928,3,297,9,311,900,21,931,306,350
"E14046","E14046","E14046",1381,1250,21,1364,0,417,1,418,1393,1,1394,419,464
"E14047","E14047","E14047",509,458,8,509,0,185,8,196,510,14,527,194,334
"E14048","E14048","E14048",1199,1075,26,1197,0,406,8,420,1170,17,1203,414,443
"E14049","E14049","E14049",3012,2552,108,2972,1,973,49,1030,2653,103,2770,1040,1771
"E14050","E14050","E14050",691,560,29,681,1,255,2,261,643,4,655,265,447
"E14051","E14051","E14051",8365,6643,393,8303,5,2664,145,2811,7911,277,8191,2821,3015
"E14052","E14052","E14052",3786,2943,233,3754,17,1289,280,1570,3288,469,3759,1577,1807
"E14053","E14053","E14053",365,329,8,364,0,120,1,121,370,1,371,122,137
"E14054","E14054","E14054",1180,1031,33,1174,13,372,4,379,1117,11,1134,376,430
"E14055","E14055","E14055",890,793,26,885,4,289,2,297,896,5,914,292,431
"E14056","E14056","E14056",638,581,10,638,1,215,4,221,637,8,647,220,255
"E14057","E14057","E14057",664,551,21,659,0,238,2,243,662,5,670,241,348
"E14058","E14058","E14058",488,442,4,481,0,157,0,159,484,0,490,157,179
"E14059","E14059","E14059",1056,967,28,1054,1,338,2,341,1064,4,1073,340,380
"E14060","E14060","E14060",878,801,13,877,0,301,2,308,869,3,881,305,351
"E14061","E14061","E14061",725,669,10,722,0,223,1,226,720,4,730,224,260
"E14062","E14062","E14062",683,599,9,681,4,215,2,219,675,3,684,218,238
"E14063","E14063","E14063",887,775,18,873,1,287,5,295,873,8,888,292,345
"E14064","E14064","E14064",1045,930,27,1040,0,324,0,328,1044,0,1049,326,376
"E14065","E14065","E14065",675,606,16,670,0,227,5,234,661,10,679,232,247
"E14066","E14066","E14066",793,741,8,793,3,275,0,276,800,0,803,275,309
"E14067","E14067","E14067",1363,1189,41,1348,0,525,7,533,1319,16,1337,540,863
"E14068","E14068","E14068",104,99,2,104,0,34,0,34,104,0,104,34,38
"E14069","E14069","E14069",636,560,15,629,1,217,0,218,633,0,634,217,241
"E14070","E14070","E14070",546,503,8,541,0,192,3,195,547,3,550,195,227
"E14071","E14071","E14071",618,541,10,614,0,199,3,207,597,9,618,203,226
"E14072","E14072","E14072",965,859,12,956,2,351,2,358,948,6,964,354,401
"E14073","E14073","E14073",463,420,8,459,0,150,0,152,464,0,469,151,181
"E14074","E14074","E14074",329,289,5,327,0,109,1,110,326,4,330,110,126
"E14075","E14075","E14075",972,812,23,959,0,381,4,387,969,5,980,388,679
"E14076","E14076","E14076",678,574,17,664,0,208,5,213,611,7,618,214,264
"E14077","E14077","E14077",602,542,9,599,0,202,0,205,593,0,596,203,222
"E14078","E14078","E14078",433,404,8,433,0,142,0,143,448,0,450,142,156
"E14079","E14079","E14079",763,671,17,758,0,289,1,291,762,1,764,290,352
"E14080","E14080","E14080",886,797,11,885,0,305,1,306,846,4,850,306,339
"E14081","E14081","E14081",579,516,11,576,0,211,0,214,577,0,587,211,240
"E14082","E14082","E14082",4164,3094,147,4136,50,1408,65,1475,3993,139,4137,1477,1582
"E14083","E14083","E14083",741,656,12,731,0,233,3,243,715,6,741,237,281
"E14084","E14084","E14084",498,425,33,491,0,146,3,150,455,9,465,150,163
"E14085","E14085","E14085",922,803,22,913,0,345,0,347,933,0,938,346,424
"E14086","E14086","E14086",265,242,2,265,0,83,0,84,266,0,267,83,98
"E14087","E14087","E14087",494,456,9,487,0,155,1,156,497,1,498,158,174
"E14088","E14088","E14088",840,564,97,751,0,260,0,261,726,0,727,288,489
"E14089","E14089","E14089",1744,1498,23,1731,0,622,6,636,1725,10,1748,631,749
"E14090","E14090","E14090",678,612,11,670,0,226,1,227,677,1,678,230,272
"E14091","E14091","E14091",621,562,14,616,0,199,0,200,620,0,623,199,216
"E14092","E14092","E14092",3011,2533,91,2986,60,1088,33,1125,2972,58,3037,1123,1232
"E14093","E14093","E14093",982,886,15,976,1,356,8,368,972,12,992,367,564
"E14094","E14094","E14094",807,729,14,798,0,250,11,263,693,32,729,263,287
"E14095","E14095","E14095",587,529,6,584,0,201,2,204,589,3,596,203,228
"E14096","E14096","E14096",583,501,12,577,3,204,0,210,571,0,585,205,231
"E14097","E14097","E14097",1310,1126,21,1301,0,462,17,480,1274,32,1311,483,626
"E14098","E14098","E14098",963,848,13,959,0,320,1,323,971,1,975,323,357
"E14099","E14099","E14099",1831,1578,62,1793,11,616,11,630,1808,21,1839,627,685
"E14100","E14100","E14100",1114,1005,26,1105,2,400,2,404,1111,3,1121,402,439
"E14101","E14101","E14101",642,552,7,640,0,235,1,238,638,1,644,238,305
"E14102","E14102","E14102",880,772,29,877,0,284,1,289,847,1,858,285,317
"E14103","E14103","E14103",609,503,20,602,0,203,0,203,625,0,625,204,224
"E14104","E14104","E14104",560,483,12,558,0,173,5,185,538,14,567,180,199
"E14105","E14105","E14105",556,497,17,552,1,208,0,211,553,0,559,208,241
"E14106","E14106","E14106",332,297,2,328,3,117,0,117,333,0,333,119,131
"E14107","E14107","E14107",525,469,13,523,0,198,2,204,519,4,534,200,232
"E14108","E14108","E14108",508,444,10,504,0,168,5,176,499,7,510,174,209
"E14109","E14109","E14109",927,747,44,896,1,335,3,339,893,7,904,338,386
"E14110","E14110","E14110",768,704,5,765,0,248,2,250,767,8,775,251,277
"E14111","E14111","E14111",2469,2032,102,2451,0,890,19,925,2432,31,2489,918,1197
"E14112","E14112","E14112",762,665,16,750,0,252,8,260,705,11,716,260,285
"E14113","E14113","E14113",1073,853,73,1061,0,384,0,388,1020,0,1025,386,455
"E14114","E14114","E14114",625,532,20,612,0,241,3,249,606,6,619,247,416
"E14115","E14115","E14115",600,543,6,597,0,194,1,195,610,1,611,195,247
"E14116","E14116","E14116",537,486,9,537,0,178,1,185,530,2,552,179,197
"E14117","E14117","E14117",1818,1596,45,1806,4,618,7,634,1813,13,1848,627,677
"E14118","E14118","E14118",2234,1829,87,2198,1,764,36,807,1911,66,1989,813,1890
"E14119","E14119","E14119",2719,1997,367,2687,0,985,14,1005,2403,27,2441,1015,1539
"E14120","E14120","E14120",507,438,14,505,0,190,13,204,495,16,512,203,250
"E14121","E14121","E14121",1201,1053,36,1197,0,416,23,444,1145,41,1201,439,467
"E14122","E14122","E14122",550,483,9,543,0,201,2,205,547,4,555,203,260
"E14123","E14123","E14123",14194,11417,682,14097,243,4957,229,5189,13378,435,13825,5196,5650
"E14124","E14124","E14124",541,495,19,541,0,181,0,183,543,0,546,182,201
"E15001","E15001","E15001",10367,8596,424,10320,47,3651,243,3895,10002,439,10446,3904,4351
"E15002","E15002","E15002",3023,2385,135,2986,10,921,206,1129,2561,414,2984,1132,1234
"E15003","E15003","E15003",1876,1382,171,1868,51,571,193,764,1414,481,1895,765,852
"E15004","E15004","E15004",6898,4697,975,6772,97,1632,853,2494,4490,1684,6188,2503,2729
"E15005","E15005","E15005",6606,5213,513,6535,58,2260,273,2538,6042,591,6643,2537,2689
"E15006","E15006","E15006",2348,2084,69,2345,10,701,100,801,2147,218,2365,801,852
"E15007","E15007","E15007",7102,5766,398,7050,57,2442,311,2753,6428,596,7024,2763,3051
"E15008","E15008","E15008",153,131,7,150,0,48,1,51,147,4,155,49,60
"E15009","E15009","E15009",3029,2489,170,2992,14,951,124,1075,2737,224,2961,1076,1181
"E15010","E15010","E15010",4588,3832,192,4567,4,1337,270,1608,4026,628,4658,1609,1797
"E15011","E15011","E15011",2243,1782,144,2198,2,651,5,656,2184,12,2196,660,723
"E15012","E15012","E15012",463,416,15,461,0,142,3,148,451,6,463,146,160
"E15013","E15013","E15013",586,520,23,584,0,192,11,206,553,19,579,204,234
"E15014","E15014","E15014",1580,1398,33,1573,21,504,22,526,1515,38,1553,527,582
"E15015","E15015","E15015",215,199,3,214,0,73,0,73,219,0,219,73,82
"E15016","E15016","E15016",270,249,2,269,0,94,1,95,268,1,269,95,114
"E15017","E15017","E15017",820,730,18,811,0,260,10,271,808,25,834,272,306
"E15018","E15018","E15018",351,318,6,351,0,134,0,134,353,0,353,135,167
"E15019","E15019","E15019",257,232,6,256,0,91,2,93,264,6,270,93,101
"E15020","E15020","E15020",271,250,6,271,0,95,2,98,274,3,279,97,111
"E15021","E15021","E15021",1093,929,42,1079,3,344,21,367,1028,70,1100,369,399
"E15022","E15022","E15022",861,717,40,852,0,284,6,293,846,10,863,292,342
"E15023","E15023","E15023",188,170,4,184,0,55,0,57,183,0,189,55,71
"E15024","E15024","E15024",498,446,11,493,4,151,0,152,448,0,449,152,178
"E15025","E15025","E15025",291,245,8,286,0,95,0,97,294,0,299,95,106
"E15026","E15026","E15026",463,407,10,459,0,172,3,175,462,8,470,175,194
"E15027","E15027","E15027",456,419,9,455,1,154,0,154,463,0,463,154,175
"E15028","E15028","E15028",472,409,3,463,0,158,5,167,453,7,467,166,192
"E15029","E15029","E15029",495,447,13,488,0,159,0,159,504,0,504,161,176
"E15030","E15030","E15030",387,357,1,382,0,128,1,129,384,2,386,129,152
"E15031","E15031","E15031",314,286,4,313,0,99,5,104,306,9,315,105,114
"E15032","E15032","E15032",7707,6273,388,7599,37,2354,195,2553,7319,378,7705,2561,2714
"E15033","E15033","E15033",3173,2489,201,3048,9,922,48,970,2805,112,2917,975,1062
"E15034","E15034","E15034",8137,6516,500,7978,29,2573,331,2907,7293,684,7981,2922,3181
"E15035","E15035","E15035",15082,12339,877,14847,116,4542,435,4983,13792,1021,14827,4984,5215
"E15036","E15036","E15036",889,722,39,873,4,279,2,283,864,5,871,281,302
"E15037","E15037","E15037",388,333,14,383,0,134,1,139,382,3,391,135,149
"E15038","E15038","E15038",1415,1267,24,1402,3,485,1,498,1399,1,1430,488,570
"E15039","E15039","E15039",1973,1672,65,1933,1,649,5,655,1847,9,1857,657,758
"E15040","E15040","E15040",728,592,23,684,0,253,6,263,664,10,682,261,302
"E15041","E15041","E15041",696,587,24,694,9,234,3,237,699,7,706,237,266
"E15042","E15042","E15042",369,323,14,367,1,117,1,119,366,1,369,119,145
"E15043","E15043","E15043",508,433,22,502,0,173,1,176,502,1,506,175,217
"E15044","E15044","E15044",1144,991,54,1139,0,390,6,397,1144,13,1158,397,430
"E15045","E15045","E15045",339,257,27,332,1,114,11,128,291,27,324,125,139
"E15046","E15046","E15046",760,592,29,699,0,246,10,257,672,14,687,260,313
"E15047","E15047","E15047",374,319,15,372,0,117,4,121,365,13,378,124,139
"E15048","E15048","E15048",533,475,20,533,0,188,0,195,513,0,531,190,217
"E15049","E15049","E15049",925,769,48,910,3,283,18,305,814,39,859,302,404
"E15050","E15050","E15050",954,835,24,940,0,314,4,320,926,4,938,325,478
"E15051","E15051","E15051",481,421,14,478,0,179,0,181,487,0,492,179,197
"E15052","E15052","E15052",465,397,21,460,0,153,7,168,434,15,463,162,193
"E15053","E15053","E15053",311,253,15,304,0,109,0,111,300,0,303,109,127
"E15054","E15054","E15054",2861,2375,136,2808,15,966,37,1004,2814,57,2872,1006,1117
"E15055","E15055","E15055",928,809,26,913,1,296,2,304,777,2,795,301,347
"E15056","E15056","E15056",12163,9573,836,12065,178,3263,839,4109,10254,1912,12179,4112,4350
"E15057","E15057","E15057",1637,1261,171,1612,12,562,8,570,1609,18,1627,573,615
"E15058","E15058","E15058",252,210,7,241,0,80,4,85,235,5,241,86,106
"E15059","E15059","E15059",340,303,6,338,0,114,2,118,340,6,348,117,133
"E15060","E15060","E15060",2472,2076,104,2443,15,748,48,797,2277,96,2374,800,883
"E15061","E15061","E15061",4790,3990,198,4743,70,1508,106,1619,4525,246,4782,1620,1711
"E15062","E15062","E15062",671,594,23,669,0,222,5,228,672,7,682,227,253
"E15063","E15063","E15063",3173,2705,141,3151,60,1041,64,1108,2979,113,3103,1107,1232
"E15064","E15064","E15064",1500,1292,42,1478,2,458,30,488,1425,55,1480,489,540
"E15065","E15065","E15065",348,300,17,343,0,114,0,116,342,0,346,116,136
"E15066","E15066","E15066",10247,8499,507,10183,103,3107,220,3334,9664,470,10153,3339,3671
"E15067","E15067","E15067",262,242,3,261,0,88,0,90,254,0,261,89,112
"E15068","E15068","E15068",415,386,5,414,0,149,1,152,424,4,432,151,171
"E15069","E15069","E15069",234,219,4,231,0,79,1,81,232,2,237,81,93
"E15070","E15070","E15070",217,185,6,207,0,70,0,71,206,0,209,70,87
"E15071","E15071","E15071",1873,1687,48,1866,0,679,24,708,1833,38,1885,705,788
"E15072","E15072","E15072",286,259,3,283,0,98,0,100,267,0,269,98,124
"E15073","E15073","E15073",528,485,5,518,1,174,0,179,504,0,514,177,213
"E15074","E15074","E15074",613,559,8,611,0,209,1,210,615,1,616,211,229
"E15075","E15075","E15075",181,156,8,180,0,70,0,70,184,0,184,71,84
"E15076","E15076","E15076",405,365,10,404,0,134,2,137,402,4,411,138,154
"E15077","E15077","E15077",369,334,6,368,0,127,1,133,354,2,363,128,148
"E15078","E15078","E15078",452,418,4,452,1,159,0,163,453,0,459,159,185
"E15079","E15079","E15079",165,152,5,165,0,56,0,57,166,0,168,56,65
"E15080","E15080","E15080",287,266,6,286,0,105,0,106,287,0,288,105,113
"E15081","E15081","E15081",633,568,12,624,1,225,8,233,629,16,645,235,283
"E15082","E15082","E15082",1634,1467,51,1627,3,595,18,613,1621,36,1657,617,693
"E16001","E16001","E16001",1562,1224,125,1539,10,584,76,660,1417,153,1570,663,769
"E16002","E16002","E16002",2116,1490,284,2105,22,589,402,991,1356,699,2055,995,1127
"E16003","E16003","E16003",204,128,44,201,1,77,15,92,173,15,188,94,127
"E16004","E16004","E16004",1479,1093,97,1370,25,568,72,640,1176,140,1316,644,751
"E16005","E16005","E16005",2790,2263,94,2764,51,1010,120,1130,2418,196,2614,1144,1480
"E16006","E16006","E16006",525,421,41,509,1,206,6,212,510,10,520,220,348
"E16007","E16007","E16007",146,114,9,141,0,39,1,40,98,4,102,41,67
"E16009","E16009","E16009",120,97,7,118,0,53,1,54,110,4,114,55,110
"E16010","E16010","E16010",667,343,203,608,3,175,8,183,403,15,418,194,332
"E16011","E16011","E16011",153,131,8,152,0,59,1,62,149,1,152,60,123
"E16012","E16012","E16012",1268,762,381,1251,1,262,40,302,633,115,748,305,419
"E16013","E16013","E16013",91,72,4,91,0,37,0,37,96,0,96,37,55
"E16015","E16015","E16015",152,135,6,150,0,58,0,59,150,0,154,60,82
"E16016","E16016","E16016",97,57,10,83,0,24,3,27,50,4,54,27,51
"E16018","E16018","E16018",358,296,16,357,1,137,1,141,354,1,360,141,160
"E16019","E16019","E16019",1362,1109,44,1346,0,529,5,535,1349,9,1360,540,640
"E16021","E16021","E16021",347,309,11,346,0,132,0,132,346,0,346,133,155
"E16022","E16022","E16022",194,160,6,190,0,73,0,74,190,0,191,74,111
"E16023","E16023","E16023",374,324,11,367,0,124,1,127,360,2,364,126,150
"E16024","E16024","E16024",268,220,10,259,0,104,1,105,265,2,267,110,137
"E16025","E16025","E16025",767,674,23,762,0,276,0,276,774,0,774,276,311
"E16026","E16026","E16026",3541,3017,138,3526,21,1249,82,1334,3429,129,3571,1334,1454
"E16027","E16027","E16027",10905,7533,1014,10753,280,3433,607,4042,9353,1329,10689,4043,4362
"E16028","E16028","E16028",1080,926,39,1073,0,379,0,379,1086,0,1086,379,422
"E16029","E16029","E16029",2147,1878,64,2128,1,692,11,715,2087,20,2152,703,770
"E16030","E16030","E16030",933,778,49,898,2,307,1,309,862,1,865,319,375
"E16031","E16031","E16031",334,288,16,328,0,123,0,124,333,0,334,124,139
"E16032","E16032","E16032",19353,14653,1742,19143,128,6546,458,7011,17963,811,18791,7026,7678
"E16033","E16033","E16033",288,239,2,287,0,100,1,102,283,2,287,101,134
"E16034","E16034","E16034",738,674,8,729,0,238,0,239,727,0,728,242,274
"E16035","E16035","E16035",809,706,27,805,1,265,24,291,791,30,823,291,343
"E16036","E16036","E16036",629,584,13,626,0,209,2,211,650,2,652,212,234
"E16037","E16037","E16037",959,867,20,951,1,318,0,318,957,0,957,319,339
"E16038","E16038","E16038",576,508,17,571,0,179,6,185,576,13,589,185,208
"E16039","E16039","E16039",313,265,12,311,0,121,1,122,313,2,315,122,143
"E16040","E16040","E16040",2097,1661,91,1970,4,682,57,740,1800,91,1892,739,851
"E16041","E16041","E16041",2887,2408,132,2869,15,954,38,994,2849,79,2935,995,1062
"E16042","E16042","E16042",725,657,15,720,0,243,3,248,720,4,731,247,269
"E16043","E16043","E16043",1290,1168,29,1286,0,429,2,431,1324,2,1326,432,461
"E16044","E16044","E16044",681,611,13,679,0,233,0,233,676,0,676,233,261
"E16045","E16045","E16045",1069,916,36,1068,17,306,52,358,861,98,959,360,406
"E16046","E16046","E16046",516,447,10,513,0,202,0,203,520,0,521,203,267
"E16047","E16047","E16047",191,172,4,190,1,81,0,81,192,0,192,81,107
"E16048","E16048","E16048",781,659,20,770,0,293,1,296,775,1,784,294,334
"E16049","E16049","E16049",398,335,11,386,1,158,4,163,382,4,387,169,337
"E16050","E16050","E16050",422,368,12,415,0,160,0,160,431,0,431,162,241
"E16051","E16051","E16051",201,149,8,189,0,73,0,73,188,0,188,75,129
"E16052","E16052","E16052",252,236,0,252,0,103,0,104,248,0,250,103,140
"E16053","E16053","E16053",245,209,12,244,0,93,0,95,248,0,253,93,119
"E16054","E16054","E16054",2514,1983,148,2459,11,847,79,934,2066,155,2249,937,1633
"E16055","E16055","E16055",223,199,9,223,0,83,0,83,227,0,227,84,100
"E16056","E16056","E16056",406,366,11,401,0,165,0,165,401,0,401,167,235
"E16057","E16057","E16057",309,252,7,308,0,117,0,117,311,0,311,117,156
"E16058","E16058","E16058",816,581,47,731,0,237,5,245,629,9,642,244,425
"E16059","E16059","E16059",136,118,4,132,0,57,0,59,134,0,137,60,70
"E16060","E16060","E16060",446,371,24,429,0,168,1,171,400,2,404,174,378
"E16061","E16061","E16061",296,219,42,292,0,98,0,98,236,0,236,100,144
"E16062","E16062","E16062",317,283,6,317,0,115,0,115,326,0,326,115,135
"E16063","E16063","E16063",1769,1506,43,1736,2,674,29,703,1583,52,1635,723,1157
"E16064","E16064","E16064",765,668,22,749,3,301,1,302,752,2,754,308,543
"E16065","E16065","E16065",161,134,7,159,0,60,0,60,153,0,153,61,79
"E16066","E16066","E16066",231,212,1,228,0,86,0,86,234,0,234,87,105
"E16067","E16067","E16067",703,630,12,699,0,227,0,228,706,0,709,227,255
"E16068","E16068","E16068",266,241,9,262,0,91,0,91,263,0,263,92,117
"E16069","E16069","E16069",459,424,4,458,0,156,1,158,453,3,459,157,200
"E16070","E16070","E16070",345,317,6,343,0,130,0,130,354,0,354,130,168
"E16071","E16071","E16071",955,849,40,950,0,373,6,381,951,6,959,381,456
"E16072","E16072","E16072",311,280,16,310,0,126,1,127,308,2,310,129,180
"E16073","E16073","E16073",275,245,8,274,0,103,0,103,273,0,273,103,141
"E16074","E16074","E16074",583,548,3,582,0,204,0,204,588,0,588,204,239
"E16075","E16075","E16075",661,614,18,661,0,222,0,222,670,0,670,223,253
"E16076","E16076","E16076",207,188,4,206,0,76,0,77,205,0,206,78,98
"E16077","E16077","E16077",225,196,5,223,0,95,0,95,226,0,226,95,116
"E16078","E16078","E16078",488,414,11,484,0,182,0,182,484,0,484,184,258
"E16079","E16079","E16079",389,361,11,386,0,135,0,136,389,0,391,136,170
"E16080","E16080","E16080",514,458,13,505,0,188,0,188,509,0,509,191,257
"E16081","E16081","E16081",433,386,10,427,0,159,0,161,419,0,423,162,202
"E16082","E16082","E16082",790,639,17,773,3,275,2,277,686,5,691,279,473
"E16083","E16083","E16083",449,396,12,448,0,174,0,174,454,0,454,174,240
"E16084","E16084","E16084",312,270,6,301,0,116,0,116,313,0,313,117,162
"E16085","E16085","E16085",389,346,10,386,0,131,0,132,382,0,383,133,174
"E16086","E16086","E16086",255,233,4,255,0,101,0,101,257,0,257,101,185
"E16087","E16087","E16087",373,319,2,362,1,146,1,147,365,1,366,153,382
"E16088","E16088","E16088",1214,842,110,1067,0,453,41,496,882,70,954,510,1692
"E16089","E16089","E16089",294,241,7,290,1,120,1,121,279,1,280,123,204
"E16090","E16090","E16090",425,389,10,424,0,173,2,176,440,2,444,176,226
"E16091","E16091","E16091",716,635,9,708,0,274,3,278,704,3,709,277,337
"E16092","E16092","E16092",838,717,19,828,1,323,10,333,793,20,813,345,503
"E16093","E16093","E16093",738,625,30,737,2,271,4,276,733,5,741,276,330
"E16094","E16094","E16094",232,205,6,231,0,90,0,90,235,0,235,91,132
"E16095","E16095","E16095",303,266,6,302,2,112,0,112,308,0,308,113,169
"E16096","E16096","E16096",204,188,7,204,0,74,0,74,208,0,208,75,113
"E16098","E16098","E16098",234,206,5,234,1,98,0,98,230,0,230,98,178
"E16099","E16099","E16099",194,171,5,191,0,84,0,84,189,0,189,87,126
"E16100","E16100","E16100",210,180,4,206,0,82,0,83,212,0,213,82,142
"E16101","E16101","E16101",338,281,8,326,0,134,2,136,326,4,330,139,265
"E16102","E16102","E16102",95,83,1,94,0,40,0,40,97,0,97,40,58
"E16104","E16104","E16104",155,139,1,154,0,54,0,55,152,0,154,54,68
"E16105","E16105","E16105",1041,845,120,1036,0,319,1,320,938,1,939,320,334
"E16106","E16106","E16106",6030,5188,251,5987,20,2022,38,2061,5882,92,5975,2063,2190
"E16107","E16107","E16107",1111,629,175,938,39,107,179,286,317,468,785,331,345
"E16108","E16108","E16108",495,446,6,494,0,157,1,160,489,2,495,159,167
"E16109","E16109","E16109",586,547,3,581,0,189,0,189,602,0,602,189,214
"E16110","E16110","E16110",307,284,7,307,0,88,0,88,310,0,310,88,97
"E16111","E16111","E16111",1404,1242,62,1394,4,480,3,483,1366,9,1375,485,535
"E16112","E16112","E16112",364,335,6,361,0,128,0,128,366,0,366,129,139
"E16113","E16113","E16113",900,748,25,891,25,240,49,289,723,128,851,289,311
"E16114","E16114","E16114",158,144,2,158,0,54,0,54,156,0,156,55,62
"E16115","E16115","E16115",819,749,10,816,0,270,0,272,823,0,828,271,300
"E16116","E16116","E16116",1987,1802,41,1974,7,660,0,660,2011,0,2011,660,700
"E16117","E16117","E16117",124,111,1,124,0,46,0,46,131,0,131,47,54
"E16118","E16118","E16118",1410,1207,57,1399,7,453,17,471,1397,30,1428,472,528
"E16119","E16119","E16119",682,599,15,673,3,229,14,245,661,22,686,244,264
"E16120","E16120","E16120",373,313,14,373,1,141,0,142,379,0,380,141,159
"E16121","E16121","E16121",288,232,7,288,0,106,0,107,289,0,290,106,121
"E16122","E16122","E16122",212,172,9,211,0,71,0,71,215,0,215,71,87
"E16124","E16124","E16124",210,193,1,207,0,72,0,72,208,0,208,73,77
"E16125","E16125","E16125",158,111,18,154,0,53,4,57,151,7,158,58,88
"E16126","E16126","E16126",279,237,8,279,0,94,0,94,281,0,281,95,96
"E16127","E16127","E16127",213,195,2,213,0,78,1,79,213,1,214,79,144
"E16129","E16129","E16129",147,121,2,143,0,61,0,62,146,0,147,62,71
"E16130","E16130","E16130",651,545,22,646,0,246,4,251,635,7,643,251,326
"E16131","E16131","E16131",452,379,11,446,0,166,0,166,451,0,451,167,172
"E16134","E16134","E16134",2300,1864,92,2264,27,752,132,887,2003,226,2233,895,1106
"E16135","E16135","E16135",463,363,23,452,0,189,7,197,450,11,463,197,308
"E16136","E16136","E16136",794,646,33,785,0,267,1,268,804,1,805,269,342
"E16137","E16137","E16137",1425,1221,43,1423,0,556,16,573,1399,25,1425,572,638
"E16138","E16138","E16138",154,136,2,151,0,50,0,50,154,0,154,51,62
"E16139","E16139","E16139",252,228,5,252,0,92,0,93,252,0,253,92,125
"E16140","E16140","E16140",225,188,7,223,0,84,0,86,225,0,227,84,104
"E16141","E16141","E16141",539,491,8,537,0,179,0,179,547,0,547,179,200
"E16142","E16142","E16142",245,220,2,242,0,88,0,88,244,0,244,88,100
"E16143","E16143","E16143",190,130,5,189,0,74,0,79,191,0,200,74,83
"E16144","E16144","E16144",1029,893,36,1025,3,373,0,373,1029,0,1029,373,406
"E16145","E16145","E16145",282,238,15,276,0,99,0,102,270,0,278,101,130
"E16146","E16146","E16146",444,400,19,443,0,167,1,168,449,1,450,168,193
"E16147","E16147","E16147",210,174,8,209,0,66,0,66,214,0,214,68,89
"E16148","E16148","E16148",337,291,4,334,0,122,0,122,336,0,336,123,140
"E16149","E16149","E16149",161,139,3,160,0,58,0,61,157,0,161,58,71
"E16150","E16150","E16150",281,234,8,280,0,97,0,99,285,0,289,97,115
"E16151","E16151","E16151",1524,1287,52,1515,2,525,8,533,1519,14,1533,535,579
"E16152","E16152","E16152",134,112,5,133,0,51,0,51,133,0,133,51,62
"E16153","E16153","E16153",718,639,12,713,1,232,0,232,734,0,734,233,254
"E16154","E16154","E16154",185,170,0,185,0,65,0,65,188,0,188,65,78
"E16155","E16155","E16155",1138,958,64,1129,2,437,0,437,1157,0,1157,438,519
"E17001","E17001","E17001",849,663,67,842,5,326,32,358,786,53,839,360,412
"E17002","E17002","E17002",1853,1647,52,1842,2,650,54,704,1774,82,1856,705,766
"E17003","E17003","E17003",1656,1399,87,1628,11,613,63,676,1567,103,1670,677,736
"E17004","E17004","E17004",666,589,29,659,5,270,5,275,675,11,686,275,299
"E17005","E17005","E17005",846,794,18,846,0,322,5,327,845,10,855,327,349
"E17006","E17006","E17006",2292,1479,311,2119,68,303,457,772,780,1075,1908,826,933
"E17007","E17007","E17007",2016,1637,125,1986,79,596,161,757,1566,328,1894,788,868
"E17008","E17008","E17008",5074,4248,315,4996,58,1514,94,1608,4083,212,4295,1635,1794
"E17009","E17009","E17009",1513,1268,89,1501,31,595,20,631,1466,37,1522,633,694
"E17010","E17010","E17010",3213,2360,375,3175,176,1124,107,1236,2949,238,3197,1244,1389
"E17011","E17011","E17011",760,582,53,756,5,187,134,323,456,277,741,322,353
"E17012","E17012","E17012",2364,1306,343,2350,67,698,386,1084,1560,816,2376,1088,1188
"E17013","E17013","E17013",1077,948,36,1058,4,407,0,407,1075,0,1075,409,438
"E17014","E17014","E17014",1260,463,238,1001,33,12,342,354,33,657,690,355,387
"E17015","E17015","E17015",2441,1018,504,2407,156,196,882,1078,392,1846,2238,1087,1219
"E17016","E17016","E17016",1543,1411,41,1540,2,618,0,618,1555,0,1555,618,649
"E17017","E17017","E17017",1184,667,189,1156,30,227,290,517,526,586,1112,523,582
"E17018","E17018","E17018",1244,860,124,1237,10,438,125,563,994,255,1249,564,641
"E17019","E17019","E17019",1111,819,100,1109,17,341,82,423,925,193,1118,423,480
"E17020","E17020","E17020",1437,918,199,1416,15,539,118,657,1185,206,1391,662,743
"E17021","E17021","E17021",716,652,16,716,1,287,7,294,704,12,716,295,327
"E17022","E17022","E17022",753,709,7,750,0,305,60,365,692,64,756,365,409
"E17023","E17023","E17023",3441,3163,60,3435,9,1211,56,1267,3350,117,3467,1269,1324
"E17024","E17024","E17024",2074,1470,189,2065,17,689,220,916,1590,477,2077,920,1034
"E17025","E17025","E17025",895,836,8,895,0,353,0,353,900,0,900,353,374
"E17026","E17026","E17026",855,755,41,845,1,301,1,302,813,2,815,303,339
"E17027","E17027","E17027",2568,1411,396,2381,71,355,523,878,1085,1150,2235,909,1100
"E17028","E17028","E17028",1173,858,131,1145,33,443,42,485,1043,86,1129,499,596
"E17029","E17029","E17029",2116,1285,341,1950,90,218,457,675,705,1066,1771,739,845
"E17030","E17030","E17030",795,558,97,770,35,276,33,309,724,69,793,314,348
"E17031","E17031","E17031",843,633,84,820,30,280,25,305,830,43,873,311,360
"E17032","E17032","E17032",2702,2345,127,2680,17,1046,105,1151,2476,253,2729,1159,1278
"E17033","E17033","E17033",2076,1651,161,2069,11,771,53,824,2038,114,2152,825,891
"E17034","E17034","E17034",726,654,19,725,1,295,1,296,736,1,737,296,313
"E17035","E17035","E17035",666,544,23,661,10,328,0,328,674,0,674,329,373
"E17036","E17036","E17036",1101,725,128,1098,27,374,162,536,825,283,1108,536,605
"E17037","E17037","E17037",923,809,39,921,5,356,17,373,911,33,944,373,402
"E17038","E17038","E17038",1086,956,51,1083,3,445,45,490,993,99,1092,492,530
"E17039","E17039","E17039",4049,3647,105,4047,23,1303,78,1382,3853,116,3970,1383,1422
"E17040","E17040","E17040",1613,1196,130,1594,22,360,240,600,1057,506,1563,606,700
"E17041","E17041","E17041",1187,968,83,1170,7,346,68,414,1055,104,1159,415,455
"E17042","E17042","E17042",5415,4423,338,5367,41,1693,366,2059,4540,787,5327,2066,2238
"E17043","E17043","E17043",5148,4049,386,5112,81,1507,358,1868,4358,733,5100,1870,2003
"E17044","E17044","E17044",3329,2872,160,3304,17,1179,97,1276,3133,170,3303,1279,1389
"E17045","E17045","E17045",1051,592,197,993,52,154,179,333,465,422,887,350,400
"E17046","E17046","E17046",2846,2479,93,2840,21,948,190,1138,2571,289,2860,1141,1242
"E17047","E17047","E17047",1720,1346,108,1703,11,655,106,761,1548,171,1719,763,881
"E17048","E17048","E17048",2393,2108,103,2370,5,918,27,945,2195,50,2245,947,1026
"E17049","E17049","E17049",757,657,31,744,2,323,0,323,759,0,759,323,349
"E17050","E17050","E17050",1643,1502,31,1638,2,656,22,678,1623,54,1677,680,728
"E17051","E17051","E17051",1955,878,302,1784,84,200,564,764,513,1061,1574,768,850
"E17052","E17052","E17052",1403,634,343,1325,16,216,360,577,535,631,1167,581,672
"E17053","E17053","E17053",920,639,111,908,12,324,74,398,739,144,883,402,484
"E17054","E17054","E17054",3804,3102,209,3776,54,1155,297,1452,3220,569,3789,1459,1542
"E17055","E17055","E17055",2130,953,408,2115,85,393,615,1008,849,1268,2117,1011,1111
"E17056","E17056","E17056",1409,694,253,1367,38,289,339,628,632,705,1337,634,714
"E17057","E17057","E17057",2588,1103,515,2451,110,295,876,1171,746,1730,2476,1205,1354
"E17058","E17058","E17058",1084,638,162,1077,21,403,79,482,884,192,1076,487,545
"E17059","E17059","E17059",761,548,70,749,23,242,74,316,586,133,719,316,353
"E17060","E17060","E17060",995,522,171,973,50,261,196,457,584,402,986,465,523
"E17061","E17061","E17061",2504,2142,106,2499,14,807,4,811,2232,9,2241,811,871
"E17062","E17062","E17062",3615,3180,153,3610,15,1295,38,1360,3486,68,3653,1334,1405
"E17063","E17063","E17063",1641,1222,116,1591,25,622,51,674,1531,107,1639,681,774
"E17064","E17064","E17064",1736,1174,185,1693,25,364,383,747,991,643,1634,754,899
"E17065","E17065","E17065",2713,2339,99,2687,20,943,91,1034,2537,177,2714,1035,1100
"E17066","E17066","E17066",2324,2031,136,2321,13,839,43,882,2238,87,2325,884,939
"E17067","E17067","E17067",683,603,16,680,1,274,20,294,646,43,689,295,319
"E17068","E17068","E17068",769,587,62,761,10,158,123,282,395,254,650,284,330
"E17069","E17069","E17069",1055,898,48,1045,4,410,5,416,1048,8,1057,420,462
"E17070","E17070","E17070",2979,2409,166,2959,44,1018,170,1192,2651,351,3009,1197,1277
"E17071","E17071","E17071",807,584,61,800,20,346,26,372,744,58,802,373,425
"E17072","E17072","E17072",1239,1033,61,1234,16,530,18,548,1245,25,1270,550,609
"E17073","E17073","E17073",755,661,25,752,3,296,23,319,736,28,764,319,349
"E17074","E17074","E17074",495,425,29,493,7,192,21,213,470,31,501,214,231
"E18001","E18001","E18001",4475,3098,398,4364,42,1396,272,1670,3555,484,4045,1679,2012
"E18002","E18002","E18002",6979,5680,330,6884,26,2431,401,2833,6193,668,6862,2852,3178
"E18003","E18003","E18003",2580,1628,336,2552,16,866,242,1108,2063,515,2578,1112,1300
"E18004","E18004","E18004",2631,1729,239,2451,21,836,203,1039,2023,361,2384,1059,1417
"E18005","E18005","E18005",4395,3301,280,4371,60,1521,118,1639,4028,187,4215,1643,1894
"E18006","E18006","E18006",6484,4824,551,6428,114,2058,265,2323,5796,483,6279,2329,2659
"E18007","E18007","E18007",2879,2386,143,2866,26,1141,67,1210,2755,148,2910,1210,1378
"E18008","E18008","E18008",3797,2779,271,3733,64,1191,389,1580,2871,808,3679,1586,1813
"E18009","E18009","E18009",3059,2160,142,3048,49,1092,213,1305,2715,337,3052,1316,1577
"E18010","E18010","E18010",7663,6175,260,7598,35,2630,490,3122,6807,796,7605,3139,3719
"E18011","E18011","E18011",610,544,13,603,0,193,3,197,597,3,603,196,227
"E18012","E18012","E18012",1789,1585,44,1778,1,593,1,594,1806,2,1808,598,641
"E18013","E18013","E18013",4660,3718,206,4617,14,1611,29,1643,4569,51,4625,1641,1805
"E18014","E18014","E18014",994,911,18,991,2,294,13,309,959,20,982,307,323
"E18015","E18015","E18015",2267,1308,292,2223,16,604,367,972,1449,768,2218,976,1144
"E18016","E18016","E18016",401,375,9,400,0,123,0,125,396,0,403,123,127
"E18017","E18017","E18017",318,279,12,316,1,106,0,107,320,0,323,106,117
"E18018","E18018","E18018",695,590,22,686,2,229,4,237,694,10,713,235,263
"E18019","E18019","E18019",666,616,20,663,0,222,9,232,666,11,680,231,254
"E18020","E18020","E18020",441,399,10,440,1,144,1,145,438,1,439,145,155
"E18021","E18021","E18021",2094,1815,56,2075,5,701,16,721,2069,26,2103,717,770
"E18022","E18022","E18022",1344,1217,43,1336,2,413,2,415,1356,5,1361,415,435
"E18023","E18023","E18023",646,552,11,634,0,218,5,223,632,8,640,225,248
"E18024","E18024","E18024",2902,2330,116,2880,11,972,0,975,2918,0,2927,973,1031
"E18025","E18025","E18025",477,438,9,476,0,145,0,145,498,0,498,146,157
"E18026","E18026","E18026",767,654,24,760,0,244,10,254,754,21,775,255,284
"E18027","E18027","E18027",1592,1470,24,1571,0,507,9,517,1544,17,1562,518,566
"E18028","E18028","E18028",541,512,6,541,0,164,0,164,548,0,548,164,178
"E18029","E18029","E18029",717,608,33,697,2,234,0,234,720,0,720,238,272
"E18030","E18030","E18030",992,842,10,985,2,363,7,373,961,12,988,374,423
"E18031","E18031","E18031",836,759,12,835,5,260,0,262,846,0,852,261,283
"E18032","E18032","E18032",264,207,13,263,0,90,1,96,266,2,275,91,120
"E18034","E18034","E18034",3358,2399,151,3180,55,1184,160,1345,2762,261,3025,1364,1658
"E18035","E18035","E18035",260,202,3,257,0,101,0,103,255,0,257,102,133
"E18036","E18036","E18036",283,194,7,277,0,105,0,105,286,0,286,107,146
"E18037","E18037","E18037",690,517,16,684,2,286,8,295,685,16,702,296,420
"E18038","E18038","E18038",221,152,8,209,1,87,3,90,212,3,215,95,181
"E18039","E18039","E18039",1181,908,53,1155,1,432,10,445,1153,20,1180,456,641
"E18040","E18040","E18040",588,486,19,584,4,206,1,208,591,2,594,207,256
"E18041","E18041","E18041",895,626,33,868,5,355,16,373,811,39,855,378,664
"E18042","E18042","E18042",401,282,14,387,0,144,1,148,389,1,397,148,186
"E18043","E18043","E18043",331,296,9,330,0,113,1,114,333,1,334,114,146
"E18044","E18044","E18044",351,228,15,337,3,140,0,140,330,0,330,148,250
"E18045","E18045","E18045",198,133,9,183,0,82,0,82,188,0,188,89,195
"E18047","E18047","E18047",497,377,7,477,0,204,0,204,476,0,476,206,357
"E18048","E18048","E18048",218,171,7,214,0,90,3,95,202,5,211,99,241
"E18049","E18049","E18049",582,460,21,563,1,249,0,249,559,0,559,260,442
"E18050","E18050","E18050",427,335,13,417,0,176,0,179,415,0,418,181,289
"E18051","E18051","E18051",780,621,24,766,0,318,4,322,781,6,787,334,580
"E18052","E18052","E18052",1613,1155,71,1597,1,615,68,685,1476,142,1620,691,949
"E18053","E18053","E18053",380,312,15,368,0,153,0,153,362,0,362,159,251
"E18054","E18054","E18054",743,622,37,740,0,243,1,247,730,4,738,247,305
"E18055","E18055","E18055",838,707,23,822,0,285,2,287,827,4,831,291,418
"E18056","E18056","E18056",382,341,7,378,0,139,0,139,382,0,382,140,171
"E18057","E18057","E18057",458,405,11,443,0,149,0,149,448,0,448,155,215
"E18058","E18058","E18058",406,337,11,401,0,148,2,150,401,3,404,151,188
"E18059","E18059","E18059",278,241,6,275,0,94,0,94,283,0,283,94,110
"E18060","E18060","E18060",2213,1830,74,2166,5,681,27,709,2042,64,2107,723,922
"E18061","E18061","E18061",703,620,9,697,0,241,3,245,699,6,707,246,293
"E18062","E18062","E18062",905,722,19,899,0,338,7,347,880,11,897,360,606
"E18063","E18063","E18063",512,428,18,505,0,193,1,194,514,1,515,195,262
"E18064","E18064","E18064",533,478,5,527,0,194,1,196,540,1,542,196,220
"E18065","E18065","E18065",378,331,5,375,1,118,9,127,369,11,380,127,150
"E18066","E18066","E18066",203,178,5,199,0,72,1,73,207,2,209,73,87
"E18067","E18067","E18067",339,313,8,337,0,101,2,104,336,7,345,103,115
"E18068","E18068","E18068",587,522,12,584,0,208,7,215,580,12,592,215,249
"E18069","E18069","E18069",333,292,4,332,0,111,0,111,337,0,337,112,120
"E18070","E18070","E18070",569,473,13,563,0,205,14,220,550,21,575,222,339
"E18071","E18071","E18071",1160,969,33,1132,0,420,22,442,1089,29,1118,449,763
"E18072","E18072","E18072",370,299,5,361,0,130,1,131,366,1,367,132,142
"E18073","E18073","E18073",786,677,20,775,1,262,6,271,759,20,785,270,334
"E18074","E18074","E18074",702,513,53,693,0,236,12,249,663,35,699,250,307
"E18075","E18075","E18075",1428,1320,31,1420,7,419,4,425,1409,6,1420,423,446
"E18076","E18076","E18076",1926,1759,53,1914,14,589,20,612,1866,33,1902,609,635
"E18077","E18077","E18077",420,387,5,416,0,135,1,137,417,1,420,136,148
"E18078","E18078","E18078",421,314,37,413,18,89,45,134,247,90,337,135,142
"E18079","E18079","E18079",1103,1029,20,1102,0,336,7,346,1091,12,1111,343,363
"E18080","E18080","E18080",683,604,31,673,0,204,2,213,650,2,672,206,220
"E18081","E18081","E18081",3626,3079,119,3591,9,1218,44,1264,3515,89,3606,1267,1368
"E18082","E18082","E18082",13249,10652,695,13151,184,4342,151,4497,13059,259,13322,4502,4764
"E18083","E18083","E18083",1325,1210,25,1317,2,408,14,426,1301,27,1337,422,442
"E18084","E18084","E18084",628,574,10,625,1,220,1,221,634,4,638,221,232
"E18085","E18085","E18085",9050,7374,476,8915,46,2802,147,2954,8431,281,8721,2981,3237
"E18086","E18086","E18086",162,138,6,158,0,47,0,47,161,0,161,47,52
"E18087","E18087","E18087",1618,1462,36,1589,0,510,8,519,1601,19,1621,520,571
"E18088","E18088","E18088",1734,1552,58,1728,1,532,25,558,1710,50,1762,557,602
"E18089","E18089","E18089",735,680,11,734,0,233,2,236,738,3,742,236,260
"E18090","E18090","E18090",716,681,8,713,0,219,0,219,726,0,726,219,230
"E18091","E18091","E18091",807,768,9,805,0,253,3,256,809,5,814,256,270
"E18092","E18092","E18092",1084,953,33,1081,12,328,3,332,1088,6,1095,331,355
"E18093","E18093","E18093",688,637,10,685,0,209,2,213,688,6,697,212,227
"E18094","E18094","E18094",1074,983,29,1070,0,325,10,335,1060,19,1079,335,361
"E18095","E18095","E18095",1767,1584,67,1760,7,532,6,539,1757,15,1774,538,570
"E18097","E18097","E18097",1518,1383,45,1499,0,463,21,495,1448,31,1518,486,516
"E18098","E18098","E18098",1262,949,89,1244,13,343,86,429,1038,209,1247,432,461
"E18099","E18099","E18099",5401,4374,260,5343,61,1713,273,1991,4873,538,5426,1992,2178
"E18100","E18100","E18100",1051,971,23,1051,0,351,1,353,1061,2,1065,353,389
"E18101","E18101","E18101",376,347,6,373,2,123,0,123,380,0,380,125,137
"E18102","E18102","E18102",822,738,15,812,0,270,4,276,812,8,824,274,293
"E18103","E18103","E18103",4108,3605,172,4085,14,1243,13,1261,3987,28,4031,1257,1315
"E18104","E18104","E18104",2050,1896,36,2042,1,624,11,646,2024,33,2071,637,680
"E18105","E18105","E18105",381,334,4,379,0,126,2,128,379,5,384,128,150
"E18106","E18106","E18106",736,636,12,734,0,244,5,251,739,10,752,249,280
"E18107","E18107","E18107",885,759,15,877,0,304,18,323,847,35,884,324,379
"E18108","E18108","E18108",190,139,3,173,0,63,0,63,175,0,175,64,92
"E18109","E18109","E18109",279,237,4,278,0,98,0,103,273,0,283,99,120
"E18110","E18110","E18110",536,462,10,531,0,174,0,174,537,0,537,174,205
"E18111","E18111","E18111",500,419,10,498,2,170,0,174,492,0,506,171,205
"E18112","E18112","E18112",435,344,13,435,1,154,0,156,437,0,440,154,200
"E18113","E18113","E18113",268,224,9,267,0,90,2,92,251,7,258,93,117
"E18114","E18114","E18114",1264,1049,35,1260,0,455,41,496,1194,76,1270,497,583
"E18115","E18115","E18115",1557,1368,23,1552,0,579,7,587,1533,11,1545,586,673
"E18116","E18116","E18116",311,256,8,309,0,106,0,107,311,0,312,106,130
"E18117","E18117","E18117",442,410,9,442,0,153,0,153,445,0,445,153,183
"E18118","E18118","E18118",598,545,9,596,0,195,0,197,594,0,600,196,226
"E18119","E18119","E18119",185,148,2,185,0,65,1,66,179,1,180,67,83
"E18120","E18120","E18120",650,572,24,647,1,212,5,220,637,7,652,217,253
"E18121","E18121","E18121",239,216,5,238,2,83,0,84,251,0,252,83,100
"E18122","E18122","E18122",1007,857,36,996,0,360,1,361,1006,2,1008,361,395
"E18123","E18123","E18123",778,683,14,772,0,257,0,261,762,0,775,257,292
"E18124","E18124","E18124",159,146,3,158,0,52,0,53,157,0,159,52,55
"E18125","E18125","E18125",222,206,2,221,0,70,0,70,231,0,231,71,77
"E18126","E18126","E18126",861,774,21,857,12,263,6,270,784,10,798,271,291
"E18127","E18127","E18127",1202,1047,31,1195,0,411,2,413,1207,6,1213,413,459
"E18128","E18128","E18128",925,798,24,918,0,360,12,373,911,24,936,374,432
"E18129","E18129","E18129",1210,1025,47,1195,10,405,0,405,1204,0,1204,405,461
"E18130","E18130","E18130",429,387,7,423,0,144,0,144,420,0,420,145,164
"E18131","E18131","E18131",4971,3939,186,4947,12,1728,31,1766,4848,42,4922,1763,1883
"E18132","E18132","E18132",456,413,6,456,0,154,0,156,463,0,466,154,173
"E18133","E18133","E18133",1156,1025,29,1147,8,415,0,415,1165,0,1165,416,467
"E18134","E18134","E18134",330,299,5,330,1,106,0,106,333,0,333,106,127
"E18135","E18135","E18135",815,746,9,814,1,273,0,273,817,0,817,273,288
"E18136","E18136","E18136",408,375,6,405,1,152,0,152,420,0,420,152,167
"E18137","E18137","E18137",283,239,14,283,0,103,0,103,288,0,288,103,115
"E18138","E18138","E18138",681,640,3,679,0,207,1,211,688,3,697,208,227
"E18139","E18139","E18139",422,385,7,419,0,141,1,144,425,2,433,145,169
"E18140","E18140","E18140",1808,1580,61,1803,9,624,10,636,1793,20,1816,636,682
"E18141","E18141","E18141",1415,1220,38,1404,10,481,0,481,1381,0,1381,481,540
"E18142","E18142","E18142",381,354,7,381,0,119,0,119,390,0,390,119,131
"E18143","E18143","E18143",2643,2196,106,2623,7,854,29,884,2604,57,2663,886,952
"E18144","E18144","E18144",1930,1695,92,1923,6,632,8,640,1931,18,1949,640,677
"E18145","E18145","E18145",523,461,13,522,0,191,0,191,533,0,533,191,218
"E18146","E18146","E18146",295,261,1,293,0,102,0,102,295,0,295,102,116
"E18147","E18147","E18147",756,687,8,752,1,286,7,293,746,12,758,294,348
"E18148","E18148","E18148",561,499,19,558,0,193,0,193,541,0,541,193,229
"E18149","E18149","E18149",246,224,3,246,0,87,0,87,245,0,245,88,106
"E18150","E18150","E18150",358,333,4,358,0,134,1,135,354,1,355,135,167
"E18151","E18151","E18151",753,629,22,749,14,301,3,308,736,5,749,304,354
"E18152","E18152","E18152",464,411,7,464,0,171,0,172,479,0,481,171,189
"E18153","E18153","E18153",720,638,10,717,2,257,0,257,727,0,727,261,282
"E18154","E18154","E18154",355,323,6,353,0,136,0,137,355,0,357,137,162
"E18155","E18155","E18155",150,125,3,146,0,63,0,64,153,0,154,64,71
"E18156","E18156","E18156",291,263,8,291,0,103,5,108,293,7,300,108,124
"E18157","E18157","E18157",399,374,5,398,0,138,1,139,404,1,405,139,153
"E18158","E18158","E18158",628,560,19,623,1,226,2,229,623,5,630,228,265
"E18159","E18159","E18159",429,400,7,427,0,146,0,147,427,0,429,146,164
"E18160","E18160","E18160",220,205,4,219,0,76,0,77,218,0,219,76,82
"E18161","E18161","E18161",1440,1216,38,1435,1,550,5,555,1436,5,1441,556,633
"E18162","E18162","E18162",2287,1803,107,2261,4,863,46,909,2171,83,2254,913,1057
"E18163","E18163","E18163",365,322,7,364,0,132,0,132,374,0,374,132,148
"E18164","E18164","E18164",344,309,4,342,0,118,0,121,334,0,338,119,140
"E18165","E18165","E18165",323,293,4,323,1,123,0,124,326,0,327,123,159
"E18166","E18166","E18166",510,463,10,509,3,184,1,185,515,2,517,185,218
"E18167","E18167","E18167",457,436,2,456,0,176,0,176,468,0,468,176,214
"E18168","E18168","E18168",692,643,8,689,0,246,2,248,687,3,690,248,287
"E18169","E18169","E18169",98,86,0,96,0,38,0,39,101,0,102,39,43
"E18170","E18170","E18170",1579,1424,43,1569,8,626,20,647,1502,32,1535,648,778
"E18171","E18171","E18171",983,901,18,982,0,342,3,345,969,7,976,347,390
"E18172","E18172","E18172",493,432,19,491,0,166,0,168,499,0,505,167,194
"E18173","E18173","E18173",380,347,5,373,0,146,0,146,377,0,377,147,166
"E18174","E18174","E18174",162,152,0,159,0,64,0,65,162,0,163,66,77
"E18175","E18175","E18175",515,462,9,515,0,177,2,181,513,5,523,180,213
"E18176","E18176","E18176",412,394,7,410,0,162,0,162,414,0,414,162,182
"E18177","E18177","E18177",504,447,6,502,0,191,3,194,504,5,509,196,231
"E18178","E18178","E18178",727,605,32,724,1,236,17,257,701,29,741,254,309
"E18179","E18179","E18179",408,365,11,407,0,136,1,138,410,1,413,137,156
"E18180","E18180","E18180",404,348,13,397,0,128,5,133,394,8,402,134,157
"E18181","E18181","E18181",398,363,9,393,0,134,3,138,387,6,395,137,164
"E18182","E18182","E18182",1409,1188,66,1403,15,420,30,453,1355,61,1428,453,485
"E18183","E18183","E18183",3212,2618,138,3184,37,1051,59,1115,3097,114,3220,1111,1193
"E18184","E18184","E18184",458,394,8,448,0,158,0,162,453,0,459,159,181
"E18185","E18185","E18185",584,497,32,570,4,171,7,179,564,11,577,178,191
"E18186","E18186","E18186",532,459,16,528,1,185,8,194,523,12,539,193,219
"E18187","E18187","E18187",1337,1140,64,1336,1,408,7,416,1288,10,1299,416,444
"E18188","E18188","E18188",557,476,10,553,1,173,7,181,543,13,558,181,195
"E18189","E18189","E18189",5605,4272,324,5438,31,1729,110,1855,5150,192,5369,1879,2267
"E18190","E18190","E18190",395,323,18,388,0,124,10,134,372,20,392,137,189
"E18191","E18191","E18191",609,494,27,589,0,190,3,194,586,7,597,196,231
"E18192","E18192","E18192",814,696,34,806,0,254,4,259,811,11,824,258,284
"E18193","E18193","E18193",5124,4166,269,5083,76,1605,14,1620,5104,37,5142,1623,1702
"E18194","E18194","E18194",345,287,10,339,0,113,0,113,337,0,337,114,122
"E18195","E18195","E18195",4498,3713,219,4422,9,1612,59,1672,4361,113,4476,1686,2071
"E18196","E18196","E18196",778,714,15,776,3,240,2,243,779,4,784,242,270
"E18197","E18197","E18197",518,493,1,512,0,167,1,168,510,3,513,169,195
"E18198","E18198","E18198",1525,1382,20,1505,0,478,3,481,1519,5,1524,482,521
"E18199","E18199","E18199",561,506,16,560,0,215,1,216,573,1,574,216,267
"E18200","E18200","E18200",333,299,11,333,0,123,0,123,341,0,341,123,146
"E18201","E18201","E18201",722,646,19,709,0,219,0,219,727,0,727,219,234
"E18202","E18202","E18202",213,175,6,213,0,78,2,80,209,2,211,80,103
"E18203","E18203","E18203",894,774,21,890,0,322,1,325,899,1,904,323,371
"E18204","E18204","E18204",608,544,24,603,2,204,0,205,610,0,612,205,229
"E18205","E18205","E18205",242,228,5,242,0,85,0,85,252,0,252,85,103
"E18206","E18206","E18206",474,408,7,468,0,170,3,173,469,7,476,174,207
"E18207","E18207","E18207",1326,1192,44,1323,0,421,15,436,1327,20,1347,437,470
"E18208","E18208","E18208",309,271,8,308,0,99,0,99,311,0,311,99,112
"E18209","E18209","E18209",586,515,10,583,0,221,6,229,578,10,590,227,276
"E18210","E18210","E18210",806,698,18,800,3,258,4,265,806,7,816,263,293
"E18211","E18211","E18211",888,834,13,884,0,284,1,285,879,2,881,285,307
"E18212","E18212","E18212",731,668,13,730,0,247,1,249,736,1,738,248,279
"E18213","E18213","E18213",905,810,10,896,1,311,5,318,860,12,875,319,353
"E18214","E18214","E18214",1148,1020,24,1141,3,409,14,430,1126,26,1163,430,455
"E18215","E18215","E18215",502,453,11,501,3,160,2,163,503,2,506,162,178
"E18216","E18216","E18216",726,661,13,721,0,258,0,258,733,0,733,259,287
"E18217","E18217","E18217",615,553,12,612,0,212,1,214,613,2,617,214,236
"E18218","E18218","E18218",978,826,12,969,0,364,7,371,967,9,976,374,431
"E18219","E18219","E18219",644,570,9,643,0,219,4,223,645,8,653,224,279
"E18220","E18220","E18220",789,723,18,783,0,278,2,280,788,3,791,281,316
"E18221","E18221","E18221",510,459,18,502,0,170,0,170,509,0,509,171,177
"E18222","E18222","E18222",794,724,16,788,0,255,1,256,801,3,804,256,278
"E18223","E18223","E18223",1035,959,22,1030,1,349,1,350,1062,1,1063,351,383
"E18224","E18224","E18224",1965,1653,92,1913,4,749,9,758,1900,14,1914,761,876
"E18225","E18225","E18225",644,574,10,636,5,221,7,229,604,14,619,228,251
"E18226","E18226","E18226",225,209,5,225,0,87,0,87,235,0,235,87,103
"E18227","E18227","E18227",1286,1100,36,1279,37,414,12,427,1177,20,1198,432,509
"E18228","E18228","E18228",373,336,11,373,3,127,0,129,377,0,379,127,150
"E18229","E18229","E18229",1555,1328,55,1548,0,574,18,599,1518,38,1564,594,673
"E18230","E18230","E18230",3061,2713,86,3054,7,928,23,953,2918,40,2960,954,1043
"E18231","E18231","E18231",376,325,17,375,1,134,0,134,385,0,385,134,160
"E18232","E18232","E18232",709,644,20,705,0,263,2,266,712,2,715,267,294
"E18233","E18233","E18233",1140,1015,37,1138,0,395,3,399,1149,3,1154,399,446
"E18234","E18234","E18234",627,559,14,625,4,230,4,237,615,9,632,234,279
"E18235","E18235","E18235",5045,3894,393,5018,51,1614,68,1684,4930,136,5069,1687,1819
"E18236","E18236","E18236",441,385,5,435,0,153,1,154,438,2,440,154,169
"E18237","E18237","E18237",856,759,25,848,0,291,5,296,851,6,857,300,338
"E18238","E18238","E18238",926,858,14,923,1,320,0,320,929,0,929,320,345
"E18239","E18239","E18239",4446,3147,447,4411,23,1563,168,1732,4053,347,4403,1732,1970
"E18240","E18240","E18240",662,564,26,660,0,233,1,238,655,1,666,234,271
"E18241","E18241","E18241",173,140,8,173,2,65,0,66,170,0,172,66,72
"E18242","E18242","E18242",636,558,23,632,0,226,0,226,642,0,642,226,247
"E18243","E18243","E18243",107,81,1,107,0,41,0,42,107,0,108,41,47
"E18244","E18244","E18244",344,317,11,344,0,129,0,129,347,0,347,130,146
"E18245","E18245","E18245",270,229,11,265,0,89,0,89,267,0,267,90,111
"E18246","E18246","E18246",635,573,11,629,0,199,0,201,566,0,572,201,239
"E18247","E18247","E18247",1975,1644,65,1926,0,684,11,695,1816,26,1842,709,897
"E18248","E18248","E18248",355,312,17,354,0,121,0,122,360,0,361,121,132
"E18249","E18249","E18249",8181,6389,563,8135,62,2525,221,2751,7747,501,8253,2749,2952
"E18250","E18250","E18250",1060,904,33,1029,4,331,13,344,969,21,990,345,397
"E18251","E18251","E18251",220,198,6,220,1,64,0,65,223,0,225,64,77
"E18252","E18252","E18252",4730,3860,218,4700,13,1516,121,1639,4537,223,4763,1638,1776
"E18253","E18253","E18253",2810,2409,108,2768,0,856,13,873,2549,28,2586,916,1117
"E18254","E18254","E18254",266,242,9,266,2,85,0,87,270,0,273,85,90
"E18255","E18255","E18255",818,719,26,816,5,238,0,238,795,0,795,238,256
"E18256","E18256","E18256",699,626,17,691,1,235,1,236,710,1,711,240,281
"E18257","E18257","E18257",3052,2544,109,3026,8,1035,48,1085,2946,86,3035,1086,1173
"E18258","E18258","E18258",624,528,37,618,0,205,2,211,616,4,625,208,237
"E18259","E18259","E18259",1113,984,25,1110,3,339,2,343,1055,2,1066,342,363
"E18260","E18260","E18260",10049,7799,625,9988,75,3017,352,3372,9371,730,10111,3375,3552
"E18261","E18261","E18261",781,677,20,775,6,248,3,253,774,5,782,251,287
"E18262","E18262","E18262",1379,1200,48,1372,0,455,4,461,1379,11,1395,459,502
"E18263","E18263","E18263",709,609,20,708,7,200,1,202,658,1,662,202,224
"E18264","E18264","E18264",619,553,21,612,0,204,0,204,619,0,619,204,223
"E18265","E18265","E18265",534,495,10,532,0,197,0,197,536,0,536,198,231
"E18266","E18266","E18266",995,830,13,983,1,359,41,401,926,50,978,403,468
"E18267","E18267","E18267",205,197,1,205,0,73,0,73,212,0,212,73,82
"E18268","E18268","E18268",443,390,14,441,0,170,2,173,443,4,448,173,203
"E18269","E18269","E18269",229,209,4,228,0,84,0,84,229,0,229,84,104
"E18270","E18270","E18270",470,429,7,470,0,161,0,162,418,0,419,162,186
"E18271","E18271","E18271",2032,1481,225,2020,6,674,25,699,1774,49,1823,701,811
"E18272","E18272","E18272",357,328,6,354,0,121,0,121,360,0,360,121,147
"E18273","E18273","E18273",333,291,6,332,0,125,0,128,326,0,333,125,142
"E18274","E18274","E18274",610,551,13,609,0,251,6,257,602,12,614,260,311
"E18275","E18275","E18275",563,494,8,562,0,199,0,201,562,0,566,199,230
"E18276","E18276","E18276",432,390,14,426,1,146,3,150,420,4,425,149,177
"E18277","E18277","E18277",325,301,2,324,0,112,0,113,325,0,326,112,125
"E18278","E18278","E18278",528,468,4,522,0,189,0,189,537,0,537,189,210
"E18279","E18279","E18279",498,457,9,495,0,157,0,157,455,0,455,157,182
"E18280","E18280","E18280",807,686,29,801,24,294,1,295,806,1,807,296,331
"E18281","E18281","E18281",159,152,1,159,0,56,0,56,164,0,164,56,61
"E18282","E18282","E18282",557,510,9,550,0,191,0,195,554,0,565,191,206
"E18283","E18283","E18283",412,375,5,411,0,141,1,144,405,1,414,142,157
"E18284","E18284","E18284",5219,4433,193,5165,27,1869,162,2034,4849,299,5163,2042,2323
"E18285","E18285","E18285",337,319,1,337,0,122,0,123,329,0,330,122,145
"E18286","E18286","E18286",299,233,9,297,0,115,0,115,312,0,312,116,141
"E18287","E18287","E18287",623,501,13,612,1,251,0,252,613,0,617,256,389
"E18288","E18288","E18288",664,521,29,659,5,257,11,268,660,15,675,270,334
"E18289","E18289","E18289",298,263,4,296,0,110,0,111,297,0,298,110,134
"E18290","E18290","E18290",308,228,19,294,0,135,1,139,298,3,304,145,289
"E18291","E18291","E18291",346,298,6,342,0,145,1,147,346,1,349,147,176
"E18292","E18292","E18292",817,650,23,809,0,310,4,315,815,6,823,320,501
"E18293","E18293","E18293",550,440,10,535,0,193,0,193,534,0,534,199,321
"E18294","E18294","E18294",388,315,9,385,0,142,2,146,373,2,379,148,181
"E18295","E18295","E18295",386,321,12,385,0,139,0,139,393,0,393,141,174
"E18296","E18296","E18296",388,334,7,384,0,134,2,137,388,2,391,137,167
"E18297","E18297","E18297",297,222,7,294,0,102,0,102,300,0,300,103,117
"E18298","E18298","E18298",636,530,14,631,5,216,1,218,590,1,594,218,265
"E18299","E18299","E18299",409,328,7,405,0,140,1,141,416,1,417,142,164
"E18300","E18300","E18300",542,437,19,537,0,191,1,194,542,2,548,193,240
"E18301","E18301","E18301",615,493,21,609,0,221,11,236,575,31,613,235,410
"E18302","E18302","E18302",371,298,9,370,0,131,1,132,371,1,372,133,171
"E18303","E18303","E18303",555,461,16,552,0,219,2,222,554,5,561,222,300
"E18304","E18304","E18304",818,618,25,794,2,316,5,321,792,9,801,332,520
"E18305","E18305","E18305",429,373,11,425,0,138,2,141,428,3,432,143,170
"E18306","E18306","E18306",1400,1148,46,1384,6,474,4,484,1288,10,1308,484,608
"E18307","E18307","E18307",833,595,37,805,1,317,17,336,767,27,796,354,770
"E18308","E18308","E18308",393,338,5,390,0,142,0,142,400,0,400,146,174
"E18309","E18309","E18309",289,167,18,278,0,130,0,133,276,0,280,131,165
"E18310","E18310","E18310",924,646,49,908,3,381,21,404,901,32,939,408,631
"E18311","E18311","E18311",216,139,10,213,0,93,0,94,209,0,210,93,114
"E18312","E18312","E18312",205,167,8,201,0,88,5,94,185,13,199,97,355
"E18313","E18313","E18313",187,135,8,187,0,80,0,80,187,0,187,80,131
"E18314","E18314","E18314",251,191,14,249,0,99,0,99,253,0,253,101,159
"E18315","E18315","E18315",224,177,6,221,1,101,0,101,217,0,217,105,314
"E18316","E18316","E18316",447,326,18,439,1,177,1,178,451,2,453,183,255
"E18317","E18317","E18317",244,174,7,231,0,100,1,102,249,1,252,105,167
"E18318","E18318","E18318",1120,807,66,1060,5,420,32,452,984,51,1035,487,951
"E18319","E18319","E18319",216,132,18,201,0,88,1,91,197,3,203,95,208
"E18320","E18320","E18320",750,656,24,731,0,242,1,245,730,3,737,245,269
"E18321","E18321","E18321",1234,1062,35,1215,3,397,1,402,1122,2,1135,402,514
"E18322","E18322","E18322",212,186,2,212,0,65,0,69,211,0,220,65,69
"E18323","E18323","E18323",1588,1404,46,1577,3,530,6,538,1585,10,1600,537,582
"E18324","E18324","E18324",1034,914,25,1030,0,368,0,370,1039,0,1042,368,436
"E18325","E18325","E18325",1367,1138,46,1361,8,486,0,486,1376,0,1376,488,555
"E19001","E19001","E19001",10487,6498,1063,9774,59,2778,830,3610,7047,1684,8738,3658,4529
"E19002","E19002","E19002",4230,3487,128,4183,32,1744,94,1839,3999,148,4148,1850,2325
"E19003","E19003","E19003",6104,4130,711,5862,82,1631,1126,2758,3484,2022,5510,2785,3381
"E19004","E19004","E19004",196,178,9,196,0,76,0,76,190,0,190,78,111
"E19005","E19005","E19005",419,350,13,412,0,169,3,172,401,4,405,178,455
"E19006","E19006","E19006",102,81,2,96,0,41,0,41,93,0,93,44,100
"E19007","E19007","E19007",2061,1483,175,1918,1,765,53,819,1706,93,1800,825,1306
"E19008","E19008","E19008",316,240,8,297,0,137,0,138,291,0,292,154,436
"E19010","E19010","E19010",583,481,7,574,0,224,1,225,586,2,588,228,351
"E19012","E19012","E19012",187,145,4,172,0,68,0,68,170,0,170,70,106
"E19013","E19013","E19013",193,152,10,182,0,81,0,82,176,0,177,86,293
"E19015","E19015","E19015",962,788,34,946,1,378,3,381,944,5,949,389,766
"E19016","E19016","E19016",1269,951,88,1221,0,451,12,465,1136,20,1158,480,919
"E19017","E19017","E19017",298,239,9,289,0,121,0,121,289,0,289,125,215
"E19018","E19018","E19018",99,88,1,98,0,37,0,37,99,0,99,38,60
"E19019","E19019","E19019",343,244,15,335,1,133,5,138,316,7,323,139,323
"E19021","E19021","E19021",265,221,7,265,0,106,0,106,264,0,264,106,138
"E19022","E19022","E19022",365,307,8,364,0,150,1,151,363,2,365,152,275
"E19023","E19023","E19023",175,148,2,171,0,61,0,61,167,0,167,65,129
"E19024","E19024","E19024",297,248,8,294,0,127,0,128,290,0,291,128,200
"E19025","E19025","E19025",658,532,29,651,7,263,0,264,643,0,645,266,648
"E19026","E19026","E19026",586,484,11,581,0,223,1,224,584,3,587,224,300
"E19027","E19027","E19027",136,110,2,135,0,55,0,55,134,0,134,56,92
"E19028","E19028","E19028",298,256,7,294,0,118,0,119,293,0,295,120,181
"E19029","E19029","E19029",159,141,7,159,0,66,0,66,160,0,160,66,141
"E19030","E19030","E19030",1041,881,39,1016,2,390,13,408,999,17,1022,419,741
"E19031","E19031","E19031",260,218,15,253,0,103,0,103,257,0,257,105,189
"E19032","E19032","E19032",376,311,10,368,0,141,3,144,368,7,375,147,244
"E19033","E19033","E19033",1671,1071,74,1406,0,492,88,580,1101,147,1248,597,1049
"E19034","E19034","E19034",209,180,8,207,1,82,0,82,212,0,212,82,191
"E19035","E19035","E19035",481,409,11,464,0,198,6,204,454,10,464,220,456
"E19036","E19036","E19036",1806,1490,59,1757,0,641,1,654,1677,1,1694,657,976
"E19037","E19037","E19037",160,102,10,142,0,67,0,68,144,0,147,70,124
"E19038","E19038","E19038",514,445,10,490,0,210,1,216,474,1,482,219,394
"E19039","E19039","E19039",422,364,9,412,1,179,6,186,407,13,423,187,309
"E19040","E19040","E19040",330,271,10,324,0,135,0,135,330,0,330,137,205
"E19041","E19041","E19041",273,227,10,268,0,109,2,111,266,4,270,112,179
"E19042","E19042","E19042",256,203,15,247,0,108,1,113,251,2,261,112,215
"E19043","E19043","E19043",444,381,13,432,0,159,1,160,431,2,433,164,246
"E19044","E19044","E19044",238,194,6,234,0,86,0,86,239,0,239,88,117
"E19045","E19045","E19045",422,338,20,413,0,175,3,182,409,5,419,184,363
"E19046","E19046","E19046",193,121,5,187,2,84,1,85,190,2,192,89,200
"E19047","E19047","E19047",267,216,3,265,0,92,0,93,261,0,262,96,130
"E19048","E19048","E19048",404,329,11,399,0,148,0,149,399,0,400,149,219
"E19049","E19049","E19049",350,255,16,342,0,141,0,145,331,0,335,146,326
"E19050","E19050","E19050",611,432,28,595,1,225,0,226,586,0,587,233,350
"E19051","E19051","E19051",308,182,25,304,0,120,0,120,314,0,314,121,191
"E19052","E19052","E19052",193,170,6,193,0,71,0,72,194,0,195,71,97
"E19053","E19053","E19053",158,115,6,155,0,58,0,58,160,0,160,60,88
"E19054","E19054","E19054",245,169,10,230,0,98,0,98,226,0,226,108,199
"E19055","E19055","E19055",226,157,10,220,0,88,0,89,218,0,219,89,204
"E19056","E19056","E19056",3520,2333,199,3374,29,1229,87,1321,3034,127,3166,1349,2152
"E19057","E19057","E19057",788,627,22,778,0,306,3,310,778,4,784,312,431
"E19058","E19058","E19058",136,115,2,135,0,54,0,54,134,0,134,54,78
"E19059","E19059","E19059",172,144,4,172,0,68,1,69,171,1,172,70,127
"E19060","E19060","E19060",836,515,76,790,2,262,10,272,589,15,604,298,533
"E19061","E19061","E19061",239,154,10,217,1,90,0,91,208,0,209,101,208
"E19062","E19062","E19062",870,731,29,857,4,292,17,309,826,36,862,311,358
"E19063","E19063","E19063",520,447,23,518,0,175,6,183,519,13,534,181,229
"E19064","E19064","E19064",200,172,6,198,0,74,0,74,203,0,203,76,88
"E19065","E19065","E19065",805,722,10,803,1,277,4,281,821,9,830,282,318
"E19066","E19066","E19066",999,816,20,974,0,372,0,375,996,0,1000,381,653
"E19067","E19067","E19067",498,422,18,491,0,173,1,174,488,2,490,175,221
"E19068","E19068","E19068",125,100,5,120,0,49,0,49,121,0,121,51,64
"E19069","E19069","E19069",900,739,31,883,2,282,17,301,867,36,907,302,355
"E19070","E19070","E19070",2109,1857,35,2095,0,747,2,750,2108,3,2112,754,864
"E19071","E19071","E19071",382,323,13,382,0,134,0,134,387,0,387,134,182
"E19072","E19072","E19072",270,246,6,270,0,106,0,106,277,0,277,106,123
"E19073","E19073","E19073",694,645,14,691,4,225,0,226,684,0,685,227,275
"E19074","E19074","E19074",852,729,17,844,3,298,4,302,852,6,858,303,347
"E19075","E19075","E19075",862,720,30,848,0,316,8,324,849,19,868,327,415
"E19076","E19076","E19076",426,364,21,419,0,152,4,157,418,5,424,156,186
"E19077","E19077","E19077",1047,868,44,1039,0,334,17,353,1024,35,1061,353,396
"E19078","E19078","E19078",632,534,17,625,0,225,5,230,628,8,636,231,261
"E19079","E19079","E19079",2348,2089,55,2340,10,770,3,773,2299,3,2302,776,863
"E19080","E19080","E19080",236,215,0,232,0,87,0,87,246,0,246,87,106
"E19081","E19081","E19081",984,833,26,972,0,325,0,325,924,0,924,328,395
"E19082","E19082","E19082",7735,5911,454,7346,13,2349,79,2446,6774,161,6978,2446,2895
"E19083","E19083","E19083",872,764,28,863,0,329,0,331,880,0,883,331,371
"E19084","E19084","E19084",4670,3579,165,4613,16,1703,120,1826,4395,207,4606,1836,2278
"E19085","E19085","E19085",1052,928,26,1046,0,362,0,362,1056,0,1056,364,448
"E19086","E19086","E19086",307,277,8,307,0,110,0,110,308,0,308,110,122
"E19087","E19087","E19087",741,649,19,737,0,258,5,263,755,5,760,263,316
"E19088","E19088","E19088",2439,2016,100,2431,12,853,5,858,2393,6,2399,863,1017
"E19089","E19089","E19089",1718,1487,37,1701,1,608,3,611,1724,5,1729,614,706
"E19090","E19090","E19090",881,619,20,766,0,223,6,229,660,11,671,238,334
"E19091","E19091","E19091",1941,1569,61,1934,0,720,15,735,1900,27,1927,741,861
"E19092","E19092","E19092",427,364,14,427,0,139,0,139,433,0,433,139,162
"E19093","E19093","E19093",685,611,14,683,0,267,0,268,687,0,691,267,343
"E19094","E19094","E19094",496,455,9,487,0,186,0,187,487,0,488,189,259
"E19095","E19095","E19095",461,413,5,459,0,168,2,171,460,7,468,170,195
"E19096","E19096","E19096",444,402,3,443,0,161,0,162,449,0,450,161,198
"E19097","E19097","E19097",846,757,10,833,0,333,0,333,840,0,840,334,419
"E19098","E19098","E19098",92,83,0,91,0,35,0,35,92,0,92,35,51
"E19099","E19099","E19099",455,395,14,453,0,165,0,166,464,0,466,165,206
"E19100","E19100","E19100",150,126,4,144,0,58,0,58,142,0,142,58,86
"E19101","E19101","E19101",374,309,10,365,0,156,1,157,360,1,361,157,207
"E19102","E19102","E19102",628,566,5,627,1,258,0,259,627,0,628,259,300
"E19103","E19103","E19103",289,251,15,286,0,114,0,114,306,0,306,115,132
"E19104","E19104","E19104",539,488,8,535,0,184,0,184,537,0,537,187,224
"E19105","E19105","E19105",521,469,12,521,0,193,1,194,504,1,505,194,243
"E19106","E19106","E19106",559,463,16,554,0,220,0,222,550,0,552,221,272
"E19107","E19107","E19107",278,244,11,276,0,112,0,112,289,0,289,112,153
"E19108","E19108","E19108",369,323,1,368,0,144,0,144,376,0,376,144,168
"E19109","E19109","E19109",993,875,12,982,1,367,2,372,996,3,1006,370,440
"E19110","E19110","E19110",2064,1737,49,2022,1,854,40,894,1954,54,2008,913,1513
"E19111","E19111","E19111",491,430,14,490,1,179,1,180,497,1,498,181,235
"E19112","E19112","E19112",752,644,20,744,1,269,0,270,749,0,751,271,325
"E19113","E19113","E19113",234,202,5,233,0,96,0,97,229,0,233,97,122
"E19114","E19114","E19114",425,392,3,422,0,161,2,164,425,2,428,164,204
"E19115","E19115","E19115",560,509,8,557,0,193,0,193,556,0,556,194,236
"E19116","E19116","E19116",552,474,9,545,0,227,3,230,551,5,556,232,317
"E19117","E19117","E19117",348,301,3,345,0,126,2,128,345,2,347,129,165
"E19118","E19118","E19118",1654,1401,31,1638,1,628,7,635,1625,12,1637,636,767
"E19119","E19119","E19119",1134,940,33,1132,4,419,3,424,1141,3,1146,424,494
"E19120","E19120","E19120",493,427,5,492,0,183,0,183,499,0,499,184,237
"E19121","E19121","E19121",1135,1039,12,1128,0,451,0,451,1137,0,1137,455,537
"E19122","E19122","E19122",423,363,8,416,0,166,0,166,422,0,422,168,206
"E19123","E19123","E19123",221,194,4,220,0,92,0,93,228,0,229,92,107
"E19124","E19124","E19124",757,637,24,735,0,318,1,319,737,6,743,319,412
"E19125","E19125","E19125",483,423,7,479,0,184,0,184,491,0,491,185,233
"E19126","E19126","E19126",486,411,11,483,0,169,0,169,483,0,483,169,216
"E19127","E19127","E19127",376,333,5,371,1,148,0,148,383,0,383,148,191
"E19128","E19128","E19128",1244,1106,22,1241,0,448,9,458,1214,14,1230,457,530
"E19129","E19129","E19129",1664,1205,79,1369,0,466,0,466,1332,0,1332,466,529
"E19130","E19130","E19130",1100,940,28,1089,0,417,7,424,1079,7,1086,426,519
"E19131","E19131","E19131",384,351,10,382,0,127,2,130,384,2,388,129,142
"E19132","E19132","E19132",1446,1261,35,1435,0,566,3,570,1443,5,1449,574,840
"E19133","E19133","E19133",1684,1474,38,1661,0,616,1,619,1690,1,1693,623,851
"E19134","E19134","E19134",549,494,6,546,0,196,0,196,551,0,551,197,239
"E19135","E19135","E19135",1968,1551,110,1918,18,632,6,638,1850,20,1870,639,699
"E19136","E19136","E19136",793,667,31,781,1,285,3,289,783,5,790,296,478
"E19137","E19137","E19137",360,319,2,359,0,142,1,143,355,2,357,145,186
"E19138","E19138","E19138",719,631,16,717,0,255,21,277,686,44,731,278,328
"E19139","E19139","E19139",504,437,13,492,0,172,3,175,493,4,497,176,220
"E19140","E19140","E19140",734,624,14,729,0,305,0,305,735,0,735,305,394
"E19141","E19141","E19141",444,426,5,443,0,157,0,159,442,0,447,158,182
"E19142","E19142","E19142",3392,2893,89,3365,8,1281,69,1351,3213,115,3331,1352,1648
"E19143","E19143","E19143",1535,1353,32,1518,1,549,11,561,1529,17,1547,561,630
"E19144","E19144","E19144",279,256,5,278,0,108,1,109,283,1,284,109,132
"E19145","E19145","E19145",310,274,6,304,0,111,1,112,305,1,306,112,136
"E19146","E19146","E19146",204,182,3,201,0,70,0,70,201,0,201,70,80
"E19147","E19147","E19147",677,613,14,668,2,240,1,241,694,1,695,242,260
"E19148","E19148","E19148",375,323,8,374,1,148,0,149,384,0,385,148,174
"E19149","E19149","E19149",624,546,11,622,0,224,0,224,624,0,624,225,291
"E19150","E19150","E19150",264,236,9,264,0,102,0,103,267,0,268,102,130
"E19151","E19151","E19151",694,575,21,688,1,257,1,260,694,4,702,259,347
"E19152","E19152","E19152",297,236,16,290,0,113,2,119,284,3,295,115,146
"E19153","E19153","E19153",395,359,3,392,0,144,1,146,387,1,392,146,182
"E19154","E19154","E19154",304,278,3,302,0,120,0,120,307,0,307,120,139
"E19155","E19155","E19155",558,469,15,553,1,220,0,221,562,0,564,220,269
"E19156","E19156","E19156",397,305,16,367,2,117,11,131,316,20,341,132,180
"E19157","E19157","E19157",733,642,14,730,0,289,0,291,729,0,734,290,360
"E19158","E19158","E19158",435,372,21,425,0,162,2,164,431,6,437,165,202
"E19159","E19159","E19159",487,455,4,486,0,170,0,173,490,0,497,171,199
"E19160","E19160","E19160",174,154,0,172,0,66,0,66,174,0,174,66,76
"E19161","E19161","E19161",391,339,14,388,0,141,0,141,395,0,395,141,168
"E19162","E19162","E19162",538,472,11,532,0,177,0,177,540,0,540,179,201
"E19163","E19163","E19163",1080,932,41,1076,0,402,0,403,1063,0,1064,405,435
"E19164","E19164","E19164",694,637,16,690,0,243,0,245,701,0,703,244,286
"E19165","E19165","E19165",19032,14580,1479,18889,165,6678,411,7091,17808,762,18574,7124,7888
"E19166","E19166","E19166",870,779,28,865,1,298,1,299,864,5,869,300,359
"E20001","E20001","E20001",4626,3882,215,4599,25,1523,202,1727,4134,480,4616,1734,1847
"E20002","E20002","E20002",2807,2077,277,2797,58,735,245,980,2259,550,2809,986,1058
"E20003","E20003","E20003",670,424,143,661,1,142,133,275,380,279,659,279,326
"E20004","E20004","E20004",1477,1285,58,1472,9,564,53,619,1299,118,1421,621,683
"E20005","E20005","E20005",2366,1767,239,2347,56,601,333,935,1573,766,2348,945,1075
"E20006","E20006","E20006",1353,1230,38,1347,10,555,5,560,1342,11,1353,561,593
"E20007","E20007","E20007",3030,2852,47,3027,3,1088,21,1110,3021,24,3047,1110,1172
"E20008","E20008","E20008",1125,911,104,1110,22,413,35,449,1000,65,1068,455,521
"E20009","E20009","E20009",549,398,61,541,14,200,42,242,480,79,559,246,280
"E20010","E20010","E20010",1429,998,176,1360,29,330,215,546,894,432,1328,555,619
"E20011","E20011","E20011",2063,1734,117,2011,9,721,72,795,1841,120,1963,799,913
"E20012","E20012","E20012",1680,1485,59,1671,9,681,25,706,1628,43,1671,711,774
"E20013","E20013","E20013",893,425,187,887,27,1,392,394,1,883,886,394,419
"E20014","E20014","E20014",3080,1359,932,3016,101,141,1063,1207,344,2547,2895,1231,1360
"E20015","E20015","E20015",1255,741,223,1251,12,246,324,571,555,699,1257,571,652
"E20016","E20016","E20016",1121,883,116,1114,15,389,92,483,901,171,1080,484,562
"E20017","E20017","E20017",802,506,125,755,31,216,51,267,617,87,704,273,313
"E20018","E20018","E20018",1028,865,49,1018,15,363,21,384,905,31,936,387,429
"E20019","E20019","E20019",1432,1326,15,1430,0,546,0,550,1411,0,1435,548,584
"E20020","E20020","E20020",739,709,1,739,0,249,0,258,705,0,739,249,264
"E20021","E20021","E20021",641,481,74,639,15,173,111,284,399,237,636,284,331
"E20022","E20022","E20022",1218,1145,23,1217,1,516,2,519,1224,6,1233,521,566
"E20023","E20023","E20023",555,518,10,555,0,224,0,224,559,0,559,226,243
"E20024","E20024","E20024",747,727,2,746,0,299,0,299,756,0,756,299,332
"E20025","E20025","E20025",1038,924,38,1036,6,417,43,465,924,78,1012,465,493
"E20026","E20026","E20026",503,325,56,489,14,124,87,212,262,218,483,213,226
"E20027","E20027","E20027",1455,1374,18,1430,0,543,25,577,1346,60,1444,569,617
"E20028","E20028","E20028",890,783,31,889,1,333,48,381,754,133,887,382,406
"E20029","E20029","E20029",2253,1078,538,2239,112,308,589,899,813,1440,2258,903,1006
"E20030","E20030","E20030",1061,929,35,1047,0,378,129,507,807,283,1090,519,630
"E20031","E20031","E20031",647,573,26,647,0,249,17,266,631,26,657,268,290
"E20032","E20032","E20032",1848,1661,55,1780,4,550,126,682,1364,385,1779,677,717
"E20033","E20033","E20033",988,878,12,975,3,296,17,314,696,32,729,313,332
"E20034","E20034","E20034",1299,486,359,1231,121,8,518,527,18,1119,1138,528,548
"E20035","E20035","E20035",1242,589,379,1234,54,36,562,598,107,1027,1134,602,719
"E20036","E20036","E20036",1651,1517,44,1645,0,654,3,657,1665,4,1669,657,704
"E20037","E20037","E20037",3777,3334,114,3761,16,1337,14,1363,3708,34,3777,1356,1424
"E20065","E20065","E20065",7364,5958,604,7276,78,2141,646,2788,5862,1425,7288,2816,3045
"E21001","E21001","E21001",411,382,9,411,0,137,0,137,412,0,412,137,139
"E21002","E21002","E21002",617,543,14,608,0,210,0,210,626,0,626,211,236
"E21003","E21003","E21003",2225,1692,115,2044,2,680,48,730,1839,79,1925,748,902
"E21004","E21004","E21004",970,853,33,966,0,367,2,369,970,5,975,370,428
"E21005","E21005","E21005",506,477,2,506,0,198,0,199,494,0,495,198,224
"E21006","E21006","E21006",296,274,7,294,2,107,0,108,295,0,297,108,130
"E21007","E21007","E21007",330,309,5,325,0,114,0,114,338,0,338,116,123
"E21008","E21008","E21008",496,455,15,493,0,178,0,181,493,0,504,179,196
"E21009","E21009","E21009",396,364,9,391,3,137,0,138,395,0,396,137,156
"E21010","E21010","E21010",469,436,12,467,0,152,0,154,443,0,449,154,168
"E21011","E21011","E21011",463,436,10,461,0,154,0,154,469,0,469,154,159
"E21012","E21012","E21012",461,414,9,454,0,154,0,155,471,0,472,154,172
"E21013","E21013","E21013",1931,1706,50,1913,34,642,26,671,1806,47,1860,674,707
"E21014","E21014","E21014",698,645,18,695,2,236,1,237,707,2,709,237,251
"E21015","E21015","E21015",1340,1215,25,1337,8,446,1,449,1350,5,1358,448,474
"E21016","E21016","E21016",317,297,6,315,0,108,0,108,317,0,317,108,115
"E21017","E21017","E21017",553,515,10,546,0,193,0,195,556,0,560,195,212
"E21018","E21018","E21018",314,278,11,312,3,103,0,103,315,0,315,103,116
"E21019","E21019","E21019",561,519,12,555,0,191,0,192,564,0,565,191,207
"E21020","E21020","E21020",307,282,3,304,0,100,0,101,306,0,307,100,114
"E21021","E21021","E21021",230,224,0,230,0,83,1,84,238,1,239,84,103
"E21022","E21022","E21022",1207,1006,54,1196,1,460,29,491,1140,60,1204,490,614
"E21023","E21023","E21023",442,404,5,436,0,177,0,178,433,0,436,180,215
"E21024","E21024","E21024",398,362,9,396,0,164,0,164,403,0,403,164,211
"E21025","E21025","E21025",370,353,3,370,0,143,1,144,373,1,374,144,166
"E21026","E21026","E21026",402,381,4,402,0,154,1,156,401,2,406,156,178
"E21027","E21027","E21027",473,436,15,469,0,182,0,182,470,0,470,182,202
"E21028","E21028","E21028",1460,1306,27,1450,6,515,24,542,1373,39,1419,542,620
"E21029","E21029","E21029",1294,1106,48,1278,19,379,22,406,1039,75,1121,405,487
"E21030","E21030","E21030",332,289,6,331,0,121,0,121,340,0,340,121,142
"E21031","E21031","E21031",761,704,11,760,0,257,2,260,768,3,774,259,294
"E21032","E21032","E21032",535,501,5,534,0,202,0,202,536,0,536,202,222
"E21033","E21033","E21033",375,339,5,373,0,130,0,130,367,0,367,131,151
"E21034","E21034","E21034",577,530,9,577,0,195,0,197,590,0,595,196,223
"E21035","E21035","E21035",850,737,12,842,0,299,1,300,855,1,856,300,333
"E21036","E21036","E21036",474,430,4,472,0,181,2,186,463,2,473,183,209
"E21037","E21037","E21037",309,278,7,309,0,116,0,117,316,0,317,116,138
"E21038","E21038","E21038",1296,1145,26,1292,1,478,16,494,1281,21,1302,495,568
"E21039","E21039","E21039",1147,998,26,1135,0,470,4,474,1139,6,1145,475,585
"E21040","E21040","E21040",231,208,7,225,0,86,0,86,227,0,227,88,110
"E21041","E21041","E21041",2389,2066,62,2372,30,888,59,962,2231,92,2371,954,1090
"E21042","E21042","E21042",611,565,8,609,0,219,2,222,614,4,619,222,251
"E21043","E21043","E21043",784,714,7,783,0,277,1,279,791,1,795,278,308
"E21044","E21044","E21044",918,825,12,913,0,340,7,348,922,10,934,349,402
"E21045","E21045","E21045",222,199,4,220,0,83,1,86,224,1,228,85,101
"E21046","E21046","E21046",337,314,10,337,1,122,2,124,338,2,340,124,142
"E21047","E21047","E21047",694,644,9,691,0,235,1,238,691,1,697,236,268
"E21048","E21048","E21048",654,612,5,654,0,222,0,223,654,0,655,222,249
"E21049","E21049","E21049",1367,1238,33,1365,1,431,2,433,1356,7,1363,434,472
"E21050","E21050","E21050",1932,1772,54,1925,0,642,4,646,1956,10,1966,647,669
"E21051","E21051","E21051",19394,13985,2092,19130,740,5932,785,6719,17281,1759,19046,6740,7222
"E21052","E21052","E21052",16540,12602,1453,16274,442,4727,835,5566,14307,1743,16064,5686,6067
"E21053","E21053","E21053",4513,3807,226,4453,45,1426,40,1473,4448,82,4549,1485,1609
"E21054","E21054","E21054",576,540,13,569,0,185,1,187,561,2,569,187,212
"E21055","E21055","E21055",2318,1990,76,2308,35,763,11,774,2255,30,2285,774,835
"E21056","E21056","E21056",388,358,7,388,0,117,0,117,396,0,396,117,128
"E21057","E21057","E21057",1424,1312,29,1422,0,501,15,517,1401,22,1424,518,588
"E21058","E21058","E21058",658,612,10,653,5,211,0,211,652,0,652,214,223
"E21059","E21059","E21059",3607,3001,145,3566,15,1251,45,1298,3487,85,3574,1303,1412
"E21060","E21060","E21060",1993,1795,58,1986,25,695,2,697,1985,2,1987,701,746
"E21061","E21061","E21061",1055,896,43,1052,3,357,0,358,1068,0,1071,357,392
"E21062","E21062","E21062",266,249,2,261,0,94,1,96,262,2,266,95,104
"E21063","E21063","E21063",1240,1046,51,1193,0,377,5,383,1064,6,1071,383,423
"E21064","E21064","E21064",911,825,15,903,0,302,0,304,900,0,905,306,356
"E21066","E21066","E21066",2215,1873,118,2210,36,706,8,721,2168,15,2210,715,748
"E21067","E21067","E21067",1490,1317,52,1485,3,532,10,543,1467,24,1498,545,578
"E21068","E21068","E21068",1580,1447,43,1567,4,541,0,542,1606,0,1607,541,593
"E21069","E21069","E21069",341,315,7,341,0,132,0,133,335,0,336,132,156
"E21070","E21070","E21070",659,587,21,657,0,247,8,257,626,21,650,257,294
"E21071","E21071","E21071",408,383,3,407,0,140,0,141,407,0,408,141,157
"E21072","E21072","E21072",326,291,3,324,0,131,0,132,324,0,325,131,157
"E21073","E21073","E21073",588,529,9,587,0,221,1,223,591,2,594,224,270
"E21074","E21074","E21074",270,250,3,268,0,98,0,99,271,0,272,100,113
"E21075","E21075","E21075",315,284,5,315,0,119,0,119,318,0,318,120,128
"E21076","E21076","E21076",241,226,4,241,0,76,0,76,244,0,244,76,79
"E21077","E21077","E21077",272,243,11,272,0,97,0,98,275,0,276,97,110
"E21078","E21078","E21078",2629,2203,88,2619,13,1009,67,1077,2485,154,2641,1079,1309
"E21079","E21079","E21079",1037,944,13,1036,0,382,0,384,1042,0,1049,384,424
"E21080","E21080","E21080",386,359,6,384,2,129,0,131,385,0,388,130,153
"E21081","E21081","E21081",336,304,7,335,0,117,0,117,342,0,342,117,137
"E21082","E21082","E21082",142,135,2,140,0,49,0,49,138,0,138,49,61
"E21083","E21083","E21083",993,935,17,988,0,348,1,349,980,2,982,350,403
"E21084","E21084","E21084",400,329,10,393,0,135,0,136,392,0,393,136,172
"E21085","E21085","E21085",264,242,0,264,0,101,0,101,263,0,263,102,123
"E21086","E21086","E21086",353,322,3,351,1,108,1,109,349,2,351,110,128
"E21087","E21087","E21087",433,402,4,432,0,155,0,155,432,0,432,155,185
"E21088","E21088","E21088",928,863,11,923,1,367,7,374,894,12,906,376,455
"E21089","E21089","E21089",930,825,11,928,1,336,0,337,942,0,944,336,385
"E21090","E21090","E21090",340,319,8,338,0,128,2,130,342,5,347,130,156
"E21091","E21091","E21091",263,233,1,263,0,107,0,107,260,0,260,107,123
"E21092","E21092","E21092",540,477,9,537,0,199,2,201,541,2,543,201,230
"E21093","E21093","E21093",719,652,6,711,0,263,0,264,715,0,718,265,302
"E21094","E21094","E21094",446,398,7,437,0,167,1,171,441,1,447,169,191
"E21095","E21095","E21095",368,346,5,366,0,133,0,133,378,0,378,133,161
"E21096","E21096","E21096",541,475,19,539,0,176,0,176,539,0,539,176,200
"E21097","E21097","E21097",550,494,17,544,1,187,0,188,546,0,547,187,208
"E21098","E21098","E21098",1260,1137,18,1254,3,444,0,446,1264,0,1268,444,489
"E21099","E21099","E21099",492,415,7,482,0,220,0,220,493,0,493,221,269
"E21100","E21100","E21100",383,351,8,381,0,124,0,124,384,0,384,124,154
"E21101","E21101","E21101",2491,1938,178,2465,36,787,88,875,2210,225,2435,882,962
"E21102","E21102","E21102",5602,3907,494,5559,121,1886,225,2113,4983,389,5385,2119,2427
"E21103","E21103","E21103",498,438,8,496,0,193,0,193,504,0,504,193,227
"E21104","E21104","E21104",937,804,31,930,0,346,14,361,916,28,946,361,414
"E21105","E21105","E21105",289,250,3,285,0,105,0,109,279,0,289,105,117
"E21106","E21106","E21106",1038,873,24,1004,0,350,0,351,974,0,976,350,405
"E21107","E21107","E21107",626,572,15,624,1,220,9,229,619,13,632,231,288
"E21108","E21108","E21108",1232,1063,37,1224,22,426,8,435,1168,12,1182,437,482
"E21109","E21109","E21109",252,232,8,252,0,78,0,78,223,0,223,78,84
"E21110","E21110","E21110",421,395,4,418,0,148,1,151,416,2,421,149,165
"E21111","E21111","E21111",947,856,20,938,1,309,1,310,951,5,956,311,338
"E21112","E21112","E21112",460,398,15,454,1,174,0,174,460,0,460,175,197
"E21113","E21113","E21113",258,250,1,257,0,92,0,92,264,0,264,92,109
"E21114","E21114","E21114",833,730,32,828,7,247,1,248,778,2,780,249,285
"E21115","E21115","E21115",916,842,22,907,15,300,0,300,927,0,927,300,333
"E21116","E21116","E21116",523,461,5,511,1,179,0,180,511,0,513,180,198
"E21118","E21118","E21118",350,321,6,350,0,125,0,125,355,0,355,125,148
"E21119","E21119","E21119",839,750,26,835,0,277,0,278,847,0,848,277,317
"E21120","E21120","E21120",688,628,11,683,2,235,0,235,694,0,694,236,258
"E21121","E21121","E21121",612,479,48,566,0,185,0,185,537,0,537,186,202
"E21122","E21122","E21122",479,447,3,477,0,164,0,167,463,0,475,165,188
"E21123","E21123","E21123",664,551,13,628,0,251,1,253,629,1,631,255,297
"E21125","E21125","E21125",714,659,10,712,0,253,0,254,736,0,738,256,304
"E21126","E21126","E21126",1104,1014,25,1101,2,388,3,392,1099,8,1109,392,441
"E21127","E21127","E21127",315,287,3,315,0,113,0,113,315,0,315,114,136
"E21128","E21128","E21128",1408,1199,47,1393,0,485,40,544,1287,63,1395,526,881
"E21129","E21129","E21129",601,541,17,595,0,199,1,200,598,2,600,200,225
"E21130","E21130","E21130",922,798,19,892,0,364,6,370,871,8,879,374,435
"E21131","E21131","E21131",542,497,10,541,0,204,3,208,546,5,552,207,234
"E21132","E21132","E21132",417,386,4,417,0,147,0,148,414,0,419,147,173
"E21133","E21133","E21133",1352,1213,31,1343,0,500,5,507,1341,10,1357,506,582
"E21134","E21134","E21134",1548,1428,23,1542,0,512,18,533,1461,44,1512,531,590
"E21135","E21135","E21135",1119,1014,25,1114,1,419,7,427,1107,9,1117,427,471
"E21136","E21136","E21136",588,537,13,588,2,197,0,197,597,0,597,197,223
"E22001","E22001","E22001",3538,2428,399,3500,86,1135,190,1325,3081,344,3425,1328,1485
"E22002","E22002","E22002",5969,4282,416,5927,132,2085,304,2389,5405,512,5917,2400,2722
"E22003","E22003","E22003",2005,1731,59,1994,3,797,32,829,1938,50,1988,832,1001
"E22004","E22004","E22004",7122,5936,333,7080,33,2607,302,2924,6180,528,6726,2944,3419
"E22005","E22005","E22005",267,250,4,264,0,107,0,107,263,0,263,107,124
"E22006","E22006","E22006",579,511,12,572,0,210,3,215,560,4,567,215,248
"E22007","E22007","E22007",365,325,5,363,0,123,0,123,371,0,371,123,138
"E22008","E22008","E22008",1471,1184,117,1467,14,510,43,554,1320,133,1456,554,646
"E22009","E22009","E22009",186,170,2,186,0,70,0,70,193,0,193,70,82
"E22010","E22010","E22010",1195,980,64,1186,10,444,17,462,1143,30,1176,463,526
"E22011","E22011","E22011",326,281,7,320,0,104,2,107,318,7,326,109,136
"E22012","E22012","E22012",249,220,2,247,0,88,0,89,250,0,253,89,101
"E22013","E22013","E22013",209,189,4,208,0,70,0,71,207,0,208,71,91
"E22014","E22014","E22014",303,274,2,302,0,99,0,99,280,0,280,99,119
"E22015","E22015","E22015",646,559,21,638,0,244,2,248,616,4,624,253,350
"E22016","E22016","E22016",301,272,1,297,3,117,0,117,302,0,302,119,158
"E22017","E22017","E22017",321,285,7,319,0,123,0,125,324,0,330,126,153
"E22018","E22018","E22018",194,178,1,194,1,66,0,66,194,0,194,66,72
"E22019","E22019","E22019",311,273,3,310,7,109,0,110,319,0,320,109,132
"E22020","E22020","E22020",126,114,2,125,0,49,0,50,125,0,127,50,56
"E22021","E22021","E22021",609,547,10,606,7,213,1,214,609,1,610,214,240
"E22022","E22022","E22022",575,517,13,568,0,220,0,220,566,0,566,225,324
"E22023","E22023","E22023",252,234,2,252,0,85,0,85,251,0,251,85,100
"E22024","E22024","E22024",640,579,13,635,0,228,2,230,634,2,636,231,267
"E22025","E22025","E22025",350,330,2,349,1,102,0,102,344,0,344,102,118
"E22026","E22026","E22026",636,562,9,628,0,188,1,191,544,5,553,189,204
"E22027","E22027","E22027",3414,2803,135,3386,8,1111,45,1158,3324,87,3414,1168,1292
"E22028","E22028","E22028",673,595,13,668,3,236,0,238,669,0,671,237,265
"E22029","E22029","E22029",582,537,6,582,0,207,0,207,593,0,593,207,233
"E22030","E22030","E22030",745,661,11,742,0,272,0,272,768,0,768,273,296
"E22031","E22031","E22031",743,660,17,741,3,246,4,251,735,11,747,252,288
"E22032","E22032","E22032",484,456,9,482,0,161,0,161,492,0,492,161,168
"E22033","E22033","E22033",748,676,15,746,3,240,0,240,704,0,704,242,265
"E22034","E22034","E22034",1497,1273,46,1487,3,558,0,560,1535,0,1542,559,690
"E22035","E22035","E22035",490,423,22,486,0,170,0,170,497,0,497,171,200
"E22036","E22036","E22036",212,199,2,212,0,78,0,80,213,0,216,78,103
"E22038","E22038","E22038",743,691,11,740,0,246,1,247,752,1,753,247,266
"E22039","E22039","E22039",663,623,10,661,1,230,0,230,670,0,670,231,245
"E22040","E22040","E22040",510,441,16,509,0,170,0,170,511,0,511,170,186
"E22041","E22041","E22041",705,632,11,703,0,258,1,259,714,2,716,261,303
"E22042","E22042","E22042",474,432,5,461,0,172,0,172,473,0,473,175,193
"E22043","E22043","E22043",376,337,7,376,0,129,0,129,372,0,372,130,145
"E22044","E22044","E22044",797,693,19,789,3,275,3,279,798,5,804,283,330
"E22046","E22046","E22046",690,632,8,690,0,272,3,275,682,3,685,275,305
"E22047","E22047","E22047",694,628,19,686,0,252,0,252,706,0,706,254,356
"E22048","E22048","E22048",1980,1809,33,1971,6,687,3,694,1965,5,1977,694,753
"E22049","E22049","E22049",3167,2759,117,3156,23,1025,32,1060,3077,51,3132,1058,1164
"E22050","E22050","E22050",115,103,1,115,0,52,0,52,117,0,117,52,69
"E22051","E22051","E22051",1001,899,14,987,2,342,3,346,1007,4,1015,345,377
"E22052","E22052","E22052",310,292,3,310,0,97,0,98,316,0,317,97,120
"E22053","E22053","E22053",133,122,0,130,0,40,0,40,132,0,132,40,49
"E22054","E22054","E22054",317,293,10,312,0,111,0,112,305,0,308,112,130
"E22055","E22055","E22055",411,387,5,410,0,145,1,146,417,1,418,147,165
"E22056","E22056","E22056",480,430,4,475,0,148,2,152,467,6,477,152,174
"E22057","E22057","E22057",371,347,1,366,0,130,1,131,366,3,369,131,156
"E22058","E22058","E22058",269,258,0,268,0,88,0,88,242,0,242,88,100
"E22059","E22059","E22059",6606,5262,372,6554,21,2274,155,2431,6231,289,6523,2440,2698
"E22060","E22060","E22060",401,366,6,400,0,136,0,136,400,0,400,137,149
"E22061","E22061","E22061",424,390,8,420,0,153,0,153,420,0,420,154,178
"E22062","E22062","E22062",241,226,6,238,0,84,0,86,228,0,233,85,99
"E22063","E22063","E22063",1257,1107,31,1248,1,485,2,487,1254,3,1257,490,564
"E22064","E22064","E22064",1212,1108,9,1197,1,400,0,403,1214,0,1227,402,453
"E22065","E22065","E22065",371,335,5,371,0,125,0,126,366,0,369,127,163
"E22066","E22066","E22066",479,440,8,470,0,165,0,165,474,0,474,168,187
"E22067","E22067","E22067",594,555,11,594,0,198,0,198,598,0,598,199,225
"E22068","E22068","E22068",1437,1333,16,1433,3,530,0,534,1436,0,1445,532,587
"E22069","E22069","E22069",407,377,4,405,0,148,0,148,402,0,402,151,164
"E22070","E22070","E22070",556,526,9,552,0,184,0,184,562,0,562,184,204
"E22071","E22071","E22071",1057,966,17,1054,0,374,2,378,1059,2,1072,377,423
"E22072","E22072","E22072",326,302,3,325,0,106,0,108,319,0,327,106,117
"E22073","E22073","E22073",662,624,7,658,1,230,0,231,659,0,661,231,261
"E22074","E22074","E22074",408,375,8,406,0,151,0,151,415,0,415,151,180
"E22075","E22075","E22075",541,512,11,540,0,187,0,189,536,0,539,188,199
"E22076","E22076","E22076",534,494,6,524,0,183,0,183,530,0,530,185,223
"E22077","E22077","E22077",779,717,11,773,1,253,0,254,781,0,782,254,283
"E22078","E22078","E22078",823,764,6,818,0,320,0,322,822,0,827,320,374
"E22079","E22079","E22079",2365,2087,37,2351,6,844,5,851,2354,12,2375,853,925
"E22080","E22080","E22080",828,767,9,824,0,273,0,276,825,0,836,274,315
"E22081","E22081","E22081",311,293,3,305,0,115,0,115,305,0,305,115,141
"E23082","E23082","E23082",1484,1307,47,1479,3,586,22,608,1439,36,1475,611,665
"E23083","E23083","E23083",4519,3740,222,4475,24,1585,223,1809,3991,433,4426,1815,2000
"E23084","E23084","E23084",2652,1984,138,2623,35,888,151,1039,2141,334,2475,1044,1253
"E23085","E23085","E23085",4155,3146,269,4112,80,1429,370,1800,3446,675,4122,1806,2058
"E23086","E23086","E23086",5814,4796,262,5767,123,2151,246,2399,5080,391,5479,2405,2670
"E23087","E23087","E23087",2513,1997,98,2491,6,1004,76,1084,2350,113,2475,1092,1246
"E23088","E23088","E23088",2047,1566,148,2039,10,796,97,893,1884,139,2023,897,1063
"E23089","E23089","E23089",515,453,6,515,0,181,1,182,525,1,526,183,195
"E23090","E23090","E23090",663,588,11,657,0,246,0,249,668,0,673,247,279
"E23091","E23091","E23091",360,333,5,357,0,132,1,133,359,1,360,133,156
"E23092","E23092","E23092",410,362,13,407,0,158,0,160,405,0,408,159,181
"E23093","E23093","E23093",665,600,9,665,0,239,0,242,670,0,678,240,266
"E23094","E23094","E23094",470,412,13,465,0,166,1,167,481,2,483,168,191
"E23095","E23095","E23095",540,486,4,534,5,174,0,175,506,0,507,175,198
"E23096","E23096","E23096",3083,2390,162,3055,23,1023,7,1039,3017,10,3089,1033,1120
"E23097","E23097","E23097",242,209,9,240,0,85,0,86,240,0,241,85,103
"E23098","E23098","E23098",497,451,14,491,0,165,0,166,506,0,509,167,183
"E23099","E23099","E23099",528,491,7,526,0,190,1,196,514,5,527,192,220
"E23100","E23100","E23100",709,652,14,706,0,247,0,251,710,0,716,248,275
"E23101","E23101","E23101",457,407,15,454,0,151,4,156,453,5,459,155,172
"E23102","E23102","E23102",582,535,16,580,2,208,1,210,587,2,591,209,227
"E23103","E23103","E23103",692,637,5,687,0,233,2,236,680,5,687,236,262
"E23104","E23104","E23104",997,852,41,985,1,426,12,438,968,18,986,440,502
"E23105","E23105","E23105",768,679,6,760,10,258,2,261,722,3,729,264,298
"E23106","E23106","E23106",155,148,0,152,0,48,0,48,155,0,155,48,56
"E23107","E23107","E23107",438,393,8,438,0,154,0,156,428,0,436,155,172
"E23108","E23108","E23108",677,600,14,651,0,224,2,226,639,2,641,226,249
"E23109","E23109","E23109",1223,1099,37,1217,0,481,3,486,1226,7,1236,486,550
"E23110","E23110","E23110",1018,916,24,1014,1,360,15,378,991,28,1030,376,450
"E23111","E23111","E23111",778,706,12,774,0,271,0,276,772,0,786,271,307
"E23112","E23112","E23112",717,622,19,710,6,241,0,242,699,0,701,242,279
"E23113","E23113","E23113",622,572,8,620,1,209,0,209,620,0,620,211,228
"E23114","E23114","E23114",575,523,3,574,5,186,3,189,537,8,545,189,211
"E23115","E23115","E23115",1444,1243,44,1427,0,532,2,534,1442,2,1444,538,588
"E23116","E23116","E23116",706,603,16,700,5,250,0,250,703,0,703,251,277
"E23117","E23117","E23117",1178,1070,15,1172,6,450,1,453,1175,4,1181,456,512
"E23118","E23118","E23118",500,438,12,497,0,163,1,165,490,4,498,165,186
"E23119","E23119","E23119",964,836,34,955,0,360,2,362,961,4,965,366,427
"E23120","E23120","E23120",472,425,11,472,0,177,0,177,478,0,478,177,197
"E23121","E23121","E23121",1230,887,129,1202,1,426,57,483,1066,104,1170,484,559
"E23122","E23122","E23122",1011,830,37,1007,1,400,8,409,998,16,1015,410,477
"E23123","E23123","E23123",622,551,12,618,1,214,0,214,623,0,623,214,246
"E23124","E23124","E23124",709,634,7,701,3,244,0,244,719,0,719,249,275
"E23125","E23125","E23125",2308,1751,115,2291,2,782,94,877,2072,217,2294,880,1023
"E23126","E23126","E23126",573,507,18,565,1,186,4,191,562,13,576,190,228
"E23127","E23127","E23127",1689,1145,174,1672,8,566,1,568,1691,5,1697,569,628
"E23128","E23128","E23128",726,641,12,723,0,260,2,262,721,2,723,264,305
"E23129","E23129","E23129",653,566,12,648,0,223,1,227,643,4,655,225,275
"E23130","E23130","E23130",1116,963,18,1098,0,383,16,399,1077,26,1103,404,444
"E23131","E23131","E23131",297,261,3,295,0,108,0,109,296,0,299,108,120
"E23132","E23132","E23132",1049,939,26,1046,0,367,0,367,1068,0,1068,367,394
"E23133","E23133","E23133",5750,4563,223,5722,94,1996,13,2019,5775,27,5846,2012,2139
"E23134","E23134","E23134",3489,2868,168,3468,100,1212,28,1248,3357,45,3451,1241,1308
"E23135","E23135","E23135",791,701,18,788,1,288,0,290,822,0,825,289,334
"E23138","E23138","E23138",299,264,9,298,1,116,0,116,291,0,291,117,134
"E23139","E23139","E23139",881,796,15,880,0,313,0,313,905,0,905,315,329
"E23140","E23140","E23140",402,348,16,401,2,133,1,136,398,1,404,134,159
"E23141","E23141","E23141",767,697,8,765,0,269,1,273,765,4,774,270,296
"E23142","E23142","E23142",410,374,6,408,0,144,0,147,398,0,401,144,159
"E23143","E23143","E23143",697,644,3,694,0,258,0,261,700,0,704,259,297
"E23144","E23144","E23144",282,258,3,275,0,97,0,97,283,0,283,97,105
"E23145","E23145","E23145",453,411,9,446,0,162,0,166,448,0,454,162,172
"E23146","E23146","E23146",563,520,8,560,0,200,0,201,571,0,572,201,216
"E23147","E23147","E23147",314,289,7,310,0,104,0,105,314,0,316,104,119
"E23148","E23148","E23148",444,395,10,443,0,154,0,157,440,0,446,155,171
"E23149","E23149","E23149",382,328,5,375,0,130,0,130,383,0,383,131,142
"E23150","E23150","E23150",886,786,15,877,0,325,3,328,886,3,889,328,373
"E23151","E23151","E23151",452,401,6,449,0,171,0,172,444,0,446,171,190
"E23152","E23152","E23152",162,139,4,156,0,65,0,66,155,0,156,65,86
"E23153","E23153","E23153",346,274,6,346,0,117,0,117,350,0,350,117,125
"E23154","E23154","E23154",263,249,6,263,0,93,0,94,269,0,270,93,101
"E23155","E23155","E23155",892,777,29,879,0,335,7,344,871,8,884,343,387
"E23156","E23156","E23156",868,738,33,854,0,336,0,336,867,0,867,340,401
"E23157","E23157","E23157",333,302,5,329,0,114,2,116,328,3,331,117,132
"E23158","E23158","E23158",1006,911,18,1003,0,369,1,371,1001,4,1006,371,421
"E23159","E23159","E23159",777,669,20,768,1,297,0,299,770,0,773,298,354
"E23160","E23160","E23160",284,256,7,283,3,110,0,111,291,0,294,110,141
"E23161","E23161","E23161",291,259,13,289,0,104,0,105,285,0,287,106,132
"E23162","E23162","E23162",656,579,13,654,0,238,3,242,643,9,653,241,282
"E23163","E23163","E23163",626,563,9,624,0,197,0,198,616,0,620,198,233
"E23164","E23164","E23164",682,600,12,677,0,257,0,258,679,0,680,261,345
"E23165","E23165","E23165",250,222,1,250,0,92,0,92,251,0,251,93,116
"E23166","E23166","E23166",881,729,35,875,0,305,8,314,849,23,873,315,354
"E23167","E23167","E23167",500,443,11,494,0,175,0,175,488,0,488,175,218
"E23168","E23168","E23168",561,498,5,551,0,193,0,194,538,0,539,193,217
"E23169","E23169","E23169",576,538,4,570,0,194,0,195,582,0,583,194,210
"E23170","E23170","E23170",529,468,11,524,0,196,0,196,530,0,530,196,222
"E23171","E23171","E23171",384,357,6,380,0,124,1,125,392,1,393,126,142
"E23172","E23172","E23172",276,252,5,275,0,97,0,97,275,0,275,97,120
"E23173","E23173","E23173",390,362,6,389,0,134,0,137,362,0,369,134,153
"E23174","E23174","E23174",241,211,4,240,0,90,0,90,246,0,246,90,101
"E23175","E23175","E23175",461,397,15,459,0,162,0,163,464,0,465,162,182
"E23176","E23176","E23176",385,333,5,385,0,144,2,146,396,3,399,146,165
"E23177","E23177","E23177",2159,1801,50,2147,3,801,11,814,2136,23,2164,815,886
"E24001","E24001","E24001",2841,2324,157,2830,8,1040,0,1040,2859,0,2859,1041,1079
"E24003","E24003","E24003",171,122,18,170,0,79,6,85,164,7,171,86,102
"E24004","E24004","E24004",1298,1083,57,1279,17,418,12,430,1200,23,1223,436,502
"E24005","E24005","E24005",2269,1906,135,2251,50,596,80,676,1597,154,1751,681,728
"E24007","E24007","E24007",6563,5278,487,6530,123,2184,79,2265,6413,172,6587,2266,2351
"E24008","E24008","E24008",970,584,163,941,5,193,205,399,438,447,888,399,494
"E24009","E24009","E24009",889,506,170,828,4,156,221,377,338,444,782,378,457
"E24010","E24010","E24010",293,168,59,292,10,97,51,148,197,91,288,151,198
"E24011","E24011","E24011",2610,2242,79,2593,12,964,10,974,2618,24,2642,975,1020
"E24012","E24012","E24012",367,203,70,361,6,77,111,188,153,181,334,188,245
"E24013","E24013","E24013",335,162,86,330,13,18,139,157,53,214,267,161,212
"E24014","E24014","E24014",6004,4788,356,5959,105,2148,32,2181,6019,72,6095,2185,2322
"E24015","E24015","E24015",862,700,42,856,12,376,29,405,819,50,869,407,458
"E24016","E24016","E24016",2074,1521,229,2070,4,582,151,733,1812,293,2105,734,784
"E24017","E24017","E24017",898,770,41,893,7,384,4,388,880,7,887,392,436
"E24018","E24018","E24018",3211,2550,242,3188,74,1115,25,1143,3120,46,3178,1142,1219
"E24019","E24019","E24019",2510,1782,285,2490,171,843,66,909,2387,162,2549,910,978
"E24020","E24020","E24020",2758,1997,276,2745,61,884,40,924,2680,68,2748,932,963
"E24021","E24021","E24021",1305,1022,98,1269,7,387,202,590,830,362,1193,609,671
"E24022","E24022","E24022",1008,857,52,1004,6,409,15,424,969,33,1002,426,445
"E24023","E24023","E24023",996,854,32,987,4,435,0,435,1000,0,1000,437,464
"E24024","E24024","E24024",844,721,33,839,6,378,43,422,798,49,848,424,469
"E24025","E24025","E24025",667,443,76,662,3,200,111,311,386,267,653,312,348
"E24026","E24026","E24026",291,257,14,289,0,128,0,128,290,0,290,128,149
"E24027","E24027","E24027",518,428,35,518,1,286,2,288,511,3,514,290,333
"E24028","E24028","E24028",1169,733,173,1160,17,271,247,518,590,528,1118,523,637
"E24029","E24029","E24029",565,453,30,559,2,264,6,270,539,11,550,270,307
"E24030","E24030","E24030",1048,899,34,1009,7,401,22,423,882,25,907,426,486
"E24031","E24031","E24031",1589,923,256,1545,31,240,485,725,568,930,1498,734,942
"E24032","E24032","E24032",1611,1092,188,1568,30,392,412,804,831,697,1528,836,966
"E24033","E24033","E24033",790,662,47,785,3,339,15,354,774,18,792,356,397
"E24034","E24034","E24034",356,247,50,356,10,157,35,193,293,61,355,193,232
"E24035","E24035","E24035",699,593,30,698,5,299,42,341,621,72,693,343,388
"E24036","E24036","E24036",1068,391,357,1048,8,93,328,421,213,732,945,424,488
"E24037","E24037","E24037",2109,1806,97,2098,11,780,26,806,2062,60,2122,813,879
"E24038","E24038","E24038",446,380,24,439,4,175,1,177,450,3,455,181,195
"E25001","E25001","E25001",5102,3952,220,5025,78,1765,298,2067,4284,553,4852,2080,2401
"E25002","E25002","E25002",3834,3241,96,3783,14,1456,19,1475,3764,35,3799,1490,1683
"E25003","E25003","E25003",207,189,2,206,0,68,0,68,205,0,205,68,76
"E25004","E25004","E25004",463,426,11,463,1,168,1,169,459,1,460,170,186
"E25005","E25005","E25005",420,389,2,416,0,154,0,155,423,0,425,155,168
"E25006","E25006","E25006",236,218,1,234,0,76,0,76,239,0,239,76,97
"E25007","E25007","E25007",461,406,10,455,0,164,2,166,458,3,461,168,181
"E25008","E25008","E25008",845,753,16,836,1,276,1,277,836,1,837,277,294
"E25009","E25009","E25009",461,411,8,449,0,159,0,159,456,0,456,160,179
"E25010","E25010","E25010",1653,1462,29,1643,6,624,5,629,1649,8,1657,629,694
"E25011","E25011","E25011",239,197,29,239,0,77,0,78,246,0,247,77,85
"E25012","E25012","E25012",308,285,5,308,0,100,0,100,311,0,311,100,109
"E25013","E25013","E25013",575,513,8,567,0,182,3,186,571,5,581,185,217
"E25014","E25014","E25014",550,495,10,550,0,193,1,201,532,2,552,194,222
"E25015","E25015","E25015",383,345,1,381,0,134,0,136,389,0,391,134,157
"E25016","E25016","E25016",464,417,9,462,0,169,2,172,453,3,457,172,183
"E25017","E25017","E25017",233,213,2,226,0,71,2,74,227,4,233,73,75
"E25018","E25018","E25018",733,655,16,720,0,270,0,273,726,0,731,271,300
"E25019","E25019","E25019",246,224,4,245,0,81,0,81,250,0,250,82,103
"E25020","E25020","E25020",404,361,6,402,0,141,0,142,400,0,404,141,171
"E25021","E25021","E25021",326,302,2,323,0,108,0,110,328,0,332,108,126
"E25022","E25022","E25022",408,341,10,402,0,142,0,143,409,0,410,144,161
"E25023","E25023","E25023",559,502,11,550,0,202,0,202,561,0,561,202,241
"E25024","E25024","E25024",2505,2143,132,2479,6,820,19,839,2414,33,2447,843,1014
"E25025","E25025","E25025",722,629,24,719,0,258,0,258,740,0,740,258,286
"E25026","E25026","E25026",268,232,1,265,0,94,0,94,266,0,266,94,115
"E25027","E25027","E25027",832,711,11,823,0,297,1,298,817,2,819,302,350
"E25028","E25028","E25028",257,194,6,256,0,86,0,86,259,0,259,86,120
"E25029","E25029","E25029",2096,1646,76,2079,44,673,24,699,1943,55,2008,700,770
"E25030","E25030","E25030",240,200,12,240,0,91,0,92,243,0,245,91,101
"E25031","E25031","E25031",209,184,3,200,0,70,0,71,202,0,203,71,83
"E25032","E25032","E25032",338,294,5,337,0,116,0,117,346,0,349,117,127
"E25033","E25033","E25033",90,86,1,90,0,28,0,28,88,0,88,28,33
"E25034","E25034","E25034",1548,1349,50,1536,0,501,2,507,1468,4,1481,513,652
"E25035","E25035","E25035",464,393,7,464,0,175,0,176,474,0,478,176,207
"E25036","E25036","E25036",223,203,5,222,0,76,0,76,224,0,224,76,82
"E25037","E25037","E25037",917,818,18,916,0,305,2,308,919,2,924,307,357
"E25038","E25038","E25038",266,249,2,263,0,96,1,98,253,3,257,98,113
"E25039","E25039","E25039",273,253,0,273,0,102,0,105,278,0,283,102,118
"E25040","E25040","E25040",532,473,15,529,0,197,0,198,529,0,532,198,226
"E25041","E25041","E25041",276,244,2,275,1,91,1,93,277,2,282,92,98
"E25042","E25042","E25042",373,325,10,362,0,117,2,120,353,3,360,119,132
"E25043","E25043","E25043",505,447,9,496,0,178,0,180,498,0,500,180,196
"E25044","E25044","E25044",435,380,8,434,0,155,0,156,441,0,444,155,199
"E25045","E25045","E25045",234,211,3,234,0,76,0,77,234,0,238,76,85
"E25046","E25046","E25046",471,423,5,470,0,162,0,162,470,0,470,162,173
"E25047","E25047","E25047",1423,1302,23,1410,1,484,51,539,1312,83,1406,541,617
"E25048","E25048","E25048",419,387,4,417,0,153,2,155,409,5,414,156,208
"E25049","E25049","E25049",455,410,7,454,0,158,0,159,464,0,466,159,176
"E25050","E25050","E25050",502,466,5,502,0,174,0,175,507,0,511,174,191
"E25051","E25051","E25051",900,732,34,895,0,340,0,341,904,0,905,346,420
"E25052","E25052","E25052",93,82,0,93,0,37,0,37,97,0,97,37,42
"E25053","E25053","E25053",341,302,6,340,0,117,2,119,333,3,336,119,141
"E25054","E25054","E25054",495,446,5,489,0,177,0,178,478,0,479,178,191
"E25055","E25055","E25055",542,458,4,530,0,191,0,192,529,0,531,192,236
"E25056","E25056","E25056",207,174,1,196,0,69,0,69,199,0,199,70,85
"E25057","E25057","E25057",363,314,5,358,0,121,1,123,352,4,357,123,150
"E25058","E25058","E25058",1297,1042,66,1287,5,529,26,557,1247,50,1303,559,672
"E25059","E25059","E25059",494,407,24,489,3,175,2,178,484,4,489,177,220
"E25060","E25060","E25060",256,208,12,254,1,104,0,104,260,0,260,106,123
"E25061","E25061","E25061",221,190,9,217,0,76,1,77,220,1,221,78,85
"E25062","E25062","E25062",240,196,11,238,0,92,0,95,241,0,247,93,111
"E25063","E25063","E25063",130,102,3,126,0,48,3,52,125,8,134,52,56
"E25064","E25064","E25064",241,217,1,237,1,77,0,78,239,0,240,78,90
"E25065","E25065","E25065",1256,1023,44,1235,1,453,3,457,1219,4,1224,460,522
"E25066","E25066","E25066",777,625,30,765,1,338,6,344,781,10,791,346,465
"E25067","E25067","E25067",237,208,2,233,0,85,0,86,233,0,235,85,102
"E25068","E25068","E25068",335,303,6,335,0,118,1,119,342,1,343,120,137
"E25069","E25069","E25069",1322,1089,52,1317,5,484,40,526,1242,77,1322,524,618
"E25070","E25070","E25070",432,405,16,431,0,119,0,119,355,0,355,119,129
"E25071","E25071","E25071",419,379,6,418,0,142,0,142,432,0,432,142,150
"E25072","E25072","E25072",2115,1825,65,2101,0,741,23,765,2053,47,2102,769,933
"E25073","E25073","E25073",2707,2396,58,2683,8,912,3,918,2727,9,2739,918,1002
"E25074","E25074","E25074",245,196,15,244,4,74,0,74,249,0,249,74,82
"E25075","E25075","E25075",1656,1389,73,1628,3,611,23,635,1576,39,1617,642,1090
"E25076","E25076","E25076",587,533,11,586,0,217,0,217,575,0,575,218,235
"E25077","E25077","E25077",402,376,2,401,2,133,0,134,406,0,407,133,147
"E25078","E25078","E25078",778,698,12,772,0,292,4,298,773,4,784,296,316
"E25079","E25079","E25079",555,513,8,554,0,171,0,172,552,0,555,171,179
"E25080","E25080","E25080",523,475,11,521,0,183,0,184,535,0,537,184,195
"E25081","E25081","E25081",1228,1015,73,1213,1,441,3,445,1236,10,1247,448,568
"E25082","E25082","E25082",1304,1192,35,1296,0,437,13,452,1280,28,1311,450,482
"E25083","E25083","E25083",9949,8290,497,9860,5,3557,195,3756,9525,304,9844,3773,4397
"E25084","E25084","E25084",635,540,24,625,4,233,1,234,644,2,646,235,285
"E25085","E25085","E25085",810,705,13,791,3,295,2,298,753,3,758,303,566
"E25086","E25086","E25086",603,515,12,593,0,212,0,215,597,0,602,214,250
"E25087","E25087","E25087",466,399,20,465,0,174,2,178,459,2,464,177,200
"E25088","E25088","E25088",197,176,4,197,0,67,0,67,201,0,201,67,86
"E25089","E25089","E25089",241,217,2,240,0,82,0,82,244,0,244,84,95
"E25090","E25090","E25090",387,352,6,383,2,124,1,126,385,1,388,126,148
"E25091","E25091","E25091",616,509,13,612,3,225,2,229,613,5,621,227,292
"E25092","E25092","E25092",465,411,10,462,0,157,2,164,444,12,467,160,186
"E26001","E26001","E26001",13453,9124,1286,13371,257,3500,1326,4833,10363,3069,13444,4859,5441
"E26002","E26002","E26002",943,678,68,908,16,240,112,355,651,237,892,357,379
"E26003","E26003","E26003",16551,12140,1524,16359,321,5061,980,6045,14665,2013,16685,6068,6534
"E26004","E26004","E26004",4315,2800,452,4273,141,1046,606,1654,2874,1363,4241,1660,1859
"E26005","E26005","E26005",2755,1896,371,2685,29,728,444,1175,1720,971,2694,1190,1389
"E26006","E26006","E26006",4621,3291,418,4411,164,1274,307,1588,3462,786,4274,1632,1813
"E26007","E26007","E26007",4456,2383,671,3910,88,565,827,1394,1426,1977,3407,1417,1825
"E26008","E26008","E26008",1481,1145,122,1451,8,405,205,617,1049,383,1439,617,806
"E26009","E26009","E26009",891,702,66,883,13,353,8,369,856,16,883,371,439
"E26010","E26010","E26010",5407,3938,447,5265,91,1590,404,1995,4393,1019,5413,2035,2200
"E26011","E26011","E26011",2278,1805,161,2247,13,832,33,865,2163,64,2227,867,930
"E26012","E26012","E26012",2909,1986,322,2884,43,713,426,1142,2029,937,2970,1149,1314
"E26013","E26013","E26013",2017,1593,155,2004,58,733,37,774,1942,111,2058,786,849
"E26014","E26014","E26014",1716,1221,202,1683,18,407,345,752,1013,695,1708,762,871
"E26015","E26015","E26015",3486,2514,318,3441,94,1110,127,1238,3249,284,3534,1239,1357
"E26016","E26016","E26016",1454,1149,59,1436,16,529,18,548,1323,22,1346,550,652
"E26017","E26017","E26017",1837,1412,111,1691,1,508,88,597,1374,172,1548,606,701
"E26018","E26018","E26018",3232,1978,400,3050,50,521,663,1185,1239,1500,2740,1226,1499
"E26019","E26019","E26019",3608,2487,474,3477,41,753,720,1481,2032,1386,3452,1510,1911
"E26020","E26020","E26020",2015,1639,106,1964,19,526,67,594,1272,149,1422,603,673
"E26021","E26021","E26021",3141,2297,293,3094,81,802,270,1079,2383,702,3093,1095,1275
"E26022","E26022","E26022",1848,1121,304,1692,36,472,149,621,1231,217,1448,622,719
"E27001","E27001","E27001",7361,5646,579,7286,161,2335,272,2616,6441,538,7006,2618,2982
"E27002","E27002","E27002",464,430,5,458,0,160,2,162,458,3,461,162,192
"E27003","E27003","E27003",619,547,16,617,0,212,7,220,592,18,615,220,297
"E27004","E27004","E27004",576,532,14,576,0,197,0,198,559,0,561,198,239
"E27005","E27005","E27005",555,510,9,552,1,210,0,210,569,0,569,210,244
"E27006","E27006","E27006",316,279,11,316,0,113,0,113,321,0,321,113,147
"E27007","E27007","E27007",454,424,12,452,0,155,0,157,445,0,452,155,182
"E27008","E27008","E27008",218,195,2,217,0,90,0,90,218,0,218,90,109
"E27009","E27009","E27009",386,339,12,384,0,129,0,129,392,0,392,130,155
"E27010","E27010","E27010",658,595,12,657,4,224,0,225,624,0,625,224,270
"E27011","E27011","E27011",572,525,10,568,0,199,1,200,566,2,568,200,240
"E27012","E27012","E27012",512,461,2,510,2,177,1,178,505,5,510,180,202
"E27013","E27013","E27013",288,270,0,286,0,94,0,95,282,0,283,95,116
"E27014","E27014","E27014",739,674,21,738,0,234,0,241,695,0,720,235,271
"E27015","E27015","E27015",234,212,4,233,0,84,0,85,240,0,244,84,98
"E27016","E27016","E27016",538,499,12,537,0,188,0,190,531,0,536,188,222
"E27017","E27017","E27017",146,138,0,146,0,58,0,59,143,0,144,59,70
"E27018","E27018","E27018",397,378,3,397,0,141,0,141,397,0,397,141,177
"E27019","E27019","E27019",264,250,4,264,0,86,2,88,255,10,265,88,113
"E27020","E27020","E27020",446,416,3,442,0,149,0,149,434,0,434,150,176
"E27021","E27021","E27021",516,401,22,500,4,182,22,204,444,42,486,215,315
"E27022","E27022","E27022",219,149,2,190,0,49,6,55,118,20,138,56,122
"E27023","E27023","E27023",406,341,9,397,1,164,0,165,394,0,395,168,422
"E27024","E27024","E27024",304,247,9,301,1,107,5,112,292,13,305,113,169
"E27025","E27025","E27025",2059,1522,57,1971,16,655,140,796,1639,261,1901,809,1309
"E27026","E27026","E27026",272,224,6,263,0,62,2,64,161,3,164,64,107
"E27029","E27029","E27029",97,82,1,92,0,38,0,39,89,0,90,39,128
"E27030","E27030","E27030",234,174,14,224,0,84,0,84,217,0,217,92,244
"E27031","E27031","E27031",105,96,2,104,0,39,0,39,103,0,103,39,59
"E27032","E27032","E27032",184,160,11,183,0,78,1,80,183,1,186,83,163
"E27033","E27033","E27033",875,731,47,843,0,314,3,319,781,7,791,321,483
"E27034","E27034","E27034",334,269,21,329,0,139,0,139,337,0,337,141,246
"E27035","E27035","E27035",299,247,7,288,3,114,0,117,279,0,284,117,162
"E27036","E27036","E27036",1253,1005,50,1222,2,421,22,451,1121,52,1191,457,735
"E27037","E27037","E27037",445,366,17,435,0,179,7,187,413,16,435,193,494
"E27038","E27038","E27038",466,362,8,437,1,186,1,191,424,2,433,200,366
"E27039","E27039","E27039",606,533,16,598,3,232,1,239,598,1,607,234,334
"E27040","E27040","E27040",1978,1713,59,1969,13,656,20,678,1957,40,1999,678,785
"E27041","E27041","E27041",1317,1161,44,1304,1,433,3,436,1315,7,1322,438,469
"E27042","E27042","E27042",1609,1355,72,1603,8,486,74,566,1459,150,1619,566,630
"E27043","E27043","E27043",1233,1062,35,1220,0,420,7,428,1245,13,1259,427,480
"E27044","E27044","E27044",3866,3242,188,3829,9,1207,75,1287,3717,137,3864,1296,1483
"E27045","E27045","E27045",670,605,13,668,2,220,2,223,669,7,677,222,249
"E27046","E27046","E27046",2791,2354,93,2781,28,917,31,953,2764,56,2830,954,1046
"E27047","E27047","E27047",1040,942,20,1036,1,286,9,325,867,16,1028,296,320
"E27048","E27048","E27048",2388,1965,76,2331,27,698,73,778,2130,146,2292,775,856
"E27049","E27049","E27049",4143,3371,201,4116,15,1364,94,1459,4027,178,4206,1462,1622
"E27050","E27050","E27050",1440,1291,32,1434,0,440,5,449,1369,27,1403,448,478
"E27051","E27051","E27051",1634,1334,51,1571,3,503,30,534,1492,51,1547,536,652
"E27052","E27052","E27052",211,160,9,187,0,44,0,44,131,0,131,44,46
"E27053","E27053","E27053",1347,1148,59,1302,0,484,18,513,1163,32,1213,522,803
"E27054","E27054","E27054",1403,1216,45,1394,2,511,5,521,1380,15,1406,520,682
"E27055","E27055","E27055",1108,945,22,1097,3,400,15,416,1078,26,1106,418,512
"E27056","E27056","E27056",1614,1400,46,1610,8,518,14,533,1601,30,1635,532,573
"E27057","E27057","E27057",1601,1399,30,1595,16,497,18,521,1532,36,1579,518,584
"E27058","E27058","E27058",1085,973,36,1084,0,335,4,339,1075,10,1085,341,363
"E27059","E27059","E27059",2459,1954,146,2441,40,760,77,837,2342,153,2495,841,926
"E27060","E27060","E27060",4721,3571,323,4644,64,1326,372,1706,3827,776,4615,1712,1870
"E27061","E27061","E27061",1503,1271,50,1490,2,536,8,548,1487,22,1515,549,676
"E27062","E27062","E27062",797,686,33,784,5,279,1,280,804,1,805,280,313
"E27063","E27063","E27063",1842,1543,70,1769,3,574,41,622,1657,64,1732,650,780
"E27064","E27064","E27064",1186,1046,35,1183,3,381,6,387,1200,9,1209,388,432
"E27065","E27065","E27065",2303,1878,120,2282,44,653,101,756,1966,266,2238,759,840
"E27066","E27066","E27066",340,286,9,337,0,129,0,129,338,0,338,130,163
"E27067","E27067","E27067",398,350,4,396,0,149,2,151,393,3,396,152,223
"E27068","E27068","E27068",434,383,7,428,0,168,0,168,436,0,436,169,223
"E27069","E27069","E27069",245,218,3,244,0,87,0,87,254,0,254,87,113
"E27070","E27070","E27070",351,302,11,350,0,139,0,139,344,0,344,140,193
"E27071","E27071","E27071",198,185,2,198,0,66,0,66,199,0,199,67,85
"E27072","E27072","E27072",925,741,44,909,3,348,14,362,888,33,921,364,466
"E27073","E27073","E27073",252,224,2,249,0,97,0,97,245,0,245,97,140
"E27074","E27074","E27074",596,493,13,583,0,224,0,224,592,0,592,226,311
"E27075","E27075","E27075",211,192,2,211,0,79,0,79,215,0,215,79,106
"E27076","E27076","E27076",525,462,11,525,7,194,0,195,528,0,532,194,236
"E27077","E27077","E27077",247,225,3,247,0,82,0,82,255,0,255,82,99
"E27078","E27078","E27078",355,311,5,355,0,124,7,131,345,7,352,132,159
"E27079","E27079","E27079",419,382,3,417,1,149,0,150,409,0,410,149,196
"E27080","E27080","E27080",315,285,8,312,1,120,0,120,320,0,320,121,162
"E27081","E27081","E27081",722,619,24,717,0,244,1,245,724,1,725,246,283
"E27082","E27082","E27082",612,521,16,610,16,199,2,201,561,6,567,203,224
"E27083","E27083","E27083",213,173,6,213,0,82,0,82,219,0,219,82,93
"E27084","E27084","E27084",789,671,22,781,1,274,0,274,787,0,787,275,319
"E27085","E27085","E27085",620,533,22,612,6,195,2,198,615,4,623,197,217
"E27086","E27086","E27086",121,98,2,116,0,42,0,42,117,0,117,42,46
"E27087","E27087","E27087",693,604,15,686,5,206,9,215,684,21,705,215,231
"E27088","E27088","E27088",882,689,40,872,3,289,0,293,896,0,900,290,356
"E27089","E27089","E27089",1561,1289,89,1546,15,475,34,514,1420,69,1500,515,585
"E27090","E27090","E27090",3186,2100,645,3153,38,1027,148,1175,2786,342,3128,1178,1476
"E27091","E27091","E27091",357,276,17,356,3,121,0,121,361,0,361,121,149
"E27092","E27092","E27092",1929,1690,53,1917,9,568,1,572,1892,2,1898,570,617
"E27093","E27093","E27093",903,750,44,892,3,273,7,282,841,16,862,282,315
"E27094","E27094","E27094",492,400,26,492,0,166,0,169,489,0,495,167,197
"E27095","E27095","E27095",859,776,19,851,0,287,1,290,852,2,857,290,334
"E27096","E27096","E27096",101,86,2,101,0,41,0,41,101,0,101,41,45
"E27097","E27097","E27097",1558,1307,64,1548,0,526,26,552,1516,50,1566,556,701
"E27098","E27098","E27098",363,322,4,354,0,120,0,121,359,0,360,121,145
"E27099","E27099","E27099",536,468,11,535,3,182,1,185,534,3,544,184,209
"E27100","E27100","E27100",429,371,12,417,0,145,0,146,420,0,421,147,166
"E27101","E27101","E27101",5765,4454,361,5718,52,1950,117,2069,5502,225,5738,2080,2344
"E27102","E27102","E27102",217,194,3,215,0,81,0,81,221,0,221,82,113
"E27103","E27103","E27103",495,459,5,491,0,171,0,171,502,0,502,172,202
"E27104","E27104","E27104",340,313,5,339,0,112,0,112,340,0,340,112,129
"E27105","E27105","E27105",416,376,4,416,0,142,2,144,421,3,424,144,155
"E27106","E27106","E27106",571,508,12,571,2,202,0,204,570,0,578,203,232
"E27107","E27107","E27107",485,429,14,483,0,157,0,157,490,0,490,158,181
"E27108","E27108","E27108",136,118,4,136,0,56,0,56,137,0,137,56,61
"E27109","E27109","E27109",2092,1725,82,2080,5,671,15,690,2084,33,2130,689,764
"E27110","E27110","E27110",99,86,1,98,0,44,0,44,101,0,101,44,53
"E27111","E27111","E27111",625,562,14,620,0,214,3,217,600,6,606,217,255
"E27112","E27112","E27112",421,376,12,420,0,134,1,135,425,4,429,136,146
"E27113","E27113","E27113",805,743,15,803,0,256,0,256,811,0,811,256,296
"E27114","E27114","E27114",1086,954,30,1079,9,322,3,326,1040,9,1050,325,345
"E27115","E27115","E27115",307,270,15,307,0,108,3,111,309,7,316,111,131
"E27116","E27116","E27116",678,609,3,671,0,214,1,217,674,2,679,218,253
"E27117","E27117","E27117",741,620,24,739,0,237,1,238,739,1,740,239,273
"E27118","E27118","E27118",373,334,12,373,0,141,0,141,380,0,380,141,170
"E27119","E27119","E27119",981,878,19,980,0,307,1,308,990,2,992,308,343
"E27120","E27120","E27120",672,608,8,669,0,230,0,233,673,0,680,230,270
"E27121","E27121","E27121",373,335,6,371,0,129,0,130,385,0,386,129,149
"E27122","E27122","E27122",393,329,21,390,0,130,1,131,399,1,400,132,149
"E27123","E27123","E27123",827,725,38,825,0,264,0,264,824,0,824,265,291
"E27124","E27124","E27124",425,381,8,425,0,119,0,119,430,0,430,119,129
"E27125","E27125","E27125",553,476,16,551,0,179,0,179,565,0,565,180,204
"E27127","E27127","E27127",898,803,25,893,3,300,7,307,910,15,925,307,333
"E27128","E27128","E27128",6322,4482,705,6278,160,2240,267,2508,5733,478,6214,2510,2885
"E27130","E27130","E27130",299,260,6,298,0,106,0,106,302,0,302,106,119
"E27131","E27131","E27131",297,264,7,294,0,99,1,100,296,4,300,101,110
"E27132","E27132","E27132",645,578,12,644,0,200,17,217,624,24,648,217,242
"E27133","E27133","E27133",792,689,16,790,0,248,0,250,796,0,798,248,269
"E27134","E27134","E27134",468,394,9,466,0,192,0,194,467,0,469,194,241
"E27135","E27135","E27135",383,353,7,383,0,136,0,136,386,0,386,136,163
"E27136","E27136","E27136",647,590,10,637,0,221,3,225,637,3,641,227,263
"E27137","E27137","E27137",380,330,9,376,0,144,0,144,377,0,377,144,165
"E27138","E27138","E27138",551,500,12,547,0,195,2,197,553,6,559,197,224
"E27139","E27139","E27139",522,476,10,516,1,174,1,178,508,1,516,176,221
"E27140","E27140","E27140",606,566,7,604,0,208,0,209,603,0,605,208,258
"E27141","E27141","E27141",353,330,1,353,0,125,0,125,351,0,351,125,160
"E27142","E27142","E27142",580,524,9,573,0,200,1,201,580,1,581,202,228
"E27143","E27143","E27143",976,859,13,972,0,329,3,332,979,5,984,332,399
"E27144","E27144","E27144",1301,1092,14,1288,1,488,22,512,1253,36,1297,514,629
"E27145","E27145","E27145",364,326,5,363,0,139,0,141,358,0,364,140,176
"E27146","E27146","E27146",1972,1728,38,1957,16,688,12,701,1920,21,1945,702,856
"E27147","E27147","E27147",544,478,13,540,0,194,0,194,545,0,545,194,234
"E27148","E27148","E27148",229,197,7,229,0,76,0,76,229,0,229,77,94
"E27149","E27149","E27149",332,286,11,332,1,125,0,126,328,0,329,126,169
"E27150","E27150","E27150",1267,892,80,1195,3,368,20,389,967,40,1008,394,581
"E27152","E27152","E27152",2665,2226,116,2628,2,922,35,965,2485,67,2568,965,1294
"E27153","E27153","E27153",154,133,0,154,0,66,0,66,155,0,155,67,100
"E27154","E27154","E27154",1324,1135,33,1321,0,507,1,518,1306,2,1322,510,691
"E27155","E27155","E27155",170,148,2,170,0,59,0,60,165,0,167,62,89
"E27156","E27156","E27156",262,160,14,231,0,84,1,85,194,1,195,89,165
"E27157","E27157","E27157",283,204,22,279,0,107,0,108,274,0,275,108,173
"E27158","E27158","E27158",883,751,21,877,0,328,2,334,869,2,880,334,444
"E27159","E27159","E27159",2819,2229,143,2771,12,974,61,1042,2659,106,2778,1051,1323
"E27161","E27161","E27161",555,448,16,533,0,215,1,222,527,1,535,222,315
"E27162","E27162","E27162",2602,2157,133,2572,0,832,11,844,2605,24,2631,848,943
"E27163","E27163","E27163",274,248,10,273,0,102,0,102,279,0,279,102,139
"E27164","E27164","E27164",179,153,1,178,0,66,0,67,177,0,178,66,79
"E27166","E27166","E27166",186,176,3,185,0,59,0,59,185,0,185,59,79
"E27167","E27167","E27167",390,335,8,383,1,151,0,151,380,0,380,152,191
"E27168","E27168","E27168",468,405,8,463,0,188,1,190,455,2,459,190,221
"E27169","E27169","E27169",715,642,9,711,18,256,0,256,664,0,664,259,319
"E27170","E27170","E27170",221,200,10,221,3,86,0,86,221,0,221,86,109
"E27171","E27171","E27171",303,286,5,302,0,105,2,107,302,3,305,107,133
"E27172","E27172","E27172",296,279,1,296,0,97,0,100,294,0,300,98,134
"E27173","E27173","E27173",153,140,3,152,0,55,0,55,148,0,148,55,75
"E27174","E27174","E27174",406,375,1,404,0,139,1,140,408,1,409,142,185
"E27175","E27175","E27175",2504,2028,72,2482,25,880,80,964,2286,128,2425,968,1216
"E27176","E27176","E27176",184,169,0,183,0,65,0,65,179,0,179,65,80
"E27177","E27177","E27177",472,439,7,472,0,168,1,169,476,2,478,170,207
"E27178","E27178","E27178",655,600,10,652,4,214,0,215,628,0,629,214,245
"E27179","E27179","E27179",884,751,32,880,7,283,5,290,870,14,886,289,315
"E27180","E27180","E27180",587,504,9,585,0,216,0,217,588,0,591,217,263
"E27181","E27181","E27181",1451,1261,49,1440,1,486,0,486,1464,0,1464,486,537
"E27182","E27182","E27182",597,531,13,596,0,188,6,195,590,8,601,194,214
"E27183","E27183","E27183",725,615,13,720,9,236,5,241,719,12,731,242,265
"E27184","E27184","E27184",1101,1021,11,1091,0,335,0,336,1084,0,1087,336,371
"E27185","E27185","E27185",394,326,5,394,0,136,0,136,402,0,402,136,159
"E27186","E27186","E27186",792,712,20,790,0,278,0,279,801,0,806,279,319
"E27187","E27187","E27187",405,373,5,402,0,143,0,143,407,0,407,144,178
"E27188","E27188","E27188",485,438,8,485,0,162,0,162,490,0,490,162,188
"E27189","E27189","E27189",1132,1001,26,1124,1,394,0,394,1143,0,1143,395,439
"E27190","E27190","E27190",388,346,1,388,13,133,0,133,391,0,391,133,161
"E27191","E27191","E27191",493,450,6,488,0,144,0,144,406,0,406,145,168
"E27192","E27192","E27192",1160,1003,23,1156,13,353,0,353,1142,0,1142,353,387
"E27193","E27193","E27193",584,515,15,581,0,210,0,210,589,0,589,211,232
"E27194","E27194","E27194",626,568,19,625,0,210,0,210,644,0,644,210,266
"E27195","E27195","E27195",604,516,13,597,0,220,1,221,599,1,600,223,276
"E27196","E27196","E27196",891,726,52,882,3,324,27,351,840,51,891,353,435
"E27197","E27197","E27197",675,598,12,675,0,239,0,239,682,0,682,240,282
"E27198","E27198","E27198",1864,1535,89,1850,12,659,35,695,1812,51,1865,697,799
"E27199","E27199","E27199",693,630,12,693,0,235,0,236,703,0,704,235,266
"E27200","E27200","E27200",349,310,6,348,4,129,0,130,356,0,357,130,162
"E27201","E27201","E27201",662,570,16,659,0,215,0,215,664,0,664,215,241
"E27202","E27202","E27202",617,511,17,610,0,218,0,218,620,0,620,218,247
"E27203","E27203","E27203",734,675,16,731,0,244,0,245,735,0,741,247,274
"E27204","E27204","E27204",770,691,4,761,0,270,1,271,782,2,784,271,299
"E27205","E27205","E27205",925,836,19,919,0,302,0,302,943,0,943,302,339
"E27206","E27206","E27206",1135,976,36,1131,1,395,1,397,1138,2,1141,398,510
"E27207","E27207","E27207",1171,1038,25,1169,0,363,9,372,1163,22,1185,372,420
"E27208","E27208","E27208",420,382,6,418,0,145,0,145,429,0,429,145,178
"E27209","E27209","E27209",437,396,9,436,1,148,0,148,437,0,437,149,166
"E27210","E27210","E27210",704,595,23,692,0,252,13,266,670,22,693,268,349
"E27211","E27211","E27211",794,687,14,788,3,271,1,273,793,3,797,273,303
"E27212","E27212","E27212",703,657,6,701,0,238,1,239,704,3,707,240,278
"E27213","E27213","E27213",878,754,31,872,0,269,1,270,885,2,887,271,304
"E27214","E27214","E27214",399,357,6,395,0,140,0,141,395,0,397,141,174
"E27215","E27215","E27215",6556,4778,504,6491,99,2275,63,2346,6383,147,6557,2346,2617
"E27216","E27216","E27216",3924,2802,308,3900,83,1328,331,1659,3304,553,3857,1667,1998
"E28001","E28001","E28001",1317,969,132,1266,8,458,58,516,1122,159,1281,521,712
"E28002","E28002","E28002",321,260,9,320,0,127,1,128,324,1,325,128,192
"E28003","E28003","E28003",247,210,3,245,0,86,0,86,243,0,243,87,114
"E28004","E28004","E28004",178,150,5,176,0,65,2,67,163,6,169,70,106
"E28005","E28005","E28005",153,118,1,149,0,65,1,66,152,1,153,67,85
"E28006","E28006","E28006",586,487,11,579,0,232,4,237,572,4,578,239,301
"E28008","E28008","E28008",128,114,2,127,0,53,0,54,129,0,130,54,68
"E28009","E28009","E28009",299,228,5,296,0,112,5,118,286,7,295,117,139
"E28010","E28010","E28010",98,77,2,96,0,46,0,46,97,0,97,47,64
"E28012","E28012","E28012",82,70,0,82,0,30,0,30,82,0,82,30,45
"E28013","E28013","E28013",249,212,5,247,0,89,0,90,258,0,259,90,111
"E28014","E28014","E28014",152,119,11,152,0,58,0,58,156,0,156,58,86
"E28015","E28015","E28015",4445,3171,301,4399,37,1410,308,1721,3809,531,4345,1729,2249
"E28018","E28018","E28018",1632,1235,96,1580,0,607,12,619,1572,17,1589,633,818
"E28019","E28019","E28019",740,622,17,729,0,283,0,284,739,0,740,283,369
"E28020","E28020","E28020",308,247,3,305,0,114,0,114,310,0,310,116,156
"E28021","E28021","E28021",360,299,10,356,0,132,0,132,361,0,361,132,172
"E28022","E28022","E28022",618,479,28,609,0,224,2,226,605,5,610,227,310
"E28023","E28023","E28023",182,133,14,176,0,63,0,63,176,0,176,66,110
"E28024","E28024","E28024",1380,1125,47,1349,0,451,49,500,1287,83,1370,501,678
"E28025","E28025","E28025",217,183,1,213,0,88,0,88,214,0,214,89,114
"E28026","E28026","E28026",238,203,1,235,0,103,0,104,234,0,235,105,171
"E28030","E28030","E28030",803,615,15,790,1,315,1,316,805,1,806,321,447
"E28031","E28031","E28031",1036,801,27,1030,2,373,22,395,1005,44,1049,396,509
"E28033","E28033","E28033",755,582,21,743,1,307,11,318,728,14,742,326,483
"E28035","E28035","E28035",196,152,4,186,0,77,0,79,189,0,191,79,120
"E28036","E28036","E28036",297,246,3,293,0,122,0,123,288,0,289,125,162
"E28037","E28037","E28037",153,134,1,151,0,67,0,67,153,0,153,69,111
"E28038","E28038","E28038",310,237,11,306,0,119,0,128,295,0,309,121,161
"E28039","E28039","E28039",1714,1407,34,1707,39,624,14,639,1638,21,1661,640,825
"E28042","E28042","E28042",156,128,3,155,0,61,0,62,160,0,161,61,97
"E28043","E28043","E28043",181,149,3,181,0,70,0,71,177,0,179,72,105
"E28044","E28044","E28044",237,186,9,236,0,88,0,90,231,0,237,88,116
"E28045","E28045","E28045",283,238,9,278,0,101,0,101,282,0,282,103,129
"E28046","E28046","E28046",161,128,1,154,0,56,0,56,160,0,160,56,90
"E28047","E28047","E28047",366,306,7,360,0,136,1,138,370,1,372,139,171
"E28049","E28049","E28049",255,177,32,250,0,114,0,114,253,0,253,116,155
"E28050","E28050","E28050",444,378,13,442,0,167,2,169,453,4,457,170,215
"E28051","E28051","E28051",346,269,8,339,0,109,0,111,335,0,338,112,162
"E28052","E28052","E28052",2064,1549,125,2036,16,813,39,854,1970,67,2039,858,1084
"E28053","E28053","E28053",186,164,1,183,0,65,0,65,182,0,182,65,117
"E28054","E28054","E28054",406,350,17,404,0,141,1,144,405,2,410,142,178
"E28055","E28055","E28055",131,107,2,128,0,55,0,56,132,0,133,57,86
"E28056","E28056","E28056",321,282,4,316,0,126,0,127,318,0,319,126,173
"E28057","E28057","E28057",336,279,5,334,0,129,0,130,340,0,341,130,164
"E28058","E28058","E28058",274,219,3,274,0,106,0,107,275,0,279,106,156
"E28059","E28059","E28059",154,140,1,154,0,58,0,58,152,0,152,58,79
"E28060","E28060","E28060",302,236,7,299,0,123,7,130,281,17,298,130,168
"E28061","E28061","E28061",629,443,24,621,0,215,3,218,612,4,616,223,290
"E28062","E28062","E28062",184,160,2,181,0,73,0,73,191,0,191,73,91
"E28063","E28063","E28063",237,194,5,237,0,88,1,89,244,1,245,89,130
"E28064","E28064","E28064",269,235,2,269,0,101,0,101,265,0,265,102,137
"E28065","E28065","E28065",386,334,12,385,0,147,0,147,383,0,383,147,192
"E28066","E28066","E28066",167,143,6,164,0,67,0,67,162,0,162,68,91
"E28067","E28067","E28067",223,208,3,222,0,83,0,83,225,0,225,83,103
"E28068","E28068","E28068",356,310,4,352,0,116,0,116,307,0,307,118,147
"E28069","E28069","E28069",1010,849,25,992,6,342,34,376,939,54,993,377,531
"E28070","E28070","E28070",369,319,10,368,0,142,0,142,379,0,379,142,197
"E28071","E28071","E28071",289,263,9,284,0,106,0,106,293,0,293,106,141
"E28072","E28072","E28072",199,163,9,195,0,75,0,75,191,0,191,77,102
"E28073","E28073","E28073",206,171,1,203,0,77,0,77,207,0,207,77,107
"E28074","E28074","E28074",1317,1083,19,1313,27,524,22,548,1267,32,1302,549,712
"E28075","E28075","E28075",466,358,21,453,0,182,1,183,448,1,449,185,293
"E28076","E28076","E28076",243,194,7,233,0,94,0,94,239,0,239,96,150
"E28077","E28077","E28077",832,681,29,830,0,298,11,309,814,16,830,312,413
"E28078","E28078","E28078",275,230,11,274,0,106,0,107,276,0,277,108,146
"E29001","E29001","E29001",2416,1995,65,2405,17,889,101,990,2211,161,2372,995,1182
"E29002","E29002","E29002",4246,3449,179,4231,38,1620,194,1815,3875,275,4152,1821,2382
"E29003","E29003","E29003",6635,4556,667,6530,171,2156,574,2735,5050,994,6061,2755,3259
"E29004","E29004","E29004",6252,4467,331,5954,39,1783,502,2285,4409,929,5338,2306,2975
"E29005","E29005","E29005",365,333,6,363,0,131,0,131,369,0,369,131,156
"E29006","E29006","E29006",954,855,10,949,0,335,1,336,946,2,948,336,406
"E29007","E29007","E29007",3096,2525,100,3065,9,1083,4,1087,3075,9,3084,1090,1231
"E29008","E29008","E29008",378,311,4,376,0,146,0,148,377,0,381,146,188
"E29009","E29009","E29009",273,194,7,271,0,104,1,108,265,1,273,105,139
"E29010","E29010","E29010",3199,2647,128,3121,2,1079,11,1095,3104,18,3134,1105,1268
"E29011","E29011","E29011",585,497,16,582,0,255,0,256,592,0,595,256,407
"E29012","E29012","E29012",620,544,11,617,0,220,1,222,620,5,627,221,254
"E29013","E29013","E29013",150,135,0,144,0,58,0,58,140,0,140,59,96
"E29015","E29015","E29015",896,792,16,891,0,320,3,323,902,4,906,324,388
"E29016","E29016","E29016",1105,960,29,1095,0,430,15,445,1080,24,1104,450,549
"E29017","E29017","E29017",870,751,19,857,0,345,4,349,862,5,867,351,489
"E29018","E29018","E29018",491,445,6,490,0,178,0,179,497,0,499,178,224
"E29019","E29019","E29019",202,171,2,194,0,77,0,79,192,0,199,77,97
"E29020","E29020","E29020",556,507,3,550,0,190,1,192,562,1,568,191,228
"E29021","E29021","E29021",242,227,0,239,0,88,0,89,237,0,241,88,113
"E29022","E29022","E29022",250,232,6,247,0,92,0,92,248,0,248,92,128
"E29023","E29023","E29023",109,97,3,107,0,50,0,50,107,0,107,50,66
"E29024","E29024","E29024",857,752,11,848,0,322,0,323,862,0,863,325,407
"E29025","E29025","E29025",1325,1133,27,1314,1,504,6,512,1294,11,1307,514,702
"E29026","E29026","E29026",306,253,4,301,0,138,0,139,295,0,297,140,225
"E29027","E29027","E29027",460,394,10,455,0,181,0,181,459,0,459,183,273
"E29028","E29028","E29028",114,106,1,114,0,48,0,49,110,0,115,48,73
"E29029","E29029","E29029",1300,1158,19,1285,0,460,0,461,1301,0,1304,463,587
"E29030","E29030","E29030",248,222,3,246,0,85,0,86,234,0,235,87,105
"E29031","E29031","E29031",509,428,3,503,0,171,0,171,515,0,515,171,235
"E29032","E29032","E29032",1179,985,18,1166,3,481,1,482,1179,2,1181,486,617
"E29033","E29033","E29033",235,181,12,232,0,96,0,96,235,0,235,96,158
"E29034","E29034","E29034",4118,2991,225,4091,32,1369,147,1517,3797,277,4076,1525,1905
"E29035","E29035","E29035",238,200,13,238,0,83,0,83,239,0,239,83,127
"E29036","E29036","E29036",453,381,12,446,0,166,0,166,456,0,456,167,206
"E29037","E29037","E29037",366,292,20,362,0,138,0,138,364,0,364,139,196
"E29038","E29038","E29038",994,783,35,926,2,313,12,325,867,23,890,327,438
"E29039","E29039","E29039",306,262,7,303,0,119,1,120,303,2,305,120,142
"E29040","E29040","E29040",1169,998,47,1163,0,432,5,437,1173,8,1181,439,514
"E29041","E29041","E29041",867,779,16,864,9,299,3,303,837,4,842,302,383
"E29042","E29042","E29042",659,570,20,651,0,254,1,256,658,1,660,259,330
"E29043","E29043","E29043",676,606,8,675,0,257,0,257,695,0,695,258,325
"E29044","E29044","E29044",1014,896,18,1007,1,366,9,375,999,13,1012,375,470
"E29045","E29045","E29045",879,762,29,874,1,297,0,298,878,0,880,302,373
"E29046","E29046","E29046",554,485,8,548,0,201,0,201,551,0,551,202,254
"E29047","E29047","E29047",213,172,5,210,0,96,1,97,208,1,209,101,194
"E29048","E29048","E29048",603,480,28,585,1,219,0,220,587,0,588,223,279
"E29049","E29049","E29049",443,399,3,438,0,153,0,154,442,0,443,153,184
"E29050","E29050","E29050",1211,1031,43,1208,5,418,1,419,1230,1,1231,422,521
"E29051","E29051","E29051",1014,855,17,1004,0,382,1,386,1003,3,1012,385,529
"E29052","E29052","E29052",881,751,12,868,0,326,1,329,891,2,896,332,535
"E29053","E29053","E29053",508,445,3,502,2,190,10,200,477,19,496,201,294
"E29054","E29054","E29054",99,87,4,98,0,43,0,44,95,0,99,44,66
"E29055","E29055","E29055",2143,1670,58,2082,17,721,83,809,1886,131,2026,818,1069
"E29056","E29056","E29056",209,178,3,206,0,82,0,82,198,0,198,84,110
"E29057","E29057","E29057",499,405,3,493,0,194,0,194,500,0,500,197,272
"E29059","E29059","E29059",130,108,0,129,0,53,0,53,131,0,131,53,87
"E29060","E29060","E29060",314,284,6,311,0,126,0,126,314,0,314,127,177
"E29061","E29061","E29061",768,650,8,761,0,290,3,296,757,5,765,295,425
"E29062","E29062","E29062",249,215,5,248,0,108,0,111,250,0,254,108,157
"E29063","E29063","E29063",223,188,4,222,0,91,0,91,227,0,227,91,132
"E29064","E29064","E29064",695,573,9,686,0,284,0,285,700,0,701,288,505
"E29066","E29066","E29066",900,771,17,889,0,339,0,340,902,0,903,342,508
"E29067","E29067","E29067",1661,1426,29,1648,2,621,9,631,1648,26,1675,630,755
"E29068","E29068","E29068",621,511,17,613,2,219,0,221,635,0,638,219,254
"E29069","E29069","E29069",640,551,12,635,0,212,0,212,653,0,653,213,251
"E29070","E29070","E29070",347,295,8,345,0,130,0,132,343,0,345,132,182
"E29071","E29071","E29071",1084,884,20,1079,0,395,2,399,1091,2,1100,399,492
"E29072","E29072","E29072",1964,1572,170,1939,2,596,12,608,1770,21,1791,611,712
"E29073","E29073","E29073",366,316,6,364,0,129,0,130,379,0,381,129,161
"E29074","E29074","E29074",7935,6104,463,7876,111,2860,126,2987,7828,177,8008,2996,3312
"E29075","E29075","E29075",618,551,11,611,0,213,0,213,617,0,617,213,253
"E29076","E29076","E29076",779,696,12,771,1,288,6,294,777,11,788,295,341
"E29077","E29077","E29077",180,139,2,171,0,66,0,67,172,0,173,67,84
"E29078","E29078","E29078",518,451,9,518,0,180,1,181,526,2,528,181,214
"E29079","E29079","E29079",991,866,19,983,0,347,2,349,1006,4,1010,350,405
"E29080","E29080","E29080",512,432,13,502,0,180,0,180,515,0,515,181,255
"E29081","E29081","E29081",647,544,10,635,0,237,0,239,641,0,643,240,310
"E29082","E29082","E29082",378,336,10,361,0,134,1,135,362,2,364,138,182
"E29083","E29083","E29083",1560,1395,22,1537,4,525,5,531,1492,10,1508,532,605
"E29084","E29084","E29084",917,791,15,903,2,339,5,346,894,7,911,347,422
"E29085","E29085","E29085",3531,1987,720,3518,15,1106,111,1219,3220,277,3499,1227,1499
"E29086","E29086","E29086",479,395,9,469,5,174,8,182,461,12,473,184,231
"E29087","E29087","E29087",776,644,15,765,1,277,2,281,754,4,765,283,373
"E29088","E29088","E29088",349,319,4,348,0,138,0,138,353,0,353,139,164
"E29089","E29089","E29089",4740,3276,357,4612,46,1541,245,1786,4099,483,4582,1795,2068
"E29090","E29090","E29090",165,140,0,164,0,63,0,64,167,0,169,63,88
"E29091","E29091","E29091",455,369,6,454,0,166,0,166,460,0,460,166,214
"E29092","E29092","E29092",600,503,16,593,0,215,0,215,607,0,607,217,246
"E29093","E29093","E29093",483,420,3,478,0,184,0,184,493,0,493,185,247
"E29094","E29094","E29094",473,423,9,470,1,177,0,177,482,0,482,179,225
"E29095","E29095","E29095",455,381,8,440,0,159,0,159,451,0,451,159,195
"E29096","E29096","E29096",667,582,15,663,0,259,0,260,669,0,674,261,340
"E29097","E29097","E29097",1004,718,44,987,24,368,53,422,901,80,983,425,559
"E29098","E29098","E29098",799,671,21,787,13,311,10,322,691,15,707,326,462
"E29099","E29099","E29099",323,262,2,318,0,131,0,131,319,0,319,131,191
"E29100","E29100","E29100",437,380,10,434,0,168,0,168,437,0,437,168,209
"E29101","E29101","E29101",372,309,4,367,0,149,0,149,372,0,372,150,203
"E29102","E29102","E29102",187,171,9,187,0,68,0,69,189,0,191,68,89
"E29103","E29103","E29103",650,530,21,640,1,235,4,241,612,6,621,242,317
"E29104","E29104","E29104",342,286,7,338,1,116,0,118,309,0,314,116,154
"E29105","E29105","E29105",325,267,7,321,0,127,0,127,322,0,322,128,178
"E29106","E29106","E29106",655,537,10,648,0,235,0,236,664,0,666,235,343
"E29107","E29107","E29107",442,360,10,437,0,169,0,170,437,0,438,169,235
"E29108","E29108","E29108",434,341,7,428,0,195,0,195,426,0,426,198,257
"E29109","E29109","E29109",511,429,12,508,0,178,0,178,511,0,511,180,236
"E29110","E29110","E29110",357,285,7,353,0,146,0,146,362,0,362,147,208
"E29111","E29111","E29111",383,312,13,376,0,153,0,153,369,0,369,153,209
"E29112","E29112","E29112",1068,814,41,1055,15,413,21,435,1033,31,1066,440,599
"E29113","E29113","E29113",961,747,22,952,5,377,4,382,960,7,969,384,569
"E29114","E29114","E29114",687,531,19,678,0,270,0,270,692,0,692,270,355
"E29115","E29115","E29115",660,527,6,651,0,265,0,265,665,0,665,268,372
"E29116","E29116","E29116",1626,1236,56,1592,17,654,35,691,1528,60,1596,690,883
"E29117","E29117","E29117",541,443,8,533,0,208,0,208,518,0,518,210,298
"E29118","E29118","E29118",1242,1005,30,1233,7,444,9,457,1120,21,1145,453,607
"E29119","E29119","E29119",2629,2116,81,2583,14,1027,32,1062,2509,49,2566,1066,1488
"E29120","E29120","E29120",464,368,22,457,0,170,0,170,466,0,466,172,223
"E29121","E29121","E29121",1724,1353,39,1696,15,669,37,709,1593,61,1659,714,951
"E29122","E29122","E29122",350,291,3,350,0,134,0,136,353,0,356,135,200
"E29123","E29123","E29123",513,381,9,504,1,224,0,224,511,0,511,226,335
"E29124","E29124","E29124",798,647,7,771,0,343,0,345,781,0,785,353,613
"E29125","E29125","E29125",1070,917,27,1048,1,352,2,354,1056,7,1063,355,413
"E29126","E29126","E29126",110,97,2,109,0,48,0,48,113,0,113,48,60
"E29127","E29127","E29127",367,303,7,361,0,148,3,151,359,3,362,152,263
"E29128","E29128","E29128",285,225,9,267,0,109,0,110,271,0,273,111,181
"E29129","E29129","E29129",332,287,4,322,0,125,0,125,318,0,318,125,194
"E29131","E29131","E29131",194,155,7,191,0,71,0,71,189,0,189,76,151
"E29132","E29132","E29132",948,800,11,928,3,325,1,330,946,1,955,329,380
"E29133","E29133","E29133",712,560,14,692,1,278,0,279,699,0,701,280,473
"E29134","E29134","E29134",699,578,20,691,2,238,21,259,671,36,707,265,423
"E29135","E29135","E29135",771,638,25,756,0,262,17,280,736,26,764,284,358
"E29136","E29136","E29136",592,453,8,578,11,238,6,245,551,9,561,253,542
"E29137","E29137","E29137",182,149,7,178,0,74,0,76,177,0,179,75,102
"E29138","E29138","E29138",331,257,15,328,0,130,0,130,329,0,329,134,271
"E29139","E29139","E29139",112,101,7,112,0,42,0,42,113,0,113,42,71
"E29140","E29140","E29140",257,200,5,252,0,104,0,104,252,0,252,105,147
"E29141","E29141","E29141",1079,954,11,1064,2,378,1,382,1073,1,1082,383,440
"E29142","E29142","E29142",102,85,2,102,0,42,0,42,100,0,100,44,62
"E29143","E29143","E29143",686,581,12,681,0,227,0,230,696,0,701,228,256
"E29144","E29144","E29144",1616,1324,38,1581,0,554,3,558,1579,7,1587,567,736
"E29145","E29145","E29145",575,473,14,567,0,214,2,217,559,4,564,223,354
"E29146","E29146","E29146",817,679,33,811,0,286,13,299,831,13,844,300,363
"E29147","E29147","E29147",1117,878,37,1089,0,432,14,446,1082,19,1101,455,805
"E29148","E29148","E29148",1318,1069,47,1300,2,454,61,516,1225,100,1326,516,645
"E29149","E29149","E29149",799,603,26,770,5,288,2,290,728,2,730,303,533
"E29151","E29151","E29151",525,450,9,524,0,168,0,168,534,0,534,168,206
"E29152","E29152","E29152",968,699,25,923,0,399,20,421,892,29,924,441,1083
"E29153","E29153","E29153",157,132,4,152,0,61,0,62,156,0,159,62,87
"E29154","E29154","E29154",1739,1443,55,1715,4,601,16,619,1711,36,1750,624,769
"E30001","E30001","E30001",5282,3962,356,5254,93,1715,113,1828,5058,249,5307,1832,1942
"E30002","E30002","E30002",784,712,19,783,0,258,2,263,781,4,795,260,290
"E30003","E30003","E30003",547,514,9,546,0,177,0,178,528,0,529,177,200
"E30004","E30004","E30004",279,263,4,279,0,91,0,91,284,0,284,91,100
"E30005","E30005","E30005",841,761,9,838,0,277,0,277,850,0,850,278,308
"E30006","E30006","E30006",554,520,9,551,0,186,0,189,540,0,553,186,214
"E30007","E30007","E30007",408,383,3,403,0,138,0,138,402,0,402,138,158
"E30008","E30008","E30008",231,216,5,230,0,75,0,75,228,0,228,75,88
"E30009","E30009","E30009",271,258,2,268,0,95,0,95,275,0,275,95,104
"E30010","E30010","E30010",1226,1105,18,1209,0,397,0,399,1223,0,1232,400,422
"E30011","E30011","E30011",1005,906,15,994,0,365,2,370,1005,2,1013,369,413
"E30012","E30012","E30012",208,195,2,205,0,76,0,76,202,0,202,77,89
"E30013","E30013","E30013",358,332,3,355,0,121,0,121,358,0,358,121,140
"E30014","E30014","E30014",229,210,1,227,0,96,0,96,233,0,233,97,118
"E30015","E30015","E30015",384,362,3,384,0,135,0,136,381,0,385,135,151
"E30016","E30016","E30016",1716,1435,59,1623,1,531,2,534,1570,4,1576,533,598
"E30017","E30017","E30017",333,305,7,332,0,123,0,124,331,0,332,123,139
"E30018","E30018","E30018",330,312,7,329,0,113,0,114,321,0,324,114,131
"E30019","E30019","E30019",436,402,5,433,0,147,0,151,429,0,435,149,173
"E30020","E30020","E30020",535,473,10,534,0,177,0,177,538,0,538,178,216
"E30021","E30021","E30021",315,279,5,311,3,106,0,106,311,0,311,106,123
"E30022","E30022","E30022",777,723,12,774,0,263,0,264,796,0,798,263,292
"E30023","E30023","E30023",322,295,2,319,0,113,0,113,324,0,324,114,139
"E30024","E30024","E30024",142,119,2,140,0,52,0,52,139,0,139,52,72
"E30026","E30026","E30026",242,200,6,240,0,86,0,88,237,0,240,87,116
"E30027","E30027","E30027",180,153,7,180,0,73,0,73,185,0,185,73,93
"E30028","E30028","E30028",271,226,5,266,0,114,0,114,261,0,261,115,140
"E30029","E30029","E30029",173,146,1,171,0,72,0,72,171,0,171,73,97
"E30030","E30030","E30030",1775,1412,66,1754,26,629,11,640,1680,23,1703,643,752
"E30031","E30031","E30031",1597,1267,40,1587,44,653,51,704,1437,74,1511,705,933
"E30032","E30032","E30032",249,224,5,249,0,97,0,97,253,0,253,97,130
"E30033","E30033","E30033",312,259,8,308,0,122,0,124,298,0,300,123,154
"E30034","E30034","E30034",137,123,3,137,0,54,0,54,137,0,137,54,75
"E30035","E30035","E30035",416,370,8,410,0,151,1,152,411,4,415,153,191
"E30036","E30036","E30036",209,165,6,207,0,82,0,82,209,0,209,83,133
"E30037","E30037","E30037",963,708,53,952,7,312,66,378,842,122,964,381,531
"E30038","E30038","E30038",99,82,2,99,0,39,0,39,98,0,98,39,67
"E30039","E30039","E30039",544,405,12,515,1,187,1,188,467,2,469,191,281
"E30040","E30040","E30040",400,303,13,392,3,144,0,144,394,0,394,145,217
"E30042","E30042","E30042",282,253,4,281,0,99,0,99,292,0,292,99,128
"E30043","E30043","E30043",129,118,0,127,0,54,0,54,127,0,127,54,68
"E30044","E30044","E30044",473,373,20,467,0,192,2,194,470,3,473,194,269
"E30045","E30045","E30045",184,149,6,180,0,69,0,69,173,0,173,70,99
"E30049","E30049","E30049",523,424,17,518,3,198,0,198,530,0,530,199,264
"E30050","E30050","E30050",339,282,8,328,5,133,1,134,341,1,342,136,182
"E30051","E30051","E30051",402,347,3,402,0,150,1,151,416,2,418,151,188
"E30052","E30052","E30052",267,219,10,261,0,103,0,103,262,0,262,104,127
"E30053","E30053","E30053",175,138,5,169,0,71,0,71,164,0,164,72,94
"E30054","E30054","E30054",207,168,6,207,0,89,0,89,212,0,212,89,131
"E30055","E30055","E30055",864,661,11,851,0,334,0,334,860,0,860,336,451
"E30056","E30056","E30056",463,371,9,462,0,175,0,175,462,0,462,175,240
"E30057","E30057","E30057",3254,2117,391,3224,28,1132,85,1218,2956,145,3103,1227,1691
"E30058","E30058","E30058",1138,894,41,1128,2,448,16,465,1117,31,1149,466,617
"E30059","E30059","E30059",855,735,28,851,0,317,0,317,849,0,849,319,419
"E30060","E30060","E30060",147,110,4,147,0,55,0,55,144,0,144,55,74
"E30061","E30061","E30061",693,544,14,691,0,279,0,279,693,0,693,281,376
"E30062","E30062","E30062",353,286,11,349,0,147,0,148,356,0,357,148,201
"E30063","E30063","E30063",212,180,9,212,0,80,0,80,214,0,214,80,110
"E30064","E30064","E30064",563,465,15,561,0,207,0,208,564,0,566,208,270
"E30065","E30065","E30065",3268,2531,172,3225,34,1128,112,1240,2726,209,2935,1243,1564
"E30066","E30066","E30066",324,281,1,321,0,130,0,131,323,0,324,131,167
"E30067","E30067","E30067",346,265,6,343,0,137,0,137,354,0,354,137,186
"E30068","E30068","E30068",509,427,4,503,0,193,2,196,502,2,510,195,258
"E30069","E30069","E30069",458,373,11,453,0,178,0,179,460,0,462,179,230
"E30070","E30070","E30070",332,256,4,325,0,134,0,134,329,0,329,135,181
"E30071","E30071","E30071",1018,813,45,1014,2,383,7,391,1005,14,1020,392,510
"E30072","E30072","E30072",1185,908,45,1175,1,456,2,460,1189,8,1199,458,598
"E30073","E30073","E30073",780,622,22,775,0,328,0,328,774,0,774,330,436
"E30074","E30074","E30074",304,265,2,300,0,124,0,124,301,0,301,124,155
"E30075","E30075","E30075",510,440,11,509,0,184,0,184,513,0,513,184,215
"E30076","E30076","E30076",610,470,33,607,1,232,13,245,585,23,608,246,289
"E30077","E30077","E30077",223,182,5,222,0,81,0,82,220,0,221,81,106
"E30078","E30078","E30078",534,444,15,529,1,194,1,195,529,4,533,195,227
"E30079","E30079","E30079",506,450,11,504,12,156,8,164,457,14,471,165,188
"E30080","E30080","E30080",176,155,3,174,0,77,0,77,177,0,177,77,102
"E30081","E30081","E30081",1315,1036,48,1300,19,493,19,512,1215,31,1246,517,639
"E30082","E30082","E30082",441,386,10,436,0,165,0,166,447,0,450,165,202
"E30083","E30083","E30083",255,211,2,255,0,95,0,95,257,0,257,96,139
"E30084","E30084","E30084",156,123,4,154,0,61,0,61,152,0,152,63,88
"E30085","E30085","E30085",166,149,3,166,0,59,0,59,164,0,164,59,73
"E30086","E30086","E30086",481,417,14,481,0,183,0,186,473,0,477,184,210
"E30087","E30087","E30087",328,283,4,328,0,122,0,123,341,0,342,122,146
"E30088","E30088","E30088",137,118,2,137,0,52,0,52,137,0,137,52,69
"E30089","E30089","E30089",893,700,44,884,3,371,0,371,895,0,895,372,495
"E30090","E30090","E30090",796,677,17,786,3,283,0,283,792,0,792,285,331
"E30091","E30091","E30091",418,369,3,417,2,157,0,158,420,0,421,157,188
"E30092","E30092","E30092",386,338,11,385,0,144,0,145,396,0,397,144,173
"E30093","E30093","E30093",300,261,8,298,0,119,0,119,313,0,313,119,151
"E30094","E30094","E30094",505,412,14,497,0,199,0,199,494,0,494,200,261
"E30095","E30095","E30095",354,308,7,352,0,136,0,136,359,0,359,136,161
"E30096","E30096","E30096",229,202,1,227,0,89,0,89,231,0,231,89,105
"E30097","E30097","E30097",190,167,5,186,0,75,0,76,183,0,185,75,103
"E30098","E30098","E30098",553,465,12,545,2,183,1,185,538,1,540,185,228
"E30099","E30099","E30099",379,346,4,377,0,126,0,126,386,0,386,127,152
"E30100","E30100","E30100",365,322,9,365,0,143,0,143,372,0,372,144,177
"E30101","E30101","E30101",171,152,1,169,0,64,0,64,164,0,164,66,83
"E30102","E30102","E30102",1009,904,22,1002,4,343,2,345,1012,4,1016,345,406
"E30103","E30103","E30103",399,305,23,398,2,161,0,161,408,0,408,162,202
"E30104","E30104","E30104",818,605,29,813,6,300,1,301,790,1,791,303,401
"E30105","E30105","E30105",5513,4163,451,5486,100,1818,63,1881,5256,98,5354,1887,2081
"E30106","E30106","E30106",2034,1131,392,2010,20,594,223,817,1449,518,1967,823,971
"E30107","E30107","E30107",215,152,21,192,0,68,0,68,172,0,172,69,86
"E30108","E30108","E30108",169,145,2,166,0,58,0,58,170,0,170,59,83
"E30109","E30109","E30109",556,503,15,556,0,199,2,201,563,6,569,201,232
"E30110","E30110","E30110",1232,1001,56,1208,9,502,27,529,1169,45,1214,534,659
"E30111","E30111","E30111",972,738,71,953,5,343,17,360,923,25,948,368,440
"E30112","E30112","E30112",326,280,5,326,1,115,0,115,331,0,331,116,143
"E31001","E31001","E31001",4940,3769,429,4869,41,1693,380,2073,3973,669,4642,2088,2434
"E31002","E31002","E31002",6127,4481,494,5928,162,1533,707,2245,3792,1251,5065,2395,2895
"E31003","E31003","E31003",7788,5963,643,7708,78,2818,458,3276,6851,832,7683,3287,3751
"E31004","E31004","E31004",391,356,6,387,0,142,1,143,391,3,394,144,185
"E31005","E31005","E31005",386,320,7,384,0,148,0,148,384,0,384,148,183
"E31006","E31006","E31006",461,377,5,458,1,181,0,181,454,0,454,183,277
"E31007","E31007","E31007",555,448,11,549,0,225,1,227,550,1,558,228,313
"E31008","E31008","E31008",540,450,9,537,0,202,0,203,527,0,528,202,248
"E31009","E31009","E31009",541,451,14,532,0,230,0,230,535,0,535,231,301
"E31010","E31010","E31010",276,247,5,271,0,99,0,104,270,0,278,100,146
"E31011","E31011","E31011",456,400,6,455,0,173,0,175,452,0,456,175,252
"E31012","E31012","E31012",360,309,10,357,0,133,0,133,350,0,350,134,183
"E31013","E31013","E31013",298,258,5,294,0,115,0,115,306,0,306,115,159
"E31014","E31014","E31014",134,112,2,134,0,49,0,49,133,0,133,50,72
"E31015","E31015","E31015",241,213,9,240,0,88,0,88,241,0,241,88,131
"E31016","E31016","E31016",227,194,5,226,0,94,0,95,223,0,224,94,123
"E31017","E31017","E31017",171,158,0,171,1,71,0,71,170,0,170,72,102
"E31018","E31018","E31018",294,280,2,294,0,121,2,123,287,4,291,123,170
"E31019","E31019","E31019",239,224,2,232,0,82,0,82,234,0,234,82,110
"E31020","E31020","E31020",1095,988,14,1090,0,370,7,379,1056,10,1068,382,539
"E31021","E31021","E31021",180,152,5,178,0,75,0,76,185,0,186,76,96
"E31022","E31022","E31022",207,186,6,207,0,65,0,66,207,0,208,65,86
"E31023","E31023","E31023",527,464,13,521,0,202,3,205,519,7,526,205,247
"E31024","E31024","E31024",626,530,15,621,0,253,0,253,640,0,640,254,322
"E31025","E31025","E31025",664,567,21,652,0,264,6,271,632,14,649,271,404
"E31026","E31026","E31026",1765,1462,40,1731,8,663,32,695,1608,49,1657,703,1220
"E31028","E31028","E31028",598,532,6,596,0,217,0,218,602,0,603,218,271
"E31029","E31029","E31029",175,144,12,170,0,65,0,65,166,0,166,67,93
"E31030","E31030","E31030",314,275,4,304,0,109,0,112,304,0,307,111,147
"E31032","E31032","E31032",232,193,12,228,0,85,2,88,228,3,233,88,119
"E31033","E31033","E31033",306,271,0,304,1,115,0,115,315,0,315,115,147
"E31034","E31034","E31034",661,578,6,655,0,231,9,240,658,10,668,241,264
"E31035","E31035","E31035",457,410,8,447,0,146,2,148,432,3,435,150,182
"E31036","E31036","E31036",2269,1874,79,2258,12,872,54,927,2178,85,2267,927,1156
"E31037","E31037","E31037",462,407,8,462,2,162,0,163,460,0,464,162,194
"E31038","E31038","E31038",1387,1204,30,1383,6,553,15,568,1381,29,1410,571,636
"E31039","E31039","E31039",361,324,8,361,0,130,0,131,361,0,362,131,157
"E31040","E31040","E31040",213,194,2,212,0,85,0,85,215,0,215,86,105
"E31041","E31041","E31041",1792,1592,40,1764,5,617,33,654,1659,48,1714,681,788
"E31042","E31042","E31042",714,620,13,696,6,245,0,245,695,0,695,248,288
"E31043","E31043","E31043",707,614,11,698,0,239,0,241,699,0,708,242,279
"E31044","E31044","E31044",1000,804,25,976,3,383,10,394,944,15,960,405,728
"E31045","E31045","E31045",577,492,10,575,0,211,5,216,580,8,588,217,289
"E31046","E31046","E31046",3188,2476,201,3164,19,988,218,1209,2809,366,3187,1211,1462
"E31047","E31047","E31047",764,687,20,755,0,284,15,299,735,28,763,300,338
"E31048","E31048","E31048",1826,1492,50,1736,5,661,12,674,1677,21,1702,688,878
"E31049","E31049","E31049",273,230,2,272,0,105,0,106,272,0,273,105,134
"E31050","E31050","E31050",412,368,4,409,0,150,0,151,412,0,414,151,183
"E31051","E31051","E31051",259,219,4,254,3,84,5,89,242,13,255,89,100
"E31052","E31052","E31052",2347,2041,54,2326,25,825,4,830,2306,7,2314,834,926
"E31053","E31053","E31053",4077,3334,183,4008,19,1417,103,1522,3811,189,4002,1532,1773
"E31054","E31054","E31054",511,442,12,507,0,183,2,185,505,6,511,186,237
"E31055","E31055","E31055",394,351,3,388,0,125,0,131,344,0,366,125,150
"E31056","E31056","E31056",862,727,28,857,5,303,3,306,881,5,886,308,363
"E31057","E31057","E31057",1549,1312,47,1526,2,514,2,516,1550,2,1552,524,635
"E31058","E31058","E31058",639,522,17,630,0,244,1,246,632,2,636,251,341
"E31059","E31059","E31059",753,644,20,747,2,276,7,283,740,9,749,284,330
"E31060","E31060","E31060",191,169,6,189,0,67,0,67,188,0,188,68,118
"E31061","E31061","E31061",243,222,0,242,0,77,2,79,243,2,245,79,114
"E31062","E31062","E31062",468,391,4,466,0,188,4,192,471,7,478,192,248
"E31063","E31063","E31063",810,660,18,801,6,298,11,311,772,19,796,311,417
"E31064","E31064","E31064",233,193,9,231,0,103,1,105,233,4,239,104,161
"E31065","E31065","E31065",200,171,0,197,0,74,0,74,196,0,196,76,92
"E31066","E31066","E31066",610,489,30,599,0,237,0,238,608,0,610,239,314
"E31068","E31068","E31068",117,104,6,117,0,47,0,47,117,0,117,48,65
"E31070","E31070","E31070",157,144,2,156,0,63,0,64,158,0,159,63,78
"E31072","E31072","E31072",307,279,0,304,0,119,0,119,317,0,317,121,162
"E31073","E31073","E31073",1563,1274,60,1560,0,550,7,558,1586,9,1596,558,649
"E31074","E31074","E31074",234,195,8,233,0,78,0,78,235,0,235,78,99
"E31075","E31075","E31075",226,191,7,224,0,83,0,83,228,0,228,84,110
"E31076","E31076","E31076",226,194,0,222,0,76,0,76,221,0,221,76,94
"E31077","E31077","E31077",381,321,8,372,0,132,0,132,378,0,378,132,157
"E31079","E31079","E31079",102,79,2,98,0,45,0,45,102,0,102,45,58
"E31080","E31080","E31080",255,228,2,252,0,98,0,99,258,0,259,99,125
"E31081","E31081","E31081",394,345,5,391,1,132,0,132,392,0,392,134,164
"E31082","E31082","E31082",3118,2430,169,3088,13,1122,66,1190,2956,94,3052,1193,1463
"E32001","E32001","E32001",3868,2542,460,3838,38,1275,305,1581,3300,512,3817,1587,1979
"E32002","E32002","E32002",4230,3590,156,4211,6,1496,50,1546,4163,96,4259,1552,1822
"E32003","E32003","E32003",627,554,12,625,0,223,0,224,625,0,626,225,259
"E32004","E32004","E32004",677,601,11,671,1,223,0,223,686,0,686,223,251
"E32005","E32005","E32005",498,433,12,496,0,156,0,157,502,0,507,158,187
"E32006","E32006","E32006",482,438,15,481,0,151,0,151,485,0,485,151,175
"E32007","E32007","E32007",503,415,38,500,0,170,0,171,519,0,520,170,200
"E32008","E32008","E32008",3705,3001,114,3677,20,1174,53,1231,3438,95,3546,1232,1366
"E32009","E32009","E32009",414,363,4,414,0,132,4,136,412,10,422,136,157
"E32010","E32010","E32010",2535,2123,91,2521,4,824,17,844,2518,30,2554,841,950
"E32011","E32011","E32011",1276,1000,45,1269,1,435,33,476,1204,57,1272,472,601
"E32012","E32012","E32012",445,416,6,445,0,142,0,144,447,0,450,143,184
"E32013","E32013","E32013",661,590,12,657,0,212,0,212,665,0,665,213,263
"E32014","E32014","E32014",582,524,14,579,0,194,0,197,582,0,588,195,223
"E32015","E32015","E32015",1859,1142,57,1816,3,568,136,704,1586,234,1820,708,877
"E32016","E32016","E32016",236,198,2,236,0,95,0,95,244,0,244,96,123
"E32017","E32017","E32017",625,495,6,607,3,225,4,229,603,7,610,233,298
"E32019","E32019","E32019",199,145,4,198,0,74,0,75,196,0,199,75,123
"E32020","E32020","E32020",213,177,2,211,0,81,0,83,215,0,217,81,111
"E32021","E32021","E32021",151,123,2,149,0,58,0,58,149,0,149,58,69
"E32022","E32022","E32022",136,112,3,136,0,53,0,53,132,0,132,53,69
"E32023","E32023","E32023",111,94,3,110,0,42,0,42,116,0,116,42,62
"E32024","E32024","E32024",291,232,2,289,0,105,0,105,291,0,291,106,129
"E32026","E32026","E32026",381,231,7,378,0,157,5,163,380,5,386,167,218
"E32029","E32029","E32029",3548,2323,455,3527,11,1095,92,1187,3405,185,3590,1188,1304
"E32030","E32030","E32030",897,771,32,894,0,309,1,311,915,1,920,310,375
"E32031","E32031","E32031",998,869,18,991,0,338,0,338,970,0,970,338,407
"E32032","E32032","E32032",624,546,19,622,1,207,4,211,598,5,603,211,245
"E32033","E32033","E32033",1182,1022,24,1172,1,384,3,390,1187,3,1193,391,448
"E32034","E32034","E32034",5210,4042,306,5091,42,1624,106,1733,4747,197,4948,1736,1956
"E32035","E32035","E32035",897,639,29,866,0,265,12,278,751,28,781,279,333
"E32036","E32036","E32036",967,810,25,965,0,356,28,385,937,52,990,384,495
"E32037","E32037","E32037",414,348,8,406,0,135,0,135,407,0,407,136,164
"E32038","E32038","E32038",431,396,0,428,0,146,0,147,439,0,442,147,187
"E32039","E32039","E32039",1152,973,45,1135,7,404,8,413,1130,11,1145,416,471
"E32040","E32040","E32040",838,713,26,832,0,272,1,276,824,1,828,274,337
"E32041","E32041","E32041",1628,1361,74,1622,13,549,30,579,1596,53,1649,580,687
"E32042","E32042","E32042",1759,1222,127,1751,13,660,134,794,1567,207,1774,798,960
"E32043","E32043","E32043",208,200,1,208,0,75,0,75,213,0,213,75,95
"E32044","E32044","E32044",501,436,12,497,2,189,2,192,501,4,506,192,225
"E32045","E32045","E32045",543,503,5,539,0,203,0,204,548,0,549,203,251
"E32046","E32046","E32046",439,376,6,427,0,146,0,147,427,0,431,147,185
"E32047","E32047","E32047",314,264,12,307,0,105,0,107,304,0,306,106,132
"E32048","E32048","E32048",8747,5911,816,8667,325,2707,223,2931,7894,453,8349,2943,3306
"E32049","E32049","E32049",919,846,17,919,1,289,0,289,942,0,942,289,319
"E32050","E32050","E32050",1138,994,26,1129,0,407,4,412,1134,5,1143,411,447
"E32051","E32051","E32051",1705,1303,79,1689,9,676,65,742,1599,97,1697,743,882
"E32052","E32052","E32052",284,257,3,284,0,99,0,99,291,0,291,99,121
"E32053","E32053","E32053",448,395,2,442,0,169,0,169,453,0,453,170,195
"E32054","E32054","E32054",610,530,3,600,0,207,0,210,616,0,619,208,253
"E32055","E32055","E32055",707,643,9,701,0,244,0,244,713,0,713,245,287
"E32056","E32056","E32056",454,400,14,454,7,136,3,141,451,8,466,139,163
"E32057","E32057","E32057",707,633,16,706,0,245,0,245,719,0,719,245,290
"E32058","E32058","E32058",473,429,9,473,0,156,0,156,469,0,469,157,188
"E32059","E32059","E32059",636,569,9,629,0,225,0,226,636,0,639,228,276
"E32060","E32060","E32060",518,467,4,515,0,189,0,189,523,0,523,190,225
"E32061","E32061","E32061",541,500,6,540,0,184,0,184,548,0,548,184,212
"E32062","E32062","E32062",589,511,14,582,0,206,0,206,587,0,587,206,228
"E32063","E32063","E32063",512,430,11,508,0,164,0,165,459,0,461,165,196
"E32064","E32064","E32064",643,469,32,639,1,219,3,226,633,6,645,224,387
"E32065","E32065","E32065",394,350,7,391,0,128,0,130,393,0,395,128,156
"E32066","E32066","E32066",1092,925,27,1076,0,437,1,438,1064,4,1068,443,549
"E32067","E32067","E32067",646,579,20,639,0,215,0,215,628,0,628,217,261
"E32068","E32068","E32068",1216,943,45,1205,0,426,14,442,1187,28,1218,441,517
"E32069","E32069","E32069",487,443,4,480,0,159,0,160,485,0,487,159,191
"E32070","E32070","E32070",478,441,6,474,0,161,0,161,475,0,475,162,192
"E32071","E32071","E32071",507,478,6,507,0,172,0,173,510,0,511,173,209
"E32072","E32072","E32072",404,330,7,389,0,143,5,148,385,9,394,148,182
"E32073","E32073","E32073",1739,1429,67,1731,4,592,0,592,1766,0,1766,593,644
"E32074","E32074","E32074",440,401,5,439,0,170,0,170,439,0,439,170,189
"E32075","E32075","E32075",468,395,4,468,0,166,0,166,485,0,485,166,201
"E32076","E32076","E32076",173,156,2,173,0,71,1,72,170,2,172,72,88
"E32077","E32077","E32077",855,777,21,851,0,290,2,294,868,4,874,292,359
"E32078","E32078","E32078",609,548,13,603,1,171,0,171,532,0,532,171,197
"E32079","E32079","E32079",330,300,2,330,0,101,1,103,334,2,337,102,120
"E32080","E32080","E32080",780,717,11,776,0,271,1,273,786,2,792,272,319
"E32081","E32081","E32081",97,87,2,97,0,40,0,40,98,0,98,40,60
"E32083","E32083","E32083",160,117,14,160,0,70,2,72,155,6,161,72,109
"E32085","E32085","E32085",322,246,18,320,1,74,0,74,222,0,222,75,125
"E32088","E32088","E32088",346,251,12,342,3,139,4,143,308,10,318,147,270
"E32089","E32089","E32089",674,605,9,666,0,204,0,204,672,0,672,206,248
"E32090","E32090","E32090",452,411,5,445,0,151,0,151,453,0,453,151,190
"E32091","E32091","E32091",331,296,7,331,0,119,0,122,330,0,333,120,145
"E32092","E32092","E32092",329,304,3,327,0,126,0,126,338,0,338,126,167
"E32093","E32093","E32093",662,572,20,659,1,236,8,244,641,26,667,244,344
"E33001","E33001","E33001",3279,2329,75,3236,12,1212,118,1330,3023,185,3208,1339,1757
"E33002","E33002","E33002",2124,1319,247,2038,7,688,94,785,1588,151,1747,795,1644
"E33003","E33003","E33003",2624,1416,419,2477,107,550,607,1163,1226,1145,2386,1168,1627
"E33004","E33004","E33004",755,614,14,735,0,285,1,290,716,1,736,294,602
"E33005","E33005","E33005",1738,1418,34,1719,0,620,1,624,1734,1,1739,628,854
"E33006","E33006","E33006",1714,1373,48,1706,11,683,99,786,1525,165,1694,787,1085
"E33007","E33007","E33007",1179,880,39,1168,1,405,1,408,1154,1,1158,409,622
"E33008","E33008","E33008",389,284,9,383,0,153,2,156,379,5,386,157,203
"E33009","E33009","E33009",464,391,11,461,0,152,0,153,464,0,465,153,180
"E33010","E33010","E33010",249,174,4,245,0,94,1,97,252,2,256,96,117
"E33011","E33011","E33011",772,639,17,766,0,278,1,281,760,5,770,280,364
"E33012","E33012","E33012",169,134,3,167,0,63,0,64,170,0,172,65,108
"E33013","E33013","E33013",387,311,5,380,0,142,0,142,383,0,383,145,207
"E33014","E33014","E33014",928,795,22,921,0,310,1,314,935,2,943,312,369
"E33015","E33015","E33015",339,275,2,326,0,117,1,120,324,1,327,121,152
"E33016","E33016","E33016",4179,3206,181,4051,4,1495,119,1617,3795,225,4026,1623,2109
"E33017","E33017","E33017",904,768,9,879,1,335,16,351,849,31,880,359,529
"E33018","E33018","E33018",547,449,10,544,0,218,4,225,538,5,550,225,304
"E33019","E33019","E33019",84,53,2,84,0,31,0,32,82,0,84,31,38
"E33020","E33020","E33020",235,213,2,235,0,76,0,76,234,0,234,76,92
"E33021","E33021","E33021",795,691,13,787,1,295,0,296,790,0,791,296,399
"E33022","E33022","E33022",799,677,14,786,2,289,0,290,746,0,752,291,385
"E33023","E33023","E33023",350,212,7,288,0,66,0,66,183,0,183,66,92
"E33024","E33024","E33024",368,265,8,362,0,163,7,170,354,15,369,171,236
"E33025","E33025","E33025",1745,1476,42,1737,0,659,6,670,1750,9,1767,673,895
"E33026","E33026","E33026",350,277,9,347,1,121,0,123,344,0,348,124,166
"E33027","E33027","E33027",105,71,4,104,0,46,0,46,104,0,104,46,69
"E33028","E33028","E33028",657,551,13,644,0,205,1,206,652,1,653,206,261
"E33029","E33029","E33029",805,609,6,770,0,261,3,270,671,5,692,284,827
"E33030","E33030","E33030",314,258,5,308,0,108,0,109,305,0,307,110,153
"E33031","E33031","E33031",783,620,19,770,1,315,12,329,754,20,777,334,491
"E33032","E33032","E33032",2071,1612,37,2041,19,843,11,867,2016,22,2058,872,1312
"E33033","E33033","E33033",278,239,6,278,0,98,0,98,283,0,283,98,138
"E33034","E33034","E33034",1015,770,27,980,1,362,12,376,949,24,977,392,949
"E33035","E33035","E33035",689,541,10,678,0,271,0,273,689,0,692,277,462
"E33036","E33036","E33036",1693,1303,33,1663,0,649,13,667,1624,29,1662,673,1063
"E33037","E33037","E33037",2841,2102,59,2798,36,1091,33,1130,2722,70,2808,1145,1853
"E33038","E33038","E33038",1408,1110,23,1388,0,521,2,526,1393,3,1402,535,990
"E33039","E33039","E33039",2274,1676,54,2246,0,894,3,902,2292,6,2307,912,1519
"E33040","E33040","E33040",478,326,23,466,0,220,0,221,470,0,475,223,437
"E33041","E33041","E33041",1280,984,28,1226,5,457,51,509,1161,72,1236,515,714
"E33042","E33042","E33042",165,143,2,164,0,64,0,64,169,0,169,64,99
"E33043","E33043","E33043",123,106,1,116,0,47,0,47,119,0,119,47,93
"E33044","E33044","E33044",347,288,9,340,0,131,0,131,355,0,355,133,233
"E33045","E33045","E33045",717,570,12,696,1,288,0,288,687,0,687,304,690
"E33046","E33046","E33046",82,61,3,80,0,40,0,40,80,0,80,41,69
"E33047","E33047","E33047",1919,1472,53,1883,10,737,60,798,1821,70,1892,807,1150
"E33048","E33048","E33048",294,267,4,292,0,104,0,105,303,0,304,105,159
"E33049","E33049","E33049",732,613,18,716,2,268,5,273,702,11,713,280,485
"E33050","E33050","E33050",694,583,19,687,0,259,2,263,684,5,691,263,405
"E33051","E33051","E33051",156,132,0,153,0,57,0,57,153,0,153,59,116
"E33052","E33052","E33052",1475,1242,30,1464,2,574,18,593,1459,26,1486,594,860
"E33053","E33053","E33053",150,125,2,149,0,64,0,65,149,0,150,65,122
"E33054","E33054","E33054",84,77,1,83,0,36,0,36,84,0,84,38,86
"E33055","E33055","E33055",669,567,14,646,0,252,8,260,641,8,649,267,465
"E33056","E33056","E33056",365,318,3,358,0,150,2,152,363,3,366,154,304
"E33057","E33057","E33057",2333,1944,57,2267,15,846,32,880,2178,50,2231,886,1123
"E33058","E33058","E33058",523,467,8,513,0,216,0,216,527,0,527,217,343
"E33059","E33059","E33059",727,533,12,712,0,301,0,301,712,0,712,308,568
"E33060","E33060","E33060",272,215,9,270,0,103,1,104,273,1,274,106,222
"E33061","E33061","E33061",754,581,11,739,0,290,0,290,757,0,757,296,540
"E33062","E33062","E33062",373,308,6,361,0,147,4,151,358,6,364,153,254
"E33063","E33063","E33063",238,208,1,236,0,88,1,91,234,1,238,89,130
"E33064","E33064","E33064",1496,1141,26,1459,0,630,4,635,1480,5,1486,651,1195
"E33065","E33065","E33065",134,115,4,133,0,48,0,49,132,0,135,51,74
"E33066","E33066","E33066",673,541,8,657,0,237,0,237,664,0,664,246,514
"E33067","E33067","E33067",1529,1185,28,1490,0,485,7,493,1453,9,1464,498,770
"E33068","E33068","E33068",1324,779,15,1301,0,432,5,437,1295,11,1306,450,532
"E33069","E33069","E33069",4039,2954,110,4009,18,1374,11,1386,4043,22,4069,1395,1652
"E33070","E33070","E33070",1333,722,20,1316,0,490,4,494,1318,4,1322,505,589
"E33071","E33071","E33071",2519,1998,81,2497,2,891,50,944,2470,58,2537,950,1281
"E33072","E33072","E33072",917,779,22,912,0,318,2,320,914,3,917,321,468
"E33073","E33073","E33073",692,512,14,685,3,243,0,245,699,0,703,246,341
"E33074","E33074","E33074",1345,905,21,1337,1,438,4,444,1353,7,1363,444,518
"E33075","E33075","E33075",1027,799,17,1011,0,363,3,366,1012,5,1017,376,640
"E33076","E33076","E33076",751,594,11,740,0,251,0,252,757,0,760,255,374
"E33077","E33077","E33077",705,566,11,697,0,248,0,248,704,0,704,252,441
"E33078","E33078","E33078",1634,1123,33,1610,11,509,36,546,1482,53,1537,564,845
"E33079","E33079","E33079",791,673,6,785,0,256,3,259,788,8,796,260,316
"E33080","E33080","E33080",859,687,12,847,0,288,1,293,836,5,849,289,411
"E33081","E33081","E33081",1240,979,30,1224,20,424,21,445,1134,40,1174,454,553
"E33082","E33082","E33082",1140,803,26,1115,0,403,13,417,1125,18,1146,434,724
"E33083","E33083","E33083",945,786,17,935,1,303,1,304,948,2,950,305,359
"E33084","E33084","E33084",396,278,13,392,0,140,0,140,393,0,393,144,201
"E33085","E33085","E33085",2151,1021,39,2121,3,754,29,783,2070,44,2114,800,923
"E33086","E33086","E33086",1802,964,16,1772,1,669,7,681,1746,10,1762,688,771
"E33087","E33087","E33087",770,607,23,737,0,266,5,272,731,7,740,278,446
"E33088","E33088","E33088",890,728,13,884,0,281,0,283,899,0,907,283,337
"E33089","E33089","E33089",2293,1659,46,2258,2,879,75,955,2198,106,2308,967,1365
"E33090","E33090","E33090",1028,827,9,1027,0,339,31,372,1006,41,1050,371,447
"E33091","E33091","E33091",967,661,13,925,5,308,2,314,925,3,938,315,436
"E33092","E33092","E33092",1298,1100,16,1279,0,452,0,452,1278,0,1278,456,623
"E33093","E33093","E33093",724,463,7,707,0,253,0,254,701,0,707,259,310
"E33094","E33094","E33094",316,264,2,315,0,119,0,120,316,0,317,120,188
"E33095","E33095","E33095",977,591,18,966,0,332,4,336,955,7,962,345,448
"E33096","E33096","E33096",2741,2043,134,2732,58,943,18,963,2745,33,2780,964,1092
"E33097","E33097","E33097",3681,2855,135,3644,54,1328,8,1340,3700,11,3720,1342,1464
"E33098","E33098","E33098",400,334,11,394,0,137,4,141,404,7,411,141,184
"E33099","E33099","E33099",1739,1361,93,1728,17,537,64,603,1635,121,1759,603,653
"E33100","E33100","E33100",1824,1387,85,1814,49,566,15,586,1805,23,1837,586,663
"E33101","E33101","E33101",203,177,5,202,0,70,0,70,200,0,200,70,88
"E33102","E33102","E33102",1303,1087,42,1300,19,437,5,443,1312,9,1326,444,512
"E33103","E33103","E33103",512,448,8,508,0,166,0,166,514,0,514,166,201
"E33104","E33104","E33104",1036,908,9,1034,0,335,0,337,1031,0,1037,336,365
"E33105","E33105","E33105",12191,8198,1201,12084,731,4109,379,4494,11017,771,11797,4551,5331
"E33106","E33106","E33106",1719,1482,19,1707,6,521,6,542,1642,16,1706,531,581
"E33107","E33107","E33107",1314,1046,21,1306,1,470,3,475,1319,6,1329,474,524
"E33108","E33108","E33108",93,77,1,93,0,36,0,36,94,0,94,36,39
"E33109","E33109","E33109",1089,935,32,1084,0,346,0,352,1097,0,1109,348,394
"E33110","E33110","E33110",735,606,10,720,2,238,0,241,696,0,701,241,282
"E33111","E33111","E33111",965,764,20,948,0,349,4,353,922,7,929,358,675
"E33112","E33112","E33112",881,723,16,868,1,323,1,325,866,2,870,331,493
"E33113","E33113","E33113",610,538,9,604,0,236,0,238,604,0,613,238,339
"E33114","E33114","E33114",540,437,8,523,0,208,0,209,525,0,527,215,417
"E33115","E33115","E33115",398,340,1,394,0,152,0,155,390,0,394,154,276
"E33116","E33116","E33116",262,210,7,259,0,108,0,108,257,0,257,112,268
"E33117","E33117","E33117",530,447,6,522,0,175,0,178,515,0,518,178,211
"E33118","E33118","E33118",359,280,6,339,0,134,0,134,330,0,330,144,386
"E33119","E33119","E33119",120,99,0,120,0,45,0,45,120,0,120,45,67
"E33120","E33120","E33120",1525,1271,25,1511,15,505,30,538,1485,37,1528,537,639
"E33121","E33121","E33121",286,206,5,280,0,111,1,112,279,2,281,116,210
"E33122","E33122","E33122",331,292,0,330,0,106,0,106,335,0,335,107,133
"E33123","E33123","E33123",1633,1351,34,1615,3,591,15,608,1621,20,1643,615,816
"E33124","E33124","E33124",2494,2012,60,2464,16,903,31,938,2419,52,2484,947,1149
"E33125","E33125","E33125",965,733,17,928,0,353,4,357,901,9,910,376,825
"E33126","E33126","E33126",856,636,21,818,0,315,2,321,789,6,799,335,920
"E33127","E33127","E33127",264,235,0,262,0,98,0,99,265,0,266,100,135
"E33128","E33128","E33128",568,490,6,563,0,189,0,189,570,0,570,190,230
"E33129","E33129","E33129",416,369,4,411,0,142,0,143,407,0,409,146,186
"E33130","E33130","E33130",1252,1022,16,1249,0,474,13,488,1236,18,1259,489,561
"E33131","E33131","E33131",935,811,15,925,0,314,2,318,928,2,932,320,407
"E33132","E33132","E33132",621,505,6,619,0,233,0,234,626,0,627,235,283
"E33133","E33133","E33133",1429,1130,7,1417,3,519,0,520,1417,0,1418,521,592
"E33134","E33134","E33134",2156,1644,43,2150,0,798,54,853,2086,78,2165,857,978
"E33135","E33135","E33135",2559,2111,41,2548,17,906,17,926,2435,33,2474,927,1071
"E33136","E33136","E33136",1170,916,52,1161,3,424,0,425,1176,0,1180,425,482
"E33137","E33137","E33137",456,350,2,456,0,163,0,164,454,0,458,165,192
"E33138","E33138","E33138",1131,913,17,1128,5,382,0,384,1150,0,1153,385,439
"E33139","E33139","E33139",1672,1402,17,1662,0,554,0,557,1685,0,1691,557,617
"E33140","E33140","E33140",359,290,5,354,0,123,0,123,362,0,362,124,150
"E33141","E33141","E33141",1146,950,18,1138,1,439,9,451,1121,13,1140,449,524
"E33142","E33142","E33142",1922,1558,56,1913,4,637,28,665,1884,48,1932,667,735
"E33143","E33143","E33143",368,306,6,368,0,126,0,127,369,0,371,126,145
"E33144","E33144","E33144",148,132,2,143,0,47,0,47,138,0,138,49,57
"E33145","E33145","E33145",1521,1297,14,1508,5,570,20,591,1480,34,1515,596,699
"E33146","E33146","E33146",1396,1085,11,1374,1,525,10,537,1363,15,1380,542,602
"E33147","E33147","E33147",4706,3638,163,4607,25,1659,127,1787,4369,179,4550,1789,2167
"E33148","E33148","E33148",860,715,3,857,3,279,0,282,843,0,857,284,315
"E33149","E33149","E33149",640,446,3,631,0,217,0,217,633,0,633,219,244
"E34001","E34001","E34001",2331,1520,157,2293,16,817,135,952,2050,265,2315,959,1141
"E34002","E34002","E34002",1014,587,75,1003,1,302,163,465,642,328,970,467,562
"E34003","E34003","E34003",1127,600,194,1120,0,397,72,470,961,155,1119,472,595
"E34004","E34004","E34004",2285,1186,235,2210,32,585,363,948,1392,687,2079,953,1261
"E34005","E34005","E34005",1001,842,52,996,2,325,8,335,954,23,982,335,383
"E34006","E34006","E34006",779,697,7,777,0,245,0,246,793,0,794,245,268
"E34007","E34007","E34007",4291,3174,244,4261,21,1465,53,1518,4196,91,4287,1524,1668
"E34008","E34008","E34008",323,271,7,321,0,104,0,104,321,0,321,104,125
"E34009","E34009","E34009",827,731,6,825,1,238,0,241,714,0,718,240,266
"E34010","E34010","E34010",704,622,13,702,2,229,0,229,724,0,724,229,256
"E34011","E34011","E34011",571,493,8,571,0,176,0,179,574,0,581,176,194
"E34012","E34012","E34012",515,429,16,509,0,162,0,164,515,0,519,162,188
"E34013","E34013","E34013",742,631,14,738,0,240,2,242,741,2,743,242,280
"E34014","E34014","E34014",819,633,136,817,0,234,0,236,685,0,691,234,263
"E34015","E34015","E34015",1182,976,16,1174,0,397,9,409,1161,11,1177,406,456
"E34016","E34016","E34016",669,539,4,655,0,205,0,207,650,0,655,208,241
"E34017","E34017","E34017",716,626,11,716,0,224,2,228,712,4,720,226,260
"E34018","E34018","E34018",686,602,17,679,0,227,5,234,677,12,693,233,258
"E34019","E34019","E34019",447,413,2,444,0,156,1,159,439,3,446,158,189
"E34020","E34020","E34020",572,442,4,565,0,199,4,204,567,5,573,206,255
"E34021","E34021","E34021",1593,1218,53,1585,0,579,0,581,1568,0,1573,581,647
"E34022","E34022","E34022",318,222,29,318,0,121,45,166,227,97,324,166,288
"E34023","E34023","E34023",272,246,4,269,0,79,2,81,263,3,266,81,103
"E34024","E34024","E34024",831,648,5,825,2,261,0,264,823,0,831,266,310
"E34025","E34025","E34025",715,554,12,713,0,231,5,240,702,12,719,237,265
"E34026","E34026","E34026",378,318,4,377,0,118,0,118,384,0,384,118,138
"E34027","E34027","E34027",3948,2891,120,3926,29,1389,59,1451,3825,82,3911,1454,1585
"E34028","E34028","E34028",748,519,18,746,0,259,2,262,762,2,765,261,295
"E34029","E34029","E34029",705,627,3,701,0,227,1,230,688,2,693,228,250
"E34030","E34030","E34030",1242,1045,18,1230,3,408,5,418,1220,12,1244,416,477
"E34031","E34031","E34031",481,422,5,477,0,166,3,170,476,4,481,169,191
"E34032","E34032","E34032",576,496,7,569,0,192,5,197,576,7,583,198,231
"E34033","E34033","E34033",380,270,3,378,0,132,0,132,386,0,386,132,157
"E34034","E34034","E34034",318,290,3,318,0,107,0,113,312,0,324,107,129
"E34035","E34035","E34035",391,356,6,388,0,124,0,125,378,0,379,125,152
"E34036","E34036","E34036",1612,1178,56,1593,3,602,0,603,1604,0,1606,604,681
"E34037","E34037","E34037",527,479,4,526,0,171,0,174,526,0,531,172,209
"E34038","E34038","E34038",729,595,13,725,1,254,0,255,732,0,733,257,312
"E34039","E34039","E34039",752,659,9,745,0,248,11,261,723,16,742,260,306
"E34040","E34040","E34040",190,166,2,186,0,67,0,69,180,0,187,67,84
"E34041","E34041","E34041",136,105,3,136,0,44,0,44,131,0,131,45,52
"E34042","E34042","E34042",330,292,5,328,0,124,0,125,323,0,329,124,154
"E34043","E34043","E34043",219,191,2,218,0,70,0,71,216,0,217,70,75
"E34044","E34044","E34044",435,374,6,429,0,147,0,150,431,0,434,147,168
"E34045","E34045","E34045",918,758,14,907,0,314,7,322,900,15,917,325,359
"E34046","E34046","E34046",390,331,2,389,0,140,0,140,398,0,398,140,153
"E34047","E34047","E34047",1278,998,9,1266,0,398,2,400,1282,5,1287,404,441
"E34048","E34048","E34048",1571,1135,180,1551,4,482,13,495,1298,23,1321,496,552
"E34049","E34049","E34049",318,243,6,316,0,104,0,104,320,0,320,104,123
"E34050","E34050","E34050",544,468,10,542,0,179,0,181,552,0,555,179,202
"E34051","E34051","E34051",1013,833,12,999,0,331,0,332,1010,0,1015,334,384
"E34052","E34052","E34052",517,393,10,516,0,178,0,180,512,0,520,180,201
"E34053","E34053","E34053",792,590,8,783,0,254,5,263,780,7,798,259,317
"E34054","E34054","E34054",292,212,6,292,0,101,0,104,282,0,289,101,113
"E34055","E34055","E34055",716,619,8,712,0,232,0,234,729,0,733,233,247
"E34056","E34056","E34056",1069,860,14,1064,0,390,2,392,1079,4,1083,392,435
"E34057","E34057","E34057",1158,859,42,1140,0,439,5,446,1150,9,1166,445,494
"E34058","E34058","E34058",548,402,22,537,0,181,0,181,538,0,538,181,197
"E34059","E34059","E34059",556,413,16,550,0,170,0,170,567,0,567,170,193
"E34060","E34060","E34060",964,672,31,926,0,323,2,325,873,4,877,325,399
"E34061","E34061","E34061",614,530,16,612,0,201,0,203,613,0,618,201,221
"E34062","E34062","E34062",508,427,4,500,0,186,0,187,507,0,509,186,220
"E34063","E34063","E34063",6411,4379,261,6287,12,2283,31,2320,6206,61,6283,2319,2564
"E34064","E34064","E34064",974,796,18,966,0,313,1,315,976,2,979,315,363
"E34065","E34065","E34065",1208,1026,21,1198,1,399,1,402,1225,1,1231,400,456
"E34066","E34066","E34066",248,192,6,247,0,86,0,86,246,0,246,86,93
"E34067","E34067","E34067",683,578,14,680,0,225,5,232,660,12,679,234,270
"E34068","E34068","E34068",1008,836,22,1001,0,331,2,340,1000,2,1024,335,372
"E34069","E34069","E34069",905,674,19,898,0,306,0,307,924,0,926,306,345
"E34070","E34070","E34070",658,579,3,655,0,226,1,227,666,4,670,230,257
