Step1,,,,,,,,,Step2,,,,,,,,,,,,,Step3,,,,,,,
Original list 2016,,,,,,,"New codes: S: Sixteen, W:Twentytwo, L: Eleven",,Original list 2022,,,,,Simplified list 2022,Modified list (themes' title is  indicated only in the first case),,,"New codes: S: Sixteen, W:Twentytwo, L: Eleven",,,,Original list 2011,"New codes: S: Sixteen, W:Twentytwo, L: Eleven",,,,,,
,,,,,,Indicator notes for quick search.,,,,,,,,,,,,2022,,,,2011,,,,,,,
,,,,,,,,,,,,,,,,,,,,,,,,,,,,,
,,,,,,,,,,,,,,,,,,,,,,,,,,,,,
,,,,,,,,,,,,,,,,,,,,,,,,,,,,,
,,,,,,,,,,,,,,,,,,,,,,,,,,,,,
,,,,,,,,,,,,,,,,,,,,,,,,,,,,,
,,,,,,,,,,,,,,,,,,,,,,,,,,,,,
,,,,,,,,,,,,,,,,,,,,,,,,,,,,,
,,,,,,,,,,,,,,,,,,,,,,,,,,,,,
,,,,,,,,,,,,,,,,,,,,,,,,,,,,,
,,,,,,,,,,,,,,,,,,,,,,,,,,,,,
,,,,,,,,,,,,,,,,,,,,,,,,,,,,,
,,,,,,,,,,,,,,,,,,,,,,,,,,,,,
,,,,,,,,,,,,,,,,,,,,,,,,,,,,,
,,,,,,,,,,,,,,,,,,,,,,,,,,,,,
,,,,,,,,,,,,,,,,,,,,,,,,,,,,,
,,,,,,,,,,,,,,,,,,,,,,,,,,,,,
,,,,,,Important input? =1,,,,,,,,,,,,Important input? =1,,,,,,,,,,Important input? =1,
Themes,Tables Within Themes,Column Names,Description of Field,Equivalent SAPS2011 Variable (if name changed),Points to Note,,Code2016,,Themes,Tables Within Themes,Column Names,Description of Field,,Themes,Tables Within Themes,Column Names,Description of Field,,Code2022,,,THEME,TABLES WITHIN THEMES,,DESCRIPTION OF FIELD,,,,Code2011
"Theme 1: Sex, Age and Marital Status ",Table 1 ,T1_1AGE0M,Age 0 - Males,,,,S010100,,"Theme 1: Sex, Age and Marital Status ","Table 1: Population aged 0 - 19 by sex and year of age, persons aged 20 years and over by sex and age group",T1_1AGE0M,Age 0 - Males,,"Theme 1: Sex, Age and Marital Status ","Table 1: Population aged 0 - 19 by sex and year of age, persons aged 20 years and over by sex and age group",T1_1AGE0M,Age 0 - Males,,W010100,,,"Theme 1 Sex, Age and Marital Status",Table 1 ,T1_1AGE0M,Age 0 Males,,0,,L010100
,"Population aged 0 - 19 by sex and year of age, persons aged 20 years and over by sex and age group",T1_1AGE1M,Age 1 - Males,,,,S010101,,"Theme 1: Sex, Age and Marital Status ","Table 1: Population aged 0 - 19 by sex and year of age, persons aged 20 years and over by sex and age group",T1_1AGE1M,Age 1 - Males,,,,T1_1AGE1M,Age 1 - Males,,W010101,,,,"Population aged 0-19 by sex and year of age, persons aged 20+ by sex and age group",T1_1AGE1M,Age 1 Males,,1,,L010101
,,T1_1AGE2M,Age 2 - Males,,,,S010102,,"Theme 1: Sex, Age and Marital Status ","Table 1: Population aged 0 - 19 by sex and year of age, persons aged 20 years and over by sex and age group",T1_1AGE2M,Age 2 - Males,,,,T1_1AGE2M,Age 2 - Males,,W010102,,,,,T1_1AGE2M,Age 2 Males,,2,,L010102
,,T1_1AGE3M,Age 3 - Males,,,,S010103,,"Theme 1: Sex, Age and Marital Status ","Table 1: Population aged 0 - 19 by sex and year of age, persons aged 20 years and over by sex and age group",T1_1AGE3M,Age 3 - Males,,,,T1_1AGE3M,Age 3 - Males,,W010103,,,,,T1_1AGE3M,Age 3 Males,,3,,L010103
,,T1_1AGE4M,Age 4 - Males,,,,S010104,,"Theme 1: Sex, Age and Marital Status ","Table 1: Population aged 0 - 19 by sex and year of age, persons aged 20 years and over by sex and age group",T1_1AGE4M,Age 4 - Males,,,,T1_1AGE4M,Age 4 - Males,,W010104,,,,,T1_1AGE4M,Age 4 Males,,4,,L010104
,,T1_1AGE5M,Age 5 - Males,,,,S010105,,"Theme 1: Sex, Age and Marital Status ","Table 1: Population aged 0 - 19 by sex and year of age, persons aged 20 years and over by sex and age group",T1_1AGE5M,Age 5 - Males,,,,T1_1AGE5M,Age 5 - Males,,W010105,,,,,T1_1AGE5M,Age 5 Males,,5,,L010105
,,T1_1AGE6M,Age 6 - Males,,,,S010106,,"Theme 1: Sex, Age and Marital Status ","Table 1: Population aged 0 - 19 by sex and year of age, persons aged 20 years and over by sex and age group",T1_1AGE6M,Age 6 - Males,,,,T1_1AGE6M,Age 6 - Males,,W010106,,,,,T1_1AGE6M,Age 6 Males,,6,,L010106
,,T1_1AGE7M,Age 7 - Males,,,,S010107,,"Theme 1: Sex, Age and Marital Status ","Table 1: Population aged 0 - 19 by sex and year of age, persons aged 20 years and over by sex and age group",T1_1AGE7M,Age 7 - Males,,,,T1_1AGE7M,Age 7 - Males,,W010107,,,,,T1_1AGE7M,Age 7 Males,,7,,L010107
,,T1_1AGE8M,Age 8 - Males,,,,S010108,,"Theme 1: Sex, Age and Marital Status ","Table 1: Population aged 0 - 19 by sex and year of age, persons aged 20 years and over by sex and age group",T1_1AGE8M,Age 8 - Males,,,,T1_1AGE8M,Age 8 - Males,,W010108,,,,,T1_1AGE8M,Age 8 Males,,8,,L010108
,,T1_1AGE9M,Age 9 - Males,,,,S010109,,"Theme 1: Sex, Age and Marital Status ","Table 1: Population aged 0 - 19 by sex and year of age, persons aged 20 years and over by sex and age group",T1_1AGE9M,Age 9 - Males,,,,T1_1AGE9M,Age 9 - Males,,W010109,,,,,T1_1AGE9M,Age 9 Males,,9,,L010109
,,T1_1AGE10M,Age 10 - Males,,,,S010110,,"Theme 1: Sex, Age and Marital Status ","Table 1: Population aged 0 - 19 by sex and year of age, persons aged 20 years and over by sex and age group",T1_1AGE10M,Age 10 - Males,,,,T1_1AGE10M,Age 10 - Males,,W010110,,,,,T1_1AGE10M,Age 10 Males,,10,,L010110
,,T1_1AGE11M,Age 11 - Males,,,,S010111,,"Theme 1: Sex, Age and Marital Status ","Table 1: Population aged 0 - 19 by sex and year of age, persons aged 20 years and over by sex and age group",T1_1AGE11M,Age 11 - Males,,,,T1_1AGE11M,Age 11 - Males,,W010111,,,,,T1_1AGE11M,Age 11 Males,,11,,L010111
,,T1_1AGE12M,Age 12 - Males,,,,S010112,,"Theme 1: Sex, Age and Marital Status ","Table 1: Population aged 0 - 19 by sex and year of age, persons aged 20 years and over by sex and age group",T1_1AGE12M,Age 12 - Males,,,,T1_1AGE12M,Age 12 - Males,,W010112,,,,,T1_1AGE12M,Age 12 Males,,12,,L010112
,,T1_1AGE13M,Age 13 - Males,,,,S010113,,"Theme 1: Sex, Age and Marital Status ","Table 1: Population aged 0 - 19 by sex and year of age, persons aged 20 years and over by sex and age group",T1_1AGE13M,Age 13 - Males,,,,T1_1AGE13M,Age 13 - Males,,W010113,,,,,T1_1AGE13M,Age 13 Males,,13,,L010113
,,T1_1AGE14M,Age 14 - Males,,,,S010114,,"Theme 1: Sex, Age and Marital Status ","Table 1: Population aged 0 - 19 by sex and year of age, persons aged 20 years and over by sex and age group",T1_1AGE14M,Age 14 - Males,,,,T1_1AGE14M,Age 14 - Males,,W010114,,,,,T1_1AGE14M,Age 14 Males,,14,,L010114
,,T1_1AGE15M,Age 15 - Males,,,,S010115,,"Theme 1: Sex, Age and Marital Status ","Table 1: Population aged 0 - 19 by sex and year of age, persons aged 20 years and over by sex and age group",T1_1AGE15M,Age 15 - Males,,,,T1_1AGE15M,Age 15 - Males,,W010115,,,,,T1_1AGE15M,Age 15 Males,,15,,L010115
,,T1_1AGE16M,Age 16 - Males,,,,S010116,,"Theme 1: Sex, Age and Marital Status ","Table 1: Population aged 0 - 19 by sex and year of age, persons aged 20 years and over by sex and age group",T1_1AGE16M,Age 16 - Males,,,,T1_1AGE16M,Age 16 - Males,,W010116,,,,,T1_1AGE16M,Age 16 Males,,16,,L010116
,,T1_1AGE17M,Age 17 - Males,,,,S010117,,"Theme 1: Sex, Age and Marital Status ","Table 1: Population aged 0 - 19 by sex and year of age, persons aged 20 years and over by sex and age group",T1_1AGE17M,Age 17 - Males,,,,T1_1AGE17M,Age 17 - Males,,W010117,,,,,T1_1AGE17M,Age 17 Males,,17,,L010117
,,T1_1AGE18M,Age 18 - Males,,,,S010118,,"Theme 1: Sex, Age and Marital Status ","Table 1: Population aged 0 - 19 by sex and year of age, persons aged 20 years and over by sex and age group",T1_1AGE18M,Age 18 - Males,,,,T1_1AGE18M,Age 18 - Males,,W010118,,,,,T1_1AGE18M,Age 18 Males,,18,,L010118
,,T1_1AGE19M,Age 19 - Males,,,,S010119,,"Theme 1: Sex, Age and Marital Status ","Table 1: Population aged 0 - 19 by sex and year of age, persons aged 20 years and over by sex and age group",T1_1AGE19M,Age 19 - Males,,,,T1_1AGE19M,Age 19 - Males,,W010119,,,,,T1_1AGE19M,Age 19 Males,,19,,L010119
,,T1_1AGE20_24M,Age 20 - 24 - Males,,,,S010120,,"Theme 1: Sex, Age and Marital Status ","Table 1: Population aged 0 - 19 by sex and year of age, persons aged 20 years and over by sex and age group",T1_1AGE20_24M,Age 20 - 24 - Males,,,,T1_1AGE20_24M,Age 20 - 24 - Males,,W010120,,,,,T1_1AGE20_24M,Age 20 -24 Males,,20,,L010120
,,T1_1AGE25_29M,Age 25 - 29 - Males,,,,S010121,,"Theme 1: Sex, Age and Marital Status ","Table 1: Population aged 0 - 19 by sex and year of age, persons aged 20 years and over by sex and age group",T1_1AGE25_29M,Age 25 - 29 - Males,,,,T1_1AGE25_29M,Age 25 - 29 - Males,,W010121,,,,,T1_1AGE25_29M,Age 25 -29 Males,,21,,L010121
,,T1_1AGE30_34M,Age 30 - 34 - Males,,,,S010122,,"Theme 1: Sex, Age and Marital Status ","Table 1: Population aged 0 - 19 by sex and year of age, persons aged 20 years and over by sex and age group",T1_1AGE30_34M,Age 30 - 34 - Males,,,,T1_1AGE30_34M,Age 30 - 34 - Males,,W010122,,,,,T1_1AGE30_34M,Age 30 -34 Males,,22,,L010122
,,T1_1AGE35_39M,Age 35 - 39 - Males,,,,S010123,,"Theme 1: Sex, Age and Marital Status ","Table 1: Population aged 0 - 19 by sex and year of age, persons aged 20 years and over by sex and age group",T1_1AGE35_39M,Age 35 - 39 - Males,,,,T1_1AGE35_39M,Age 35 - 39 - Males,,W010123,,,,,T1_1AGE35_39M,Age 35 -39 Males,,23,,L010123
,,T1_1AGE40_44M,Age 40 - 44 - Males,,,,S010124,,"Theme 1: Sex, Age and Marital Status ","Table 1: Population aged 0 - 19 by sex and year of age, persons aged 20 years and over by sex and age group",T1_1AGE40_44M,Age 40 - 44 - Males,,,,T1_1AGE40_44M,Age 40 - 44 - Males,,W010124,,,,,T1_1AGE40_44M,Age 40 -44 Males,,24,,L010124
,,T1_1AGE45_49M,Age 45 - 49 - Males,,,,S010125,,"Theme 1: Sex, Age and Marital Status ","Table 1: Population aged 0 - 19 by sex and year of age, persons aged 20 years and over by sex and age group",T1_1AGE45_49M,Age 45 - 49 - Males,,,,T1_1AGE45_49M,Age 45 - 49 - Males,,W010125,,,,,T1_1AGE45_49M,Age 45 -49 Males,,25,,L010125
,,T1_1AGE50_54M,Age 50 - 54 - Males,,,,S010126,,"Theme 1: Sex, Age and Marital Status ","Table 1: Population aged 0 - 19 by sex and year of age, persons aged 20 years and over by sex and age group",T1_1AGE50_54M,Age 50 - 54 - Males,,,,T1_1AGE50_54M,Age 50 - 54 - Males,,W010126,,,,,T1_1AGE50_54M,Age 50 -54 Males,,26,,L010126
,,T1_1AGE55_59M,Age 55 - 59 - Males,,,,S010127,,"Theme 1: Sex, Age and Marital Status ","Table 1: Population aged 0 - 19 by sex and year of age, persons aged 20 years and over by sex and age group",T1_1AGE55_59M,Age 55 - 59 - Males,,,,T1_1AGE55_59M,Age 55 - 59 - Males,,W010127,,,,,T1_1AGE55_59M,Age 55 -59 Males,,27,,L010127
,,T1_1AGE60_64M,Age 60 - 64 - Males,,,,S010128,,"Theme 1: Sex, Age and Marital Status ","Table 1: Population aged 0 - 19 by sex and year of age, persons aged 20 years and over by sex and age group",T1_1AGE60_64M,Age 60 - 64 - Males,,,,T1_1AGE60_64M,Age 60 - 64 - Males,,W010128,,,,,T1_1AGE60_64M,Age 60 -64 Males,,28,,L010128
,,T1_1AGE65_69M,Age 65 - 69 - Males,,,,S010129,,"Theme 1: Sex, Age and Marital Status ","Table 1: Population aged 0 - 19 by sex and year of age, persons aged 20 years and over by sex and age group",T1_1AGE65_69M,Age 65 - 69 - Males,,,,T1_1AGE65_69M,Age 65 - 69 - Males,,W010129,,,,,T1_1AGE65_69M,Age 65 -69 Males,,29,,L010129
,,T1_1AGE70_74M,Age 70 - 74 - Males,,,,S010130,,"Theme 1: Sex, Age and Marital Status ","Table 1: Population aged 0 - 19 by sex and year of age, persons aged 20 years and over by sex and age group",T1_1AGE70_74M,Age 70 - 74 - Males,,,,T1_1AGE70_74M,Age 70 - 74 - Males,,W010130,,,,,T1_1AGE70_74M,Age 70 -74 Males,,30,,L010130
,,T1_1AGE75_79M,Age 75 - 79 - Males,,,,S010131,,"Theme 1: Sex, Age and Marital Status ","Table 1: Population aged 0 - 19 by sex and year of age, persons aged 20 years and over by sex and age group",T1_1AGE75_79M,Age 75 - 79 - Males,,,,T1_1AGE75_79M,Age 75 - 79 - Males,,W010131,,,,,T1_1AGE75_79M,Age 75 -79 Males,,31,,L010131
,,T1_1AGE80_84M,Age 80 - 84 - Males,,,,S010132,,"Theme 1: Sex, Age and Marital Status ","Table 1: Population aged 0 - 19 by sex and year of age, persons aged 20 years and over by sex and age group",T1_1AGE80_84M,Age 80 - 84 - Males,,,,T1_1AGE80_84M,Age 80 - 84 - Males,,W010132,,,,,T1_1AGE80_84M,Age 80 -84 Males,,32,,L010132
,,T1_1AGEGE_85M,Age 85 and over - Males,,,,S010133,,"Theme 1: Sex, Age and Marital Status ","Table 1: Population aged 0 - 19 by sex and year of age, persons aged 20 years and over by sex and age group",T1_1AGEGE_85M,Age 85 and over - Males,,,,T1_1AGEGE_85M,Age 85 and over - Males,,W010133,,,,,T1_1AGEGE_85M,Age 85+ Males,,33,,L010133
,,T1_1AGETM,Total - Males,,,,S010134,,"Theme 1: Sex, Age and Marital Status ","Table 1: Population aged 0 - 19 by sex and year of age, persons aged 20 years and over by sex and age group",T1_1AGETM,Total - Males,,,,T1_1AGETM,Total - Males,,W010134,,,,,T1_1AGETM,Total Males,,34,,L010134
,,T1_1AGE0F,Age 0 - Females,,,,S010135,,"Theme 1: Sex, Age and Marital Status ","Table 1: Population aged 0 - 19 by sex and year of age, persons aged 20 years and over by sex and age group",T1_1AGE0F,Age 0 - Females,,,,T1_1AGE0F,Age 0 - Females,,W010135,,,,,T1_1AGE0F,Age 0 Females,,35,,L010135
,,T1_1AGE1F,Age 1 - Females,,,,S010136,,"Theme 1: Sex, Age and Marital Status ","Table 1: Population aged 0 - 19 by sex and year of age, persons aged 20 years and over by sex and age group",T1_1AGE1F,Age 1 - Females,,,,T1_1AGE1F,Age 1 - Females,,W010136,,,,,T1_1AGE1F,Age 1 Females,,36,,L010136
,,T1_1AGE2F,Age 2 - Females,,,,S010137,,"Theme 1: Sex, Age and Marital Status ","Table 1: Population aged 0 - 19 by sex and year of age, persons aged 20 years and over by sex and age group",T1_1AGE2F,Age 2 - Females,,,,T1_1AGE2F,Age 2 - Females,,W010137,,,,,T1_1AGE2F,Age 2 Females,,37,,L010137
,,T1_1AGE3F,Age 3 - Females,,,,S010138,,"Theme 1: Sex, Age and Marital Status ","Table 1: Population aged 0 - 19 by sex and year of age, persons aged 20 years and over by sex and age group",T1_1AGE3F,Age 3 - Females,,,,T1_1AGE3F,Age 3 - Females,,W010138,,,,,T1_1AGE3F,Age 3 Females,,38,,L010138
,,T1_1AGE4F,Age 4 - Females,,,,S010139,,"Theme 1: Sex, Age and Marital Status ","Table 1: Population aged 0 - 19 by sex and year of age, persons aged 20 years and over by sex and age group",T1_1AGE4F,Age 4 - Females,,,,T1_1AGE4F,Age 4 - Females,,W010139,,,,,T1_1AGE4F,Age 4 Females,,39,,L010139
,,T1_1AGE5F,Age 5 - Females,,,,S010140,,"Theme 1: Sex, Age and Marital Status ","Table 1: Population aged 0 - 19 by sex and year of age, persons aged 20 years and over by sex and age group",T1_1AGE5F,Age 5 - Females,,,,T1_1AGE5F,Age 5 - Females,,W010140,,,,,T1_1AGE5F,Age 5 Females,,40,,L010140
,,T1_1AGE6F,Age 6 - Females,,,,S010141,,"Theme 1: Sex, Age and Marital Status ","Table 1: Population aged 0 - 19 by sex and year of age, persons aged 20 years and over by sex and age group",T1_1AGE6F,Age 6 - Females,,,,T1_1AGE6F,Age 6 - Females,,W010141,,,,,T1_1AGE6F,Age 6 Females,,41,,L010141
,,T1_1AGE7F,Age 7 - Females,,,,S010142,,"Theme 1: Sex, Age and Marital Status ","Table 1: Population aged 0 - 19 by sex and year of age, persons aged 20 years and over by sex and age group",T1_1AGE7F,Age 7 - Females,,,,T1_1AGE7F,Age 7 - Females,,W010142,,,,,T1_1AGE7F,Age 7 Females,,42,,L010142
,,T1_1AGE8F,Age 8 - Females,,,,S010143,,"Theme 1: Sex, Age and Marital Status ","Table 1: Population aged 0 - 19 by sex and year of age, persons aged 20 years and over by sex and age group",T1_1AGE8F,Age 8 - Females,,,,T1_1AGE8F,Age 8 - Females,,W010143,,,,,T1_1AGE8F,Age 8 Females,,43,,L010143
,,T1_1AGE9F,Age 9 - Females,,,,S010144,,"Theme 1: Sex, Age and Marital Status ","Table 1: Population aged 0 - 19 by sex and year of age, persons aged 20 years and over by sex and age group",T1_1AGE9F,Age 9 - Females,,,,T1_1AGE9F,Age 9 - Females,,W010144,,,,,T1_1AGE9F,Age 9 Females,,44,,L010144
,,T1_1AGE10F,Age 10 - Females,,,,S010145,,"Theme 1: Sex, Age and Marital Status ","Table 1: Population aged 0 - 19 by sex and year of age, persons aged 20 years and over by sex and age group",T1_1AGE10F,Age 10 - Females,,,,T1_1AGE10F,Age 10 - Females,,W010145,,,,,T1_1AGE10F,Age 10 Females,,45,,L010145
,,T1_1AGE11F,Age 11 - Females,,,,S010146,,"Theme 1: Sex, Age and Marital Status ","Table 1: Population aged 0 - 19 by sex and year of age, persons aged 20 years and over by sex and age group",T1_1AGE11F,Age 11 - Females,,,,T1_1AGE11F,Age 11 - Females,,W010146,,,,,T1_1AGE11F,Age 11 Females,,46,,L010146
,,T1_1AGE12F,Age 12 - Females,,,,S010147,,"Theme 1: Sex, Age and Marital Status ","Table 1: Population aged 0 - 19 by sex and year of age, persons aged 20 years and over by sex and age group",T1_1AGE12F,Age 12 - Females,,,,T1_1AGE12F,Age 12 - Females,,W010147,,,,,T1_1AGE12F,Age 12 Females,,47,,L010147
,,T1_1AGE13F,Age 13 - Females,,,,S010148,,"Theme 1: Sex, Age and Marital Status ","Table 1: Population aged 0 - 19 by sex and year of age, persons aged 20 years and over by sex and age group",T1_1AGE13F,Age 13 - Females,,,,T1_1AGE13F,Age 13 - Females,,W010148,,,,,T1_1AGE13F,Age 13 Females,,48,,L010148
,,T1_1AGE14F,Age 14 - Females,,,,S010149,,"Theme 1: Sex, Age and Marital Status ","Table 1: Population aged 0 - 19 by sex and year of age, persons aged 20 years and over by sex and age group",T1_1AGE14F,Age 14 - Females,,,,T1_1AGE14F,Age 14 - Females,,W010149,,,,,T1_1AGE14F,Age 14 Females,,49,,L010149
,,T1_1AGE15F,Age 15 - Females,,,,S010150,,"Theme 1: Sex, Age and Marital Status ","Table 1: Population aged 0 - 19 by sex and year of age, persons aged 20 years and over by sex and age group",T1_1AGE15F,Age 15 - Females,,,,T1_1AGE15F,Age 15 - Females,,W010150,,,,,T1_1AGE15F,Age 15 Females,,50,,L010150
,,T1_1AGE16F,Age 16 - Females,,,,S010151,,"Theme 1: Sex, Age and Marital Status ","Table 1: Population aged 0 - 19 by sex and year of age, persons aged 20 years and over by sex and age group",T1_1AGE16F,Age 16 - Females,,,,T1_1AGE16F,Age 16 - Females,,W010151,,,,,T1_1AGE16F,Age 16 Females,,51,,L010151
,,T1_1AGE17F,Age 17 - Females,,,,S010152,,"Theme 1: Sex, Age and Marital Status ","Table 1: Population aged 0 - 19 by sex and year of age, persons aged 20 years and over by sex and age group",T1_1AGE17F,Age 17 - Females,,,,T1_1AGE17F,Age 17 - Females,,W010152,,,,,T1_1AGE17F,Age 17 Females,,52,,L010152
,,T1_1AGE18F,Age 18 - Females,,,,S010153,,"Theme 1: Sex, Age and Marital Status ","Table 1: Population aged 0 - 19 by sex and year of age, persons aged 20 years and over by sex and age group",T1_1AGE18F,Age 18 - Females,,,,T1_1AGE18F,Age 18 - Females,,W010153,,,,,T1_1AGE18F,Age 18 Females,,53,,L010153
,,T1_1AGE19F,Age 19 - Females,,,,S010154,,"Theme 1: Sex, Age and Marital Status ","Table 1: Population aged 0 - 19 by sex and year of age, persons aged 20 years and over by sex and age group",T1_1AGE19F,Age 19 - Females,,,,T1_1AGE19F,Age 19 - Females,,W010154,,,,,T1_1AGE19F,Age 19 Females,,54,,L010154
,,T1_1AGE20_24F,Age 20 - 24 - Females,,,,S010155,,"Theme 1: Sex, Age and Marital Status ","Table 1: Population aged 0 - 19 by sex and year of age, persons aged 20 years and over by sex and age group",T1_1AGE20_24F,Age 20 - 24 - Females,,,,T1_1AGE20_24F,Age 20 - 24 - Females,,W010155,,,,,T1_1AGE20_24F,Age 20 -24 Females,,55,,L010155
,,T1_1AGE25_29F,Age 25 - 29 - Females,,,,S010156,,"Theme 1: Sex, Age and Marital Status ","Table 1: Population aged 0 - 19 by sex and year of age, persons aged 20 years and over by sex and age group",T1_1AGE25_29F,Age 25 - 29 - Females,,,,T1_1AGE25_29F,Age 25 - 29 - Females,,W010156,,,,,T1_1AGE25_29F,Age 25 -29 Females,,56,,L010156
,,T1_1AGE30_34F,Age 30 - 34 - Females,,,,S010157,,"Theme 1: Sex, Age and Marital Status ","Table 1: Population aged 0 - 19 by sex and year of age, persons aged 20 years and over by sex and age group",T1_1AGE30_34F,Age 30 - 34 - Females,,,,T1_1AGE30_34F,Age 30 - 34 - Females,,W010157,,,,,T1_1AGE30_34F,Age 30 -34 Females,,57,,L010157
,,T1_1AGE35_39F,Age 35 - 39 - Females,,,,S010158,,"Theme 1: Sex, Age and Marital Status ","Table 1: Population aged 0 - 19 by sex and year of age, persons aged 20 years and over by sex and age group",T1_1AGE35_39F,Age 35 - 39 - Females,,,,T1_1AGE35_39F,Age 35 - 39 - Females,,W010158,,,,,T1_1AGE35_39F,Age 35 -39 Females,,58,,L010158
,,T1_1AGE40_44F,Age 40 - 44 - Females,,,,S010159,,"Theme 1: Sex, Age and Marital Status ","Table 1: Population aged 0 - 19 by sex and year of age, persons aged 20 years and over by sex and age group",T1_1AGE40_44F,Age 40 - 44 - Females,,,,T1_1AGE40_44F,Age 40 - 44 - Females,,W010159,,,,,T1_1AGE40_44F,Age 40 -44 Females,,59,,L010159
,,T1_1AGE45_49F,Age 45 - 49 - Females,,,,S010160,,"Theme 1: Sex, Age and Marital Status ","Table 1: Population aged 0 - 19 by sex and year of age, persons aged 20 years and over by sex and age group",T1_1AGE45_49F,Age 45 - 49 - Females,,,,T1_1AGE45_49F,Age 45 - 49 - Females,,W010160,,,,,T1_1AGE45_49F,Age 45 -49 Females,,60,,L010160
,,T1_1AGE50_54F,Age 50 - 54 - Females,,,,S010161,,"Theme 1: Sex, Age and Marital Status ","Table 1: Population aged 0 - 19 by sex and year of age, persons aged 20 years and over by sex and age group",T1_1AGE50_54F,Age 50 - 54 - Females,,,,T1_1AGE50_54F,Age 50 - 54 - Females,,W010161,,,,,T1_1AGE50_54F,Age 50 -54 Females,,61,,L010161
,,T1_1AGE55_59F,Age 55 - 59 - Females,,,,S010162,,"Theme 1: Sex, Age and Marital Status ","Table 1: Population aged 0 - 19 by sex and year of age, persons aged 20 years and over by sex and age group",T1_1AGE55_59F,Age 55 - 59 - Females,,,,T1_1AGE55_59F,Age 55 - 59 - Females,,W010162,,,,,T1_1AGE55_59F,Age 55 -59 Females,,62,,L010162
,,T1_1AGE60_64F,Age 60 - 64 - Females,,,,S010163,,"Theme 1: Sex, Age and Marital Status ","Table 1: Population aged 0 - 19 by sex and year of age, persons aged 20 years and over by sex and age group",T1_1AGE60_64F,Age 60 - 64 - Females,,,,T1_1AGE60_64F,Age 60 - 64 - Females,,W010163,,,,,T1_1AGE60_64F,Age 60 -64 Females,,63,,L010163
,,T1_1AGE65_69F,Age 65 - 69 - Females,,,,S010164,,"Theme 1: Sex, Age and Marital Status ","Table 1: Population aged 0 - 19 by sex and year of age, persons aged 20 years and over by sex and age group",T1_1AGE65_69F,Age 65 - 69 - Females,,,,T1_1AGE65_69F,Age 65 - 69 - Females,,W010164,,,,,T1_1AGE65_69F,Age 65 -69 Females,,64,,L010164
,,T1_1AGE70_74F,Age 70 - 74 - Females,,,,S010165,,"Theme 1: Sex, Age and Marital Status ","Table 1: Population aged 0 - 19 by sex and year of age, persons aged 20 years and over by sex and age group",T1_1AGE70_74F,Age 70 - 74 - Females,,,,T1_1AGE70_74F,Age 70 - 74 - Females,,W010165,,,,,T1_1AGE70_74F,Age 70 -74 Females,,65,,L010165
,,T1_1AGE75_79F,Age 75 - 79 - Females,,,,S010166,,"Theme 1: Sex, Age and Marital Status ","Table 1: Population aged 0 - 19 by sex and year of age, persons aged 20 years and over by sex and age group",T1_1AGE75_79F,Age 75 - 79 - Females,,,,T1_1AGE75_79F,Age 75 - 79 - Females,,W010166,,,,,T1_1AGE75_79F,Age 75 -79 Females,,66,,L010166
,,T1_1AGE80_84F,Age 80 - 84 - Females,,,,S010167,,"Theme 1: Sex, Age and Marital Status ","Table 1: Population aged 0 - 19 by sex and year of age, persons aged 20 years and over by sex and age group",T1_1AGE80_84F,Age 80 - 84 - Females,,,,T1_1AGE80_84F,Age 80 - 84 - Females,,W010167,,,,,T1_1AGE80_84F,Age 80 -84 Females,,67,,L010167
,,T1_1AGEGE_85F,Age 85 and over - Females,,,,S010168,,"Theme 1: Sex, Age and Marital Status ","Table 1: Population aged 0 - 19 by sex and year of age, persons aged 20 years and over by sex and age group",T1_1AGEGE_85F,Age 85 and over - Females,,,,T1_1AGEGE_85F,Age 85 and over - Females,,W010168,,,,,T1_1AGEGE_85F,Age 85+ Females,,68,,L010168
,,T1_1AGETF,Total - Females,,,,S010169,,"Theme 1: Sex, Age and Marital Status ","Table 1: Population aged 0 - 19 by sex and year of age, persons aged 20 years and over by sex and age group",T1_1AGETF,Total - Females,,,,T1_1AGETF,Total - Females,,W010169,,,,,T1_1AGETF,Total Females,,69,,L010169
,,T1_1AGE0T,Age 0 - Total,,,,S010170,,"Theme 1: Sex, Age and Marital Status ","Table 1: Population aged 0 - 19 by sex and year of age, persons aged 20 years and over by sex and age group",T1_1AGE0T,Age 0 - Total,,,,T1_1AGE0T,Age 0 - Total,,W010170,,,,,T1_1AGE0T,Age 0 Total,,70,,L010170
,,T1_1AGE1T,Age 1 - Total,,,,S010171,,"Theme 1: Sex, Age and Marital Status ","Table 1: Population aged 0 - 19 by sex and year of age, persons aged 20 years and over by sex and age group",T1_1AGE1T,Age 1 - Total,,,,T1_1AGE1T,Age 1 - Total,,W010171,,,,,T1_1AGE1T,Age 1 Total,,71,,L010171
,,T1_1AGE2T,Age 2 - Total,,,,S010172,,"Theme 1: Sex, Age and Marital Status ","Table 1: Population aged 0 - 19 by sex and year of age, persons aged 20 years and over by sex and age group",T1_1AGE2T,Age 2 - Total,,,,T1_1AGE2T,Age 2 - Total,,W010172,,,,,T1_1AGE2T,Age 2 Total,,72,,L010172
,,T1_1AGE3T,Age 3 - Total,,,,S010173,,"Theme 1: Sex, Age and Marital Status ","Table 1: Population aged 0 - 19 by sex and year of age, persons aged 20 years and over by sex and age group",T1_1AGE3T,Age 3 - Total,,,,T1_1AGE3T,Age 3 - Total,,W010173,,,,,T1_1AGE3T,Age 3 Total,,73,,L010173
,,T1_1AGE4T,Age 4 - Total,,,,S010174,,"Theme 1: Sex, Age and Marital Status ","Table 1: Population aged 0 - 19 by sex and year of age, persons aged 20 years and over by sex and age group",T1_1AGE4T,Age 4 - Total,,,,T1_1AGE4T,Age 4 - Total,,W010174,,,,,T1_1AGE4T,Age 4 Total,,74,,L010174
,,T1_1AGE5T,Age 5 - Total,,,,S010175,,"Theme 1: Sex, Age and Marital Status ","Table 1: Population aged 0 - 19 by sex and year of age, persons aged 20 years and over by sex and age group",T1_1AGE5T,Age 5 - Total,,,,T1_1AGE5T,Age 5 - Total,,W010175,,,,,T1_1AGE5T,Age 5 Total,,75,,L010175
,,T1_1AGE6T,Age 6 - Total,,,,S010176,,"Theme 1: Sex, Age and Marital Status ","Table 1: Population aged 0 - 19 by sex and year of age, persons aged 20 years and over by sex and age group",T1_1AGE6T,Age 6 - Total,,,,T1_1AGE6T,Age 6 - Total,,W010176,,,,,T1_1AGE6T,Age 6 Total,,76,,L010176
,,T1_1AGE7T,Age 7 - Total,,,,S010177,,"Theme 1: Sex, Age and Marital Status ","Table 1: Population aged 0 - 19 by sex and year of age, persons aged 20 years and over by sex and age group",T1_1AGE7T,Age 7 - Total,,,,T1_1AGE7T,Age 7 - Total,,W010177,,,,,T1_1AGE7T,Age 7 Total,,77,,L010177
,,T1_1AGE8T,Age 8 - Total,,,,S010178,,"Theme 1: Sex, Age and Marital Status ","Table 1: Population aged 0 - 19 by sex and year of age, persons aged 20 years and over by sex and age group",T1_1AGE8T,Age 8 - Total,,,,T1_1AGE8T,Age 8 - Total,,W010178,,,,,T1_1AGE8T,Age 8 Total,,78,,L010178
,,T1_1AGE9T,Age 9 - Total,,,,S010179,,"Theme 1: Sex, Age and Marital Status ","Table 1: Population aged 0 - 19 by sex and year of age, persons aged 20 years and over by sex and age group",T1_1AGE9T,Age 9 - Total,,,,T1_1AGE9T,Age 9 - Total,,W010179,,,,,T1_1AGE9T,Age 9 Total,,79,,L010179
,,T1_1AGE10T,Age 10 - Total,,,,S010180,,"Theme 1: Sex, Age and Marital Status ","Table 1: Population aged 0 - 19 by sex and year of age, persons aged 20 years and over by sex and age group",T1_1AGE10T,Age 10 - Total,,,,T1_1AGE10T,Age 10 - Total,,W010180,,,,,T1_1AGE10T,Age 10 Total,,80,,L010180
,,T1_1AGE11T,Age 11 - Total,,,,S010181,,"Theme 1: Sex, Age and Marital Status ","Table 1: Population aged 0 - 19 by sex and year of age, persons aged 20 years and over by sex and age group",T1_1AGE11T,Age 11 - Total,,,,T1_1AGE11T,Age 11 - Total,,W010181,,,,,T1_1AGE11T,Age 11 Total,,81,,L010181
,,T1_1AGE12T,Age 12 - Total,,,,S010182,,"Theme 1: Sex, Age and Marital Status ","Table 1: Population aged 0 - 19 by sex and year of age, persons aged 20 years and over by sex and age group",T1_1AGE12T,Age 12 - Total,,,,T1_1AGE12T,Age 12 - Total,,W010182,,,,,T1_1AGE12T,Age 12 Total,,82,,L010182
,,T1_1AGE13T,Age 13 - Total,,,,S010183,,"Theme 1: Sex, Age and Marital Status ","Table 1: Population aged 0 - 19 by sex and year of age, persons aged 20 years and over by sex and age group",T1_1AGE13T,Age 13 - Total,,,,T1_1AGE13T,Age 13 - Total,,W010183,,,,,T1_1AGE13T,Age 13 Total,,83,,L010183
,,T1_1AGE14T,Age 14 - Total,,,,S010184,,"Theme 1: Sex, Age and Marital Status ","Table 1: Population aged 0 - 19 by sex and year of age, persons aged 20 years and over by sex and age group",T1_1AGE14T,Age 14 - Total,,,,T1_1AGE14T,Age 14 - Total,,W010184,,,,,T1_1AGE14T,Age 14 Total,,84,,L010184
,,T1_1AGE15T,Age 15 - Total,,,,S010185,,"Theme 1: Sex, Age and Marital Status ","Table 1: Population aged 0 - 19 by sex and year of age, persons aged 20 years and over by sex and age group",T1_1AGE15T,Age 15 - Total,,,,T1_1AGE15T,Age 15 - Total,,W010185,,,,,T1_1AGE15T,Age 15 Total,,85,,L010185
,,T1_1AGE16T,Age 16 - Total,,,,S010186,,"Theme 1: Sex, Age and Marital Status ","Table 1: Population aged 0 - 19 by sex and year of age, persons aged 20 years and over by sex and age group",T1_1AGE16T,Age 16 - Total,,,,T1_1AGE16T,Age 16 - Total,,W010186,,,,,T1_1AGE16T,Age 16 Total,,86,,L010186
,,T1_1AGE17T,Age 17 - Total,,,,S010187,,"Theme 1: Sex, Age and Marital Status ","Table 1: Population aged 0 - 19 by sex and year of age, persons aged 20 years and over by sex and age group",T1_1AGE17T,Age 17 - Total,,,,T1_1AGE17T,Age 17 - Total,,W010187,,,,,T1_1AGE17T,Age 17 Total,,87,,L010187
,,T1_1AGE18T,Age 18 - Total,,,,S010188,,"Theme 1: Sex, Age and Marital Status ","Table 1: Population aged 0 - 19 by sex and year of age, persons aged 20 years and over by sex and age group",T1_1AGE18T,Age 18 - Total,,,,T1_1AGE18T,Age 18 - Total,,W010188,,,,,T1_1AGE18T,Age 18 Total,,88,,L010188
,,T1_1AGE19T,Age 19 - Total,,,,S010189,,"Theme 1: Sex, Age and Marital Status ","Table 1: Population aged 0 - 19 by sex and year of age, persons aged 20 years and over by sex and age group",T1_1AGE19T,Age 19 - Total,,,,T1_1AGE19T,Age 19 - Total,,W010189,,,,,T1_1AGE19T,Age 19 Total,,89,,L010189
,,T1_1AGE20_24T,Age 20 - 24 - Total,,,,S010190,,"Theme 1: Sex, Age and Marital Status ","Table 1: Population aged 0 - 19 by sex and year of age, persons aged 20 years and over by sex and age group",T1_1AGE20_24T,Age 20 - 24 - Total,,,,T1_1AGE20_24T,Age 20 - 24 - Total,,W010190,,,,,T1_1AGE20_24T,Age 20 -24 Total,,90,,L010190
,,T1_1AGE25_29T,Age 25 - 29 - Total,,,,S010191,,"Theme 1: Sex, Age and Marital Status ","Table 1: Population aged 0 - 19 by sex and year of age, persons aged 20 years and over by sex and age group",T1_1AGE25_29T,Age 25 - 29 - Total,,,,T1_1AGE25_29T,Age 25 - 29 - Total,,W010191,,,,,T1_1AGE25_29T,Age 25 -29 Total,,91,,L010191
,,T1_1AGE30_34T,Age 30 - 34 - Total,,,,S010192,,"Theme 1: Sex, Age and Marital Status ","Table 1: Population aged 0 - 19 by sex and year of age, persons aged 20 years and over by sex and age group",T1_1AGE30_34T,Age 30 - 34 - Total,,,,T1_1AGE30_34T,Age 30 - 34 - Total,,W010192,,,,,T1_1AGE30_34T,Age 30 -34 Total,,92,,L010192
,,T1_1AGE35_39T,Age 35 - 39 - Total,,,,S010193,,"Theme 1: Sex, Age and Marital Status ","Table 1: Population aged 0 - 19 by sex and year of age, persons aged 20 years and over by sex and age group",T1_1AGE35_39T,Age 35 - 39 - Total,,,,T1_1AGE35_39T,Age 35 - 39 - Total,,W010193,,,,,T1_1AGE35_39T,Age 35 -39 Total,,93,,L010193
,,T1_1AGE40_44T,Age 40 - 44 - Total,,,,S010194,,"Theme 1: Sex, Age and Marital Status ","Table 1: Population aged 0 - 19 by sex and year of age, persons aged 20 years and over by sex and age group",T1_1AGE40_44T,Age 40 - 44 - Total,,,,T1_1AGE40_44T,Age 40 - 44 - Total,,W010194,,,,,T1_1AGE40_44T,Age 40 -44 Total,,94,,L010194
,,T1_1AGE45_49T,Age 45 - 49 - Total,,,,S010195,,"Theme 1: Sex, Age and Marital Status ","Table 1: Population aged 0 - 19 by sex and year of age, persons aged 20 years and over by sex and age group",T1_1AGE45_49T,Age 45 - 49 - Total,,,,T1_1AGE45_49T,Age 45 - 49 - Total,,W010195,,,,,T1_1AGE45_49T,Age 45 -49 Total,,95,,L010195
,,T1_1AGE50_54T,Age 50 - 54 - Total,,,,S010196,,"Theme 1: Sex, Age and Marital Status ","Table 1: Population aged 0 - 19 by sex and year of age, persons aged 20 years and over by sex and age group",T1_1AGE50_54T,Age 50 - 54 - Total,,,,T1_1AGE50_54T,Age 50 - 54 - Total,,W010196,,,,,T1_1AGE50_54T,Age 50 -54 Total,,96,,L010196
,,T1_1AGE55_59T,Age 55 - 59 - Total,,,,S010197,,"Theme 1: Sex, Age and Marital Status ","Table 1: Population aged 0 - 19 by sex and year of age, persons aged 20 years and over by sex and age group",T1_1AGE55_59T,Age 55 - 59 - Total,,,,T1_1AGE55_59T,Age 55 - 59 - Total,,W010197,,,,,T1_1AGE55_59T,Age 55 -59 Total,,97,,L010197
,,T1_1AGE60_64T,Age 60 - 64 - Total,,,,S010198,,"Theme 1: Sex, Age and Marital Status ","Table 1: Population aged 0 - 19 by sex and year of age, persons aged 20 years and over by sex and age group",T1_1AGE60_64T,Age 60 - 64 - Total,,,,T1_1AGE60_64T,Age 60 - 64 - Total,,W010198,,,,,T1_1AGE60_64T,Age 60 -64 Total,,98,,L010198
,,T1_1AGE65_69T,Age 65 - 69 - Total,,,,S010199,,"Theme 1: Sex, Age and Marital Status ","Table 1: Population aged 0 - 19 by sex and year of age, persons aged 20 years and over by sex and age group",T1_1AGE65_69T,Age 65 - 69 - Total,,,,T1_1AGE65_69T,Age 65 - 69 - Total,,W010199,,,,,T1_1AGE65_69T,Age 65 -69 Total,,99,,L010199
,,T1_1AGE70_74T,Age 70 - 74 - Total,,,,S0101100,,"Theme 1: Sex, Age and Marital Status ","Table 1: Population aged 0 - 19 by sex and year of age, persons aged 20 years and over by sex and age group",T1_1AGE70_74T,Age 70 - 74 - Total,,,,T1_1AGE70_74T,Age 70 - 74 - Total,,W0101100,,,,,T1_1AGE70_74T,Age 70 -74 Total,,100,,L0101100
,,T1_1AGE75_79T,Age 75 - 79 - Total,,,,S0101101,,"Theme 1: Sex, Age and Marital Status ","Table 1: Population aged 0 - 19 by sex and year of age, persons aged 20 years and over by sex and age group",T1_1AGE75_79T,Age 75 - 79 - Total,,,,T1_1AGE75_79T,Age 75 - 79 - Total,,W0101101,,,,,T1_1AGE75_79T,Age 75 -79 Total,,101,,L0101101
,,T1_1AGE80_84T,Age 80 - 84 - Total,,,,S0101102,,"Theme 1: Sex, Age and Marital Status ","Table 1: Population aged 0 - 19 by sex and year of age, persons aged 20 years and over by sex and age group",T1_1AGE80_84T,Age 80 - 84 - Total,,,,T1_1AGE80_84T,Age 80 - 84 - Total,,W0101102,,,,,T1_1AGE80_84T,Age 80 -84 Total,,102,,L0101102
,,T1_1AGEGE_85T,Age 85 and over - Total,,,,S0101103,,"Theme 1: Sex, Age and Marital Status ","Table 1: Population aged 0 - 19 by sex and year of age, persons aged 20 years and over by sex and age group",T1_1AGEGE_85T,Age 85 and over - Total,,,,T1_1AGEGE_85T,Age 85 and over - Total,,W0101103,,,,,T1_1AGEGE_85T,Age 85+ Total,,103,,L0101103
,,T1_1AGETT,Total,,,1,S0101104,,"Theme 1: Sex, Age and Marital Status ","Table 1: Population aged 0 - 19 by sex and year of age, persons aged 20 years and over by sex and age group",T1_1AGETT,Total,,,,T1_1AGETT,Total,1,W0101104,,,,,T1_1AGETT,Total,,104,1,L0101104
"Theme 1: Sex, Age and Marital Status ",Table 2,T1_2SGLM,Single - Males,,Married now includes same sex married couples and same sex civil partnerships,,S010200,,"Theme 1: Sex, Age and Marital Status ",Table 2: Population by sex and marital status,T1_2SGLM,Single - Males,,,Table 2: Population by sex and marital status,T1_2SGLM,Single - Males,,W010200,,,"Theme 1 Sex, Age and Marital Status",Table 2,T1_2SGLM,Single Males,,0,,L010200
,Population by sex and marital status,T1_2MARM,Married (incl. same sex civil partnership) - Males,,,,S010201,,"Theme 1: Sex, Age and Marital Status ",Table 2: Population by sex and marital status,T1_2MARM,Married (incl. same sex civil partnership) - Males,,,,T1_2MARM,Married (incl. same sex civil partnership) - Males,,W010201,,,,Population by sex and marital status,T1_2MARM,Maried Males,,1,,L010201
,,T1_2SEPM,Separated - Males,,,,S010202,,"Theme 1: Sex, Age and Marital Status ",Table 2: Population by sex and marital status,T1_2SEPM,Separated - Males,,,,T1_2SEPM,Separated - Males,,W010202,,,,,T1_2SEPM,Separated Males,,2,,L010202
,,T1_2DIVM,Divorced - Males,,,,S010203,,"Theme 1: Sex, Age and Marital Status ",Table 2: Population by sex and marital status,T1_2DIVM,Divorced - Males,,,,T1_2DIVM,Divorced - Males,,W010203,,,,,T1_2DIVM,Divorced Males,,3,,L010203
,,T1_2WIDM,Widowed - Males,,,,S010204,,"Theme 1: Sex, Age and Marital Status ",Table 2: Population by sex and marital status,T1_2WIDM,Widowed - Males,,,,T1_2WIDM,Widowed - Males,,W010204,,,,,T1_2WIDM,Widowed Males,,4,,L010204
,,T1_2TM,Total - Males,,,,S010205,,"Theme 1: Sex, Age and Marital Status ",Table 2: Population by sex and marital status,T1_2TM,Total - Males,,,,T1_2TM,Total - Males,,W010205,,,,,T1_2TM,Total Males,,5,,L010205
,,T1_2SGLF,Single - Females,,,,S010206,,"Theme 1: Sex, Age and Marital Status ",Table 2: Population by sex and marital status,T1_2SGLF,Single - Females,,,,T1_2SGLF,Single - Females,,W010206,,,,,T1_2SGLF,Single Females,,6,,L010206
,,T1_2MARF,Married (incl. same sex civil partnership) - Females,,,,S010207,,"Theme 1: Sex, Age and Marital Status ",Table 2: Population by sex and marital status,T1_2MARF,Married (incl. same sex civil partnership) - Females,,,,T1_2MARF,Married (incl. same sex civil partnership) - Females,,W010207,,,,,T1_2MARF,Maried Females,,7,,L010207
,,T1_2SEPF,Separated - Females,,,,S010208,,"Theme 1: Sex, Age and Marital Status ",Table 2: Population by sex and marital status,T1_2SEPF,Separated - Females,,,,T1_2SEPF,Separated - Females,,W010208,,,,,T1_2SEPF,SeparatedFemales,,8,,L010208
,,T1_2DIVF,Divorced - Females,,,,S010209,,"Theme 1: Sex, Age and Marital Status ",Table 2: Population by sex and marital status,T1_2DIVF,Divorced - Females,,,,T1_2DIVF,Divorced - Females,,W010209,,,,,T1_2DIVF,Divorced Females,,9,,L010209
,,T1_2WIDF,Widowed - Females,,,,S010210,,"Theme 1: Sex, Age and Marital Status ",Table 2: Population by sex and marital status,T1_2WIDF,Widowed - Females,,,,T1_2WIDF,Widowed - Females,,W010210,,,,,T1_2WIDF,Widowed Females,,10,,L010210
,,T1_2TF,Total - Females,,,,S010211,,"Theme 1: Sex, Age and Marital Status ",Table 2: Population by sex and marital status,T1_2TF,Total - Females,,,,T1_2TF,Total - Females,,W010211,,,,,T1_2TF,Total Females,,11,,L010211
,,T1_2SGLT,Single - Total,,,,S010212,,"Theme 1: Sex, Age and Marital Status ",Table 2: Population by sex and marital status,T1_2SGLT,Single - Total,,,,T1_2SGLT,Single - Total,,W010212,,,,,T1_2SGLT,Single Total,,12,,L010212
,,T1_2MART,Married (incl. same sex civil partnership) - Total,,,,S010213,,"Theme 1: Sex, Age and Marital Status ",Table 2: Population by sex and marital status,T1_2MART,Married (incl. same sex civil partnership) - Total,,,,T1_2MART,Married (incl. same sex civil partnership) - Total,,W010213,,,,,T1_2MART,Maried Total,,13,,L010213
,,T1_2SEPT,Separated - Total,,,,S010214,,"Theme 1: Sex, Age and Marital Status ",Table 2: Population by sex and marital status,T1_2SEPT,Separated - Total,,,,T1_2SEPT,Separated - Total,,W010214,,,,,T1_2SEPT,Separated Total,,14,,L010214
,,T1_2DIVT,Divorced - Total,,,,S010215,,"Theme 1: Sex, Age and Marital Status ",Table 2: Population by sex and marital status,T1_2DIVT,Divorced - Total,,,,T1_2DIVT,Divorced - Total,,W010215,,,,,T1_2DIVT,Divorced Total,,15,,L010215
,,T1_2WIDT,Widowed - Total,,,,S010216,,"Theme 1: Sex, Age and Marital Status ",Table 2: Population by sex and marital status,T1_2WIDT,Widowed - Total,,,,T1_2WIDT,Widowed - Total,,W010216,,,,,T1_2WIDT,Widowed Total,,16,,L010216
,,T1_2T,Total ,,,,S010217,,"Theme 1: Sex, Age and Marital Status ",Table 2: Population by sex and marital status,T1_2T,Total ,,,,T1_2T,Total ,,W010217,,,,,T1_2T,Total ,,17,,L010217
"Theme 2: Migration, Ethnicity, Religion and Foreign Languages",Table 1,T2_1IEBP,Ireland - Birthplace,,EU Figure now includes Croatia,1,S020100,,"Theme 2: Migration, Ethnicity, Religion and Foreign Languages",Table 1: Usually resident population by place of birth and citizenship,T2_1IEBP,Ireland - Birthplace,,"Theme 2: Migration, Ethnicity, Religion and Foreign Languages",Table 1: Usually resident population by place of birth and citizenship,T2_1IEBP,Ireland - Birthplace,1,W020100,,,"Theme 2 Migration, Ethnicity and Religion",Table 1,T2_1IEBP,Ireland Place of Birth,,0,1,L020100
,Usually resident population by place of birth and nationality ,T2_1UKBP,UK - Birthplace,,,,S020101,,"Theme 2: Migration, Ethnicity, Religion and Foreign Languages",Table 1: Usually resident population by place of birth and citizenship,T2_1UKBP,UK - Birthplace,,,,T2_1UKBP,UK - Birthplace,,W020101,,,,Usually resident population by place of birth and nationality ,T2_1UKBP,UK Place of Birth,,1,,L020101
,,T2_1PLBP,Poland - Birthplace,,,,S020102,,"Theme 2: Migration, Ethnicity, Religion and Foreign Languages",Table 1: Usually resident population by place of birth and citizenship,T2_1PLBP,Poland - Birthplace,,,,T2_1PLBP,Poland - Birthplace,,W020102,,,,,T2_1PLBP,Poland Place of Birth,,2,,L020102
,,T2_1LTBP,Lithuania - Birthplace,,,,S020103,,"Theme 2: Migration, Ethnicity, Religion and Foreign Languages",Table 1: Usually resident population by place of birth and citizenship,T2_1INBP,India - Birthplace,,,,T2_1INBP,India - Birthplace,1,W020103,,,,,T2_1LTBP,Lithuania Place of Birth,,3,,L020103
,,T2_1EUBP,Other EU28 - Birthplace,,,,S020104,,"Theme 2: Migration, Ethnicity, Religion and Foreign Languages",Table 1: Usually resident population by place of birth and citizenship,T2_1EUBP,Other EU27 (2020) ? Birthplace,,,,T2_1EUBP,Other EU27 (2020) ? Birthplace,,W020104,,,,,T2_1EUBP,Other EU 27 Place of Birth,,4,,L020104
,,T2_1RWBP,Rest of world - Birthplace,,,1,S020105,,"Theme 2: Migration, Ethnicity, Religion and Foreign Languages",Table 1: Usually resident population by place of birth and citizenship,T2_1RWBP,Rest of world - Birthplace,,,,T2_1RWBP,Rest of world - Birthplace,1,W020105,,,,,T2_1RWBP,Rest of World Place of Birth,,5,1,L020105
,,T2_1TBP,Total - Birthplace,,,1,S020106,,"Theme 2: Migration, Ethnicity, Religion and Foreign Languages",Table 1: Usually resident population by place of birth and citizenship,T2_1TBP,Total - Birthplace,,,,T2_1TBP,Total - Birthplace,1,W020106,,,,,T2_1NSBP,Not stated Place of Birth,,6,1,L020106
,,T2_1IEN,Ireland - Nationality,,,,S020107,,"Theme 2: Migration, Ethnicity, Religion and Foreign Languages",Table 1: Usually resident population by place of birth and citizenship,T2_1IEC,Ireland - Citizenship,,,,T2_1IEC,Ireland - Citizenship,,W020107,,,,,T2_1TBP,Total Place of Birth,,7,1,L020107
,,T2_1UKN,UK - Nationality,,,,S020108,,"Theme 2: Migration, Ethnicity, Religion and Foreign Languages",Table 1: Usually resident population by place of birth and citizenship,T2_1UKC,UK - Citizenship,,,,T2_1UKC,UK - Citizenship,,W020108,,,,,T2_1IEN,Irish by Nationality,,8,,L020108
,,T2_1PLN,Poland - Nationality,,,,S020109,,"Theme 2: Migration, Ethnicity, Religion and Foreign Languages",Table 1: Usually resident population by place of birth and citizenship,T2_1PLC,Poland - Citizenship,,,,T2_1PLC,Poland - Citizenship,,W020109,,,,,T2_1UKN,UK by Nationality,,9,,L020109
,,T2_1LTN,Lithuania - Nationality,,,,S020110,,"Theme 2: Migration, Ethnicity, Religion and Foreign Languages",Table 1: Usually resident population by place of birth and citizenship,T2_1INC,India - Citizenship,,,,T2_1INC,India - Citizenship,,W020110,,,,,T2_1PLN,Polish by Nationality,,10,,L020110
,,T2_1EUN,Other EU28 - Nationality,,,,S020111,,"Theme 2: Migration, Ethnicity, Religion and Foreign Languages",Table 1: Usually resident population by place of birth and citizenship,T2_1EUC,Other EU27 (2020) ? Citizenship,,,,T2_1EUC,Other EU27 (2020) ? Citizenship,,W020111,,,,,T2_1LTN,Lithuanian by Nationality,,11,,L020111
,,T2_1RWN,Rest of world - Nationality,,,,S020112,,"Theme 2: Migration, Ethnicity, Religion and Foreign Languages",Table 1: Usually resident population by place of birth and citizenship,T2_1RWC,Rest of world -Citizenship,,,,T2_1RWC,Rest of world -Citizenship,,W020112,,,,,T2_1EUN,Other EU 27 by Nationality,,12,,L020112
,,T2_1NSN,Not stated - Nationality,,,,S020113,,"Theme 2: Migration, Ethnicity, Religion and Foreign Languages",Table 1: Usually resident population by place of birth and citizenship,T2_1NSC,Not stated -Citizenship,,,,T2_1NSC,Not stated -Citizenship,,W020113,,,,,T2_1RWN,Rest of World by Nationality,,13,,L020113
,,T2_1TN,Total - Nationality,,,,S020114,,"Theme 2: Migration, Ethnicity, Religion and Foreign Languages",Table 1: Usually resident population by place of birth and citizenship,T2_1TC,Total - Citizenship,,,,T2_1TC,Total - Citizenship,,W020114,,,,,T2_1NSN,Not Stated by Nationality,,14,,L020114
"Theme 2: Migration, Ethnicity, Religion and Foreign Languages",Table 2,T2_2WI,White Irish,,,,S020200,,"Theme 2: Migration, Ethnicity, Religion and Foreign Languages",Table 2: Usually resident population by ethnic or cultural background ,T2_2WI,White Irish,,,Table 2: Usually resident population by ethnic or cultural background ,T2_2WI,White Irish,,W020200,,,,,T2_1TN,Total by Nationality,,15,,L020115
,Usually resident population by ethnic or cultural background ,T2_2WIT,White Irish Traveller,,,,S020201,,"Theme 2: Migration, Ethnicity, Religion and Foreign Languages",Table 2: Usually resident population by ethnic or cultural background ,T2_2WIT,White Irish Traveller,,,,T2_2WIT,White Irish Traveller,,W020201,,,"Theme 2 Migration, Ethnicity and Religion",Table 2,T2_2WI,White Irish,,0,,L020200
,,T2_2OW,Other White,,,,S020202,,"Theme 2: Migration, Ethnicity, Religion and Foreign Languages",Table 2: Usually resident population by ethnic or cultural background ,T2_2OW,Other White,,,,T2_2OW,Other White,,W020202,,,,Usually resident population by ethnic or cultural background ,T2_2WIT,White Irish Traveller,,1,,L020201
,,T2_2BBI,Black or Black Irish,,,,S020203,,"Theme 2: Migration, Ethnicity, Religion and Foreign Languages",Table 2: Usually resident population by ethnic or cultural background ,T2_2BBI,Black or Black Irish,,,,T2_2BBI,Black or Black Irish,,W020203,,,,,T2_2OW,Other White,,2,,L020202
,,T2_2AAI,Asian or Asian Irish,,,,S020204,,"Theme 2: Migration, Ethnicity, Religion and Foreign Languages",Table 2: Usually resident population by ethnic or cultural background ,T2_2AAI,Asian or Asian Irish,,,,T2_2AAI,Asian or Asian Irish,,W020204,,,,,T2_2BBI,Black or Black Irish,,3,,L020203
,,T2_2OTH,Other,,,,S020205,,"Theme 2: Migration, Ethnicity, Religion and Foreign Languages",Table 2: Usually resident population by ethnic or cultural background ,T2_2OTH,Other,,,,T2_2OTH,Other,,W020205,,,,,T2_2AAI,Asian or Asian Irish,,4,,L020204
,,T2_2NS,Not stated,,,,S020206,,"Theme 2: Migration, Ethnicity, Religion and Foreign Languages",Table 2: Usually resident population by ethnic or cultural background ,T2_2NS,Not stated,,,,T2_2NS,Not stated,,W020206,,,,,T2_2OTH,Other,,5,,L020205
,,T2_2T,Total,,,,S020207,,"Theme 2: Migration, Ethnicity, Religion and Foreign Languages",Table 2: Usually resident population by ethnic or cultural background ,T2_2T,Total,,,,T2_2T,Total,,W020207,,,,,T2_2NS,Not Stated,,6,,L020206
"Theme 2: Migration, Ethnicity, Religion and Foreign Languages",Table 3,T2_3SA,Same address,,,,S020300,,"Theme 2: Migration, Ethnicity, Religion and Foreign Languages",Table 3: Usually resident population aged 1 year and over by usual residence 1 year before Census Day,T2_3SA,Same address,,,Table 3: Usually resident population aged 1 year and over by usual residence 1 year before Census Day,T2_3SA,Same address,,W020300,,,,,T2_2T,Total,,7,,L020207
,Usually resident population aged 1 year and over by usual residence 1 year before Census Day,T2_3EC,Elsewhere in county,,,,S020301,,"Theme 2: Migration, Ethnicity, Religion and Foreign Languages",Table 3: Usually resident population aged 1 year and over by usual residence 1 year before Census Day,T2_3EC,Elsewhere in county,,,,T2_3EC,Elsewhere in county,,W020301,,,"Theme 2 Migration, Ethnicity and Religion",Table 3,T2_3SA,Same Address,,0,,L020300
,,T2_3EI,Elsewhere in Ireland,,,,S020302,,"Theme 2: Migration, Ethnicity, Religion and Foreign Languages",Table 3: Usually resident population aged 1 year and over by usual residence 1 year before Census Day,T2_3EI,Elsewhere in Ireland,,,,T2_3EI,Elsewhere in Ireland,,W020302,,,,Usually resident population aged 1 and over by usual residence 1 year before Census Day,T2_3EC,Elsewhere in County,,1,,L020301
,,T2_3OI,Outside Ireland,,,,S020303,,"Theme 2: Migration, Ethnicity, Religion and Foreign Languages",Table 3: Usually resident population aged 1 year and over by usual residence 1 year before Census Day,T2_3OI,Outside Ireland,,,,T2_3OI,Outside Ireland,,W020303,,,,,T2_3EI,Elsewhere in Ireland,,2,,L020302
,,T2_3T,Total,,,,S020304,,"Theme 2: Migration, Ethnicity, Religion and Foreign Languages",Table 3: Usually resident population aged 1 year and over by usual residence 1 year before Census Day,T2_3T,Total,,,,T2_3T,Total,,W020304,,,,,T2_3OI,Outside Ireland,,3,,L020303
"Theme 2: Migration, Ethnicity, Religion and Foreign Languages",Table 4,T2_4CA,Catholic,,,,S020400,,"Theme 2: Migration, Ethnicity, Religion and Foreign Languages",Table 4: Population by religion,T2_4CA,Catholic,,,Table 4: Population by religion,T2_4CA,Catholic,,W020400,,,,,T2_3T,Total,,4,,L020304
,Population by religion,T2_4OR,Other religion,,,,S020401,,"Theme 2: Migration, Ethnicity, Religion and Foreign Languages",Table 4: Population by religion,T2_4OR,Other religion,,,,T2_4OR,Other religion,,W020401,,,"Theme 2 Migration, Ethnicity and Religion",Table 4,T2_4CA,Catholic,,0,,L020400
,,T2_4NR,No religion,,,,S020402,,"Theme 2: Migration, Ethnicity, Religion and Foreign Languages",Table 4: Population by religion,T2_4NR,No religion,,,,T2_4NR,No religion,,W020402,,,,Population by religion,T2_4OR,Other Religion,,1,,L020401
,,T2_4NS,Not stated,,,,S020403,,"Theme 2: Migration, Ethnicity, Religion and Foreign Languages",Table 4: Population by religion,T2_4NS,Not stated,,,,T2_4NS,Not stated,,W020403,,,,,T2_4NR,No Religion,,2,,L020402
,,T2_4T,Total,,,,S020404,,"Theme 2: Migration, Ethnicity, Religion and Foreign Languages",Table 4: Population by religion,T2_4T,Total,,,,T2_4T,Total,,W020404,,,,,T2_4NS,Not Stated,,3,,L020403
"Theme 2: Migration, Ethnicity, Religion and Foreign Languages",Table 5,T2_5PL,Polish,,,,S020500,,"Theme 2: Migration, Ethnicity, Religion and Foreign Languages",Table 5: Speakers of foreign languages by language spoken ,T2_5PL,Polish,,,Table 5: Speakers of foreign languages by language spoken ,T2_5PL,Polish,,W020500,,,,,T2_4T,Total,,4,,L020404
,Speakers of foreign languages by language spoken ,T2_5FR,French,,,,S020501,,"Theme 2: Migration, Ethnicity, Religion and Foreign Languages",Table 5: Speakers of foreign languages by language spoken ,T2_5FR,French,,,,T2_5FR,French,,W020501,,,"Theme 2 Migration, Ethnicity and Religion",Table 5,T2_5T,Total,,0,,L020500
,,T2_5LT,Lithuanian,,,,S020502,,"Theme 2: Migration, Ethnicity, Religion and Foreign Languages",Table 5: Speakers of foreign languages by language spoken ,T2_5ES,Spanish,,,,T2_5ES,Spanish,,W020502,,,,Speakers of foreign languages by language spoken ,T2_5PL,Polish,,1,,L020501
,,T2_5OTH,Other (incl. not stated),,,,S020503,,"Theme 2: Migration, Ethnicity, Religion and Foreign Languages",Table 5: Speakers of foreign languages by language spoken ,T2_5OTH,Other (incl. not stated),,,,T2_5OTH,Other (incl. not stated),,W020503,,,,,T2_5FR,French,,2,,L020502
,,T2_5T,Total,,,,S020504,,"Theme 2: Migration, Ethnicity, Religion and Foreign Languages",Table 5: Speakers of foreign languages by language spoken ,T2_5T,Total,,,,T2_5T,Total,,W020504,,,,,T2_5LT,Lithuanian,,3,,L020503
"Theme 2: Migration, Ethnicity, Religion and Foreign Languages",Table 6,T2_6VW,Very well,,,,S020600,,"Theme 2: Migration, Ethnicity, Religion and Foreign Languages",Table 6: Speakers of foreign languages by ability to speak English ,T2_6VW,Very well,,,Table 6: Speakers of foreign languages by ability to speak English ,T2_6VW,Very well,,W020600,,,,,T2_5OTH,Other,,4,,L020504
,Speakers of foreign languages by ability to speak English ,T2_6W,Well,,,,S020601,,"Theme 2: Migration, Ethnicity, Religion and Foreign Languages",Table 6: Speakers of foreign languages by ability to speak English ,T2_6W,Well,,,,T2_6W,Well,,W020601,,,"Theme 2 Migration, Ethnicity and Religion",Table 6,T2_6T,Total,,0,,L020600
,,T2_6NW,Not well,,,,S020602,,"Theme 2: Migration, Ethnicity, Religion and Foreign Languages",Table 6: Speakers of foreign languages by ability to speak English ,T2_6NW,Not well,,,,T2_6NW,Not well,,W020602,,,,Speakers of foreign languages by ability to speak English ,T2_6VW,Very Well,,1,,L020601
,,T2_6NAA,Not at all,,,,S020603,,"Theme 2: Migration, Ethnicity, Religion and Foreign Languages",Table 6: Speakers of foreign languages by ability to speak English ,T2_6NAA,Not at all,,,,T2_6NAA,Not at all,,W020603,,,,,T2_6W,Well,,2,,L020602
,,T2_6NS,Not stated,,,,S020604,,"Theme 2: Migration, Ethnicity, Religion and Foreign Languages",Table 6: Speakers of foreign languages by ability to speak English ,T2_6NS,Not stated,,,,T2_6NS,Not stated,,W020604,,,,,T2_6NW,Not Well,,3,,L020603
,,T2_6T,Total,,,,S020605,,"Theme 2: Migration, Ethnicity, Religion and Foreign Languages",Table 6: Speakers of foreign languages by ability to speak English ,T2_6T,Total,,,,T2_6T,Total,,W020605,,,,,T2_6NAA,Not At All,,4,,L020604
Theme 3: Irish Language ,Table 1,T3_1YES,Yes,,,,S030100,,Theme 3: Irish Language ,Table 1: Population aged 3 years and over by ability to speak Irish,T3_1YES,Yes,,Theme 3: Irish Language ,Table 1: Population aged 3 years and over by ability to speak Irish,T3_1YES,Yes,,W030100,,,,,T2_6NS,Not Stated,,5,,L020605
,Population aged 3 years and over by ability to speak Irish,T3_1NO,No,,,,S030101,,Theme 3: Irish Language ,Table 1: Population aged 3 years and over by ability to speak Irish,T3_1NO,No,,,,T3_1NO,No,,W030101,,,Theme 3 Irish language,Table 1,T3_1YES,Yes (Speak Irish),,0,,L030100
,,T3_1NS,Not stated,,,,S030102,,Theme 3: Irish Language ,Table 1: Population aged 3 years and over by ability to speak Irish,T3_1NS,Not stated,,,,T3_1NS,Not stated,,W030102,,,,Population aged 3 or over by ability to speak Irish,T3_1NO,No (Speak Irish),,1,,L030101
,,T3_1T,Total,,,,S030103,,Theme 3: Irish Language ,Table 1: Population aged 3 years and over by ability to speak Irish,T3_1T,Total,,,,T3_1T,Total,,W030103,,,,,T3_1NS,Not Stated (Speak Irish),,2,,L030102
Theme 3: Irish Language ,Table 2,T3_2DIM,Daily only within the education system - Males,/* NEW FOR SAPS 2016 */,Table 2 and 3 from SAPS 2011 Theme 3 have now been combined,,S030200,,Theme 3: Irish Language ,Table 2: Irish speakers aged 3 years and over by frequency of speaking Irish,T3_2DIM,Daily only within the education system - Males,,,Table 2: Irish speakers aged 3 years and over by frequency of speaking Irish,T3_2DIM,Daily only within the education system - Males,,W030200,,,,,T3_1T,Total,,3,,L030103
,Irish speakers aged 3 years and over by frequency of speaking Irish,T3_2DIDOM,Daily within and daily outside the education system - Males,T3_3DM,,,S030201,,Theme 3: Irish Language ,Table 2: Irish speakers aged 3 years and over by frequency of speaking Irish,T3_2DIDOM,Daily within and daily outside the education system - Males,,,,T3_2DIDOM,Daily within and daily outside the education system - Males,,W030201,,,Theme 3 Irish language,Table 2,T3_2T,Total,,0,,L030200
,,T3_2DIWOM,Daily within and weekly outside the education system - Males,T3_3WM,,,S030202,,Theme 3: Irish Language ,Table 2: Irish speakers aged 3 years and over by frequency of speaking Irish,T3_2DIWOM,Daily within and weekly outside the education system - Males,,,,T3_2DIWOM,Daily within and weekly outside the education system - Males,,W030202,,,,Irish speakers aged 3 or over by frequency of speaking Irish,T3_2DW,Daily Within education system,,1,,L030201
,,T3_2DILOOM,Daily within and less often outside the education system - Males,T3_3LOM,,,S030203,,Theme 3: Irish Language ,Table 2: Irish speakers aged 3 years and over by frequency of speaking Irish,T3_2DILOOM,Daily within and less often outside the education system - Males,,,,T3_2DILOOM,Daily within and less often outside the education system - Males,,W030203,,,,,T3_2DWO,Daily Within and Outside education system,,2,,L030202
,,T3_2DINOM,Daily within and never outside the education system - Males,T3_3NM,,,S030204,,Theme 3: Irish Language ,Table 2: Irish speakers aged 3 years and over by frequency of speaking Irish,T3_2DINOM,Daily within and never outside the education system - Males,,,,T3_2DINOM,Daily within and never outside the education system - Males,,W030204,,,,,T3_2DO,Daily Outside educaton system,,3,,L030203
,,T3_2DOESM,Daily only outside the education system - Males,/* NEW FOR SAPS 2016 */,,,S030205,,Theme 3: Irish Language ,Table 2: Irish speakers aged 3 years and over by frequency of speaking Irish,T3_2DOESM,Daily only outside the education system - Males,,,,T3_2DOESM,Daily only outside the education system - Males,,W030205,,,,,T3_2WO,Weekly Outside education system,,4,,L030204
,,T3_2WOESM,Weekly only outside the education system - Males,/* NEW FOR SAPS 2016 */,,,S030206,,Theme 3: Irish Language ,Table 2: Irish speakers aged 3 years and over by frequency of speaking Irish,T3_2WOESM,Weekly only outside the education system - Males,,,,T3_2WOESM,Weekly only outside the education system - Males,,W030206,,,,,T3_2LO,Less Often outside education system,,5,,L030205
,,T3_2LOOESM,Less often only outside the education system - Males,/* NEW FOR SAPS 2016 */,,,S030207,,Theme 3: Irish Language ,Table 2: Irish speakers aged 3 years and over by frequency of speaking Irish,T3_2LOOESM,Less often only outside the education system - Males,,,,T3_2LOOESM,Less often only outside the education system - Males,,W030207,,,,,T3_2NO,Never Outside education system,,6,,L030206
,,T3_2NOESM,Never speaks Irish - Males,/* NEW FOR SAPS 2016 */,,,S030208,,Theme 3: Irish Language ,Table 2: Irish speakers aged 3 years and over by frequency of speaking Irish,T3_2NOESM,Never speaks Irish - Males,,,,T3_2NOESM,Never speaks Irish - Males,,W030208,,,,,T3_2NSO,Not Stated Outside education system,,7,,L030207
,,T3_2NSM,Not stated - Males,/* NEW FOR SAPS 2016 */,,,S030209,,Theme 3: Irish Language ,Table 2: Irish speakers aged 3 years and over by frequency of speaking Irish,T3_2NSM,Not stated - Males,,,,T3_2NSM,Not stated - Males,,W030209,,,Theme 3 Irish language,Table 3,T3_3DM,Daily Males,,0,,L030300
,,T3_2ALLM,All Irish speakers - Males,/* NEW FOR SAPS 2016 */,,,S030210,,Theme 3: Irish Language ,Table 2: Irish speakers aged 3 years and over by frequency of speaking Irish,T3_2ALLM,All Irish speakers - Males,,,,T3_2ALLM,All Irish speakers - Males,,W030210,,,,"Irish speakers within education aged 3+, by frequency of speaking Irish outside education",T3_3WM,Weekly Males,,1,,L030301
,,T3_2DIF,Daily only within the education system - Females,/* NEW FOR SAPS 2016 */,,,S030211,,Theme 3: Irish Language ,Table 2: Irish speakers aged 3 years and over by frequency of speaking Irish,T3_2DIF,Daily only within the education system - Females,,,,T3_2DIF,Daily only within the education system - Females,,W030211,,,,,T3_3LOM,Less Often Males,,2,,L030302
,,T3_2DIDOF,Daily within and daily outside the education system - Females,T3_3DF,,,S030212,,Theme 3: Irish Language ,Table 2: Irish speakers aged 3 years and over by frequency of speaking Irish,T3_2DIDOF,Daily within and daily outside the education system - Females,,,,T3_2DIDOF,Daily within and daily outside the education system - Females,,W030212,,,,,T3_3NM,Never Males,,3,,L030303
,,T3_2DIWOF,Daily within and weekly outside the education system - Females,T3_3WF,,,S030213,,Theme 3: Irish Language ,Table 2: Irish speakers aged 3 years and over by frequency of speaking Irish,T3_2DIWOF,Daily within and weekly outside the education system - Females,,,,T3_2DIWOF,Daily within and weekly outside the education system - Females,,W030213,,,,,T3_3TM,Total Males,,4,,L030304
,,T3_2DILOOF,Daily within and less often outside the education system - Females,T3_3LOF,,,S030214,,Theme 3: Irish Language ,Table 2: Irish speakers aged 3 years and over by frequency of speaking Irish,T3_2DILOOF,Daily within and less often outside the education system - Females,,,,T3_2DILOOF,Daily within and less often outside the education system - Females,,W030214,,,,,T3_3DF,Daily Females,,5,,L030305
,,T3_2DINOF,Daily within and never outside the education system - Females,T3_3NF,,,S030215,,Theme 3: Irish Language ,Table 2: Irish speakers aged 3 years and over by frequency of speaking Irish,T3_2DINOF,Daily within and never outside the education system - Females,,,,T3_2DINOF,Daily within and never outside the education system - Females,,W030215,,,,,T3_3WF,Weekly Females,,6,,L030306
,,T3_2DOESF,Daily only outside the education system - Females,/* NEW FOR SAPS 2016 */,,,S030216,,Theme 3: Irish Language ,Table 2: Irish speakers aged 3 years and over by frequency of speaking Irish,T3_2DOESF,Daily only outside the education system - Females,,,,T3_2DOESF,Daily only outside the education system - Females,,W030216,,,,,T3_3LOF,Less Often Females,,7,,L030307
,,T3_2WOESF,Weekly only outside the education system - Females,/* NEW FOR SAPS 2016 */,,,S030217,,Theme 3: Irish Language ,Table 2: Irish speakers aged 3 years and over by frequency of speaking Irish,T3_2WOESF,Weekly only outside the education system - Females,,,,T3_2WOESF,Weekly only outside the education system - Females,,W030217,,,,,T3_3NF,Never Females,,8,,L030308
,,T3_2LOOESF,Less often only outside the education system - Females,/* NEW FOR SAPS 2016 */,,,S030218,,Theme 3: Irish Language ,Table 2: Irish speakers aged 3 years and over by frequency of speaking Irish,T3_2LOOESF,Less often only outside the education system - Females,,,,T3_2LOOESF,Less often only outside the education system - Females,,W030218,,,,,T3_3TF,Total Females,,9,,L030309
,,T3_2NOESF,Never speaks Irish - Females,/* NEW FOR SAPS 2016 */,,,S030219,,Theme 3: Irish Language ,Table 2: Irish speakers aged 3 years and over by frequency of speaking Irish,T3_2NOESF,Never speaks Irish - Females,,,,T3_2NOESF,Never speaks Irish - Females,,W030219,,,,,T3_3DT,Daily Total,,10,,L030310
,,T3_2NSF,Not stated - Females,/* NEW FOR SAPS 2016 */,,,S030220,,Theme 3: Irish Language ,Table 2: Irish speakers aged 3 years and over by frequency of speaking Irish,T3_2NSF,Not stated - Females,,,,T3_2NSF,Not stated - Females,,W030220,,,,,T3_3WT,Weekly Total,,11,,L030311
,,T3_2ALLF,All Irish speakers - Females,/* NEW FOR SAPS 2016 */,,,S030221,,Theme 3: Irish Language ,Table 2: Irish speakers aged 3 years and over by frequency of speaking Irish,T3_2ALLF,All Irish speakers - Females,,,,T3_2ALLF,All Irish speakers - Females,,W030221,,,,,T3_3LOT,Less Often Total,,12,,L030312
,,T3_2DIT,Daily only within the education system - Total,T3_2DW,,,S030222,,Theme 3: Irish Language ,Table 2: Irish speakers aged 3 years and over by frequency of speaking Irish,T3_2DIT,Daily only within the education system - Total,,,,T3_2DIT,Daily only within the education system - Total,,W030222,,,,,T3_3NT,Never Total,,13,,L030313
,,T3_2DIDOT,Daily within and daily outside the education system - Total,T3_3DT,,,S030223,,Theme 3: Irish Language ,Table 2: Irish speakers aged 3 years and over by frequency of speaking Irish,T3_2DIDOT,Daily within and daily outside the education system - Total,,,,T3_2DIDOT,Daily within and daily outside the education system - Total,,W030223,,,,,T3_3TT,Total,,14,,L030314
,,T3_2DIWOT,Daily within and weekly outside the education system - Total,T3_3WT,,,S030224,,Theme 3: Irish Language ,Table 2: Irish speakers aged 3 years and over by frequency of speaking Irish,T3_2DIWOT,Daily within and weekly outside the education system - Total,,,,T3_2DIWOT,Daily within and weekly outside the education system - Total,,W030224,,,Theme 4 Families,Table 1,T4_1_2PF,2 Persons (No of families),,0,,L040100
,,T3_2DILOOT,Daily within and less often outside the education system - Total,T3_3LOT,,,S030225,,Theme 3: Irish Language ,Table 2: Irish speakers aged 3 years and over by frequency of speaking Irish,T3_2DILOOT,Daily within and less often outside the education system - Total,,,,T3_2DILOOT,Daily within and less often outside the education system - Total,,W030225,,,,"Families, family members and children in families, by size of family",T4_1_3PF,3 Persons (No of families),,1,,L040101
,,T3_2DINOT,Daily within and never outside the education system - Total,T3_3NT,,,S030226,,Theme 3: Irish Language ,Table 2: Irish speakers aged 3 years and over by frequency of speaking Irish,T3_2DINOT,Daily within and never outside the education system - Total,,,,T3_2DINOT,Daily within and never outside the education system - Total,,W030226,,,,,T4_1_4PF,4 Persons (No of families),,2,,L040102
,,T3_2DOEST,Daily only outside the education system - Total,T3_2DO,,,S030227,,Theme 3: Irish Language ,Table 2: Irish speakers aged 3 years and over by frequency of speaking Irish,T3_2DOEST,Daily only outside the education system - Total,,,,T3_2DOEST,Daily only outside the education system - Total,,W030227,,,,,T4_1_5PF,5 Persons (No of families),,3,,L040103
,,T3_2WOEST,Weekly only outside the education system - Total,T3_2WO,,,S030228,,Theme 3: Irish Language ,Table 2: Irish speakers aged 3 years and over by frequency of speaking Irish,T3_2WOEST,Weekly only outside the education system - Total,,,,T3_2WOEST,Weekly only outside the education system - Total,,W030228,,,,,T4_1_GRE_6PF,6 or More Persons (No of families),,4,,L040104
,,T3_2LOOEST,Less often only outside the education system - Total,T3_2LO,,,S030229,,Theme 3: Irish Language ,Table 2: Irish speakers aged 3 years and over by frequency of speaking Irish,T3_2LOOEST,Less often only outside the education system - Total,,,,T3_2LOOEST,Less often only outside the education system - Total,,W030229,,,,,T4_1_TF,Total,,5,,L040105
,,T3_2NOEST,Never speaks Irish - Total,T3_2NO,,,S030230,,Theme 3: Irish Language ,Table 2: Irish speakers aged 3 years and over by frequency of speaking Irish,T3_2NOEST,Never speaks Irish - Total,,,,T3_2NOEST,Never speaks Irish - Total,,W030230,,,,,T4_1_2PP,2 Persons (No of persons),,6,,L040106
,,T3_2NST,Not stated - Total,T3_2NSO,,,S030231,,Theme 3: Irish Language ,Table 2: Irish speakers aged 3 years and over by frequency of speaking Irish,T3_2NST,Not stated - Total,,,,T3_2NST,Not stated - Total,,W030231,,,,,T4_1_3PP,3 Persons (No of persons),,7,,L040107
,,T3_2ALLT,All Irish speakers - Total,T3_2T,,,S030232,,Theme 3: Irish Language ,Table 2: Irish speakers aged 3 years and over by frequency of speaking Irish,T3_2ALLT,All Irish speakers - Total,,,,T3_2ALLT,All Irish speakers - Total,,W030232,,,,,T4_1_4PP,4 Persons (No of persons),,8,,L040108
Theme 4: Families ,Table 1,T4_1_2PF,2 persons (No. of families),,,,S040100,,Theme 4: Families ,"Table 1: Families, family members and children in families, by size of family",T4_1_2PF,2 persons (No. of families),,Theme 4: Families ,"Table 1: Families, family members and children in families, by size of family",T4_1_2PF,2 persons (No. of families),,W040100,,,,,T4_1_5PP,5 Persons (No of persons),,9,,L040109
,"Families, family members and children in families, by size of family",T4_1_3PF,3 persons (No. of families),,,,S040101,,Theme 4: Families ,"Table 1: Families, family members and children in families, by size of family",T4_1_3PF,3 persons (No. of families),,,,T4_1_3PF,3 persons (No. of families),,W040101,,,,,T4_1_GRE_6PP,6 or More Persons (No of persons),,10,,L040110
,,T4_1_4PF,4 persons (No. of families),,,,S040102,,Theme 4: Families ,"Table 1: Families, family members and children in families, by size of family",T4_1_4PF,4 persons (No. of families),,,,T4_1_4PF,4 persons (No. of families),,W040102,,,,,T4_1_TP,Total,,11,,L040111
,,T4_1_5PF,5 persons (No. of families),,,,S040103,,Theme 4: Families ,"Table 1: Families, family members and children in families, by size of family",T4_1_5PF,5 persons (No. of families),,,,T4_1_5PF,5 persons (No. of families),,W040103,,,,,T4_1_2PC,2 Persons (No of children),,12,,L040112
,,T4_1_GRE_6PF,6 or more persons (No. of families),,,,S040104,,Theme 4: Families ,"Table 1: Families, family members and children in families, by size of family",T4_1_GRE_6PF,6 or more persons (No. of families),,,,T4_1_GRE_6PF,6 or more persons (No. of families),,W040104,,,,,T4_1_3PC,3 Persons (No of children),,13,,L040113
,,T4_1_TF,Total (No. of families),,,,S040105,,Theme 4: Families ,"Table 1: Families, family members and children in families, by size of family",T4_1_TF,Total (No. of families),,,,T4_1_TF,Total (No. of families),,W040105,,,,,T4_1_4PC,4 Persons (No of children),,14,,L040114
,,T4_1_2PP,2 persons (No. of persons),,,,S040106,,Theme 4: Families ,"Table 1: Families, family members and children in families, by size of family",T4_1_2PP,2 persons (No. of persons),,,,T4_1_2PP,2 persons (No. of persons),,W040106,,,,,T4_1_5PC,5 Persons (No of children),,15,,L040115
,,T4_1_3PP,3 persons (No. of persons),,,,S040107,,Theme 4: Families ,"Table 1: Families, family members and children in families, by size of family",T4_1_3PP,3 persons (No. of persons),,,,T4_1_3PP,3 persons (No. of persons),,W040107,,,,,T4_1_GRE_6PC,6 or More Persons (No of children),,16,,L040116
,,T4_1_4PP,4 persons (No. of persons),,,,S040108,,Theme 4: Families ,"Table 1: Families, family members and children in families, by size of family",T4_1_4PP,4 persons (No. of persons),,,,T4_1_4PP,4 persons (No. of persons),,W040108,,,,,T4_1_TC,Total,,17,,L040117
,,T4_1_5PP,5 persons (No. of persons),,,,S040109,,Theme 4: Families ,"Table 1: Families, family members and children in families, by size of family",T4_1_5PP,5 persons (No. of persons),,,,T4_1_5PP,5 persons (No. of persons),,W040109,,,Theme 4 Families,Table 2,T4_2_NCU15,Families without children - All children under 15,,0,,L040200
,,T4_1_GRE_6PP,6 or more persons (No. of persons),,,,S040110,,Theme 4: Families ,"Table 1: Families, family members and children in families, by size of family",T4_1_GRE_6PP,6 or more persons (No. of persons),,,,T4_1_GRE_6PP,6 or more persons (No. of persons),,W040110,,,,Family units with children by size and age of children ,T4_2_1CU15,Families with 1 child - All children under 15,,1,,L040201
,,T4_1_TP,Total (No. of persons),,,,S040111,,Theme 4: Families ,"Table 1: Families, family members and children in families, by size of family",T4_1_TP,Total (No. of persons),,,,T4_1_TP,Total (No. of persons),,W040111,,,,,T4_2_2CU15,Families with 2 children - All children under 15,,2,,L040202
,,T4_1_2PC,2 persons (No. of children),,,,S040112,,Theme 4: Families ,"Table 1: Families, family members and children in families, by size of family",T4_1_2PC,2 persons (No. of children),,,,T4_1_2PC,2 persons (No. of children),,W040112,,,,,T4_2_3CU15,Familes with 3 children - All children under 15,,3,,L040203
,,T4_1_3PC,3 persons (No. of children),,,,S040113,,Theme 4: Families ,"Table 1: Families, family members and children in families, by size of family",T4_1_3PC,3 persons (No. of children),,,,T4_1_3PC,3 persons (No. of children),,W040113,,,,,T4_2_4CU15,Families with 4 children - All children under 15,,4,,L040204
,,T4_1_4PC,4 persons (No. of children),,,,S040114,,Theme 4: Families ,"Table 1: Families, family members and children in families, by size of family",T4_1_4PC,4 persons (No. of children),,,,T4_1_4PC,4 persons (No. of children),,W040114,,,,,T4_2_GE5U15,Families with 5 or more children - All children under 15,,5,,L040205
,,T4_1_5PC,5 persons (No. of children),,,,S040115,,Theme 4: Families ,"Table 1: Families, family members and children in families, by size of family",T4_1_5PC,5 persons (No. of children),,,,T4_1_5PC,5 persons (No. of children),,W040115,,,,,T4_2_NCO15,Families without children - All children aged 15 or over,,6,,L040206
,,T4_1_GRE_6PC,6 or more persons (No. of children),,,,S040116,,Theme 4: Families ,"Table 1: Families, family members and children in families, by size of family",T4_1_GRE_6PC,6 or more persons (No. of children),,,,T4_1_GRE_6PC,6 or more persons (No. of children),,W040116,,,,,T4_2_1CO15,Families with 1 child - All children aged 15 or over,,7,,L040207
,,T4_1_TC,Total (No. of children),,,,S040117,,Theme 4: Families ,"Table 1: Families, family members and children in families, by size of family",T4_1_TC,Total (No. of children),,,,T4_1_TC,Total (No. of children),,W040117,,,,,T4_2_2CO15,Families with 2 children - All children aged 15 or over,,8,,L040208
Theme 4: Families ,Table 2,T4_2_1CU15,Families with 1 child - All children aged under 15,,,,S040200,,Theme 4: Families ,Table 2: Family units with children by size and age of children ,T4_2_1CU15,Families with 1 child - All children aged under 15,,,Table 2: Family units with children by size and age of children ,T4_2_1CU15,Families with 1 child - All children aged under 15,,W040200,,,,,T4_2_3CO15,Familes with 3 children - All children aged 15 or over,,9,,L040209
,Family units with children by size and age of children ,T4_2_2CU15,Families with 2 children - All children aged under 15,,,,S040201,,Theme 4: Families ,Table 2: Family units with children by size and age of children ,T4_2_2CU15,Families with 2 children - All children aged under 15,,,,T4_2_2CU15,Families with 2 children - All children aged under 15,,W040201,,,,,T4_2_4CO15,Families with 4 children - All children aged 15 or over,,10,,L040210
,,T4_2_3CU15,Familes with 3 children - All children aged under 15,,,,S040202,,Theme 4: Families ,Table 2: Family units with children by size and age of children ,T4_2_3CU15,Familes with 3 children - All children aged under 15,,,,T4_2_3CU15,Familes with 3 children - All children aged under 15,,W040202,,,,,T4_2_GE5O15,Families with 5 or more children - All children aged 15 or over,,11,,L040211
,,T4_2_4CU15,Families with 4 children - All children aged under 15,,,,S040203,,Theme 4: Families ,Table 2: Family units with children by size and age of children ,T4_2_4CU15,Families with 4 children - All children aged under 15,,,,T4_2_4CU15,Families with 4 children - All children aged under 15,,W040203,,,,,T4_2_NCUO15,Families without children - Children under and over 15,,12,,L040212
,,T4_2_GE5CU15,Families with 5 or more children - All children aged under 15,T4_2_GE5U15,,,S040204,,Theme 4: Families ,Table 2: Family units with children by size and age of children ,T4_2_GE5CU15,Families with 5 or more children - All children aged under 15,,,,T4_2_GE5CU15,Families with 5 or more children - All children aged under 15,,W040204,,,,,T4_2_1CUO15,Families with 1 child - Children under and over 15,,13,,L040213
,,T4_2_TCU15,Total families - All children aged under 15,/* NEW FOR SAPS 2016 */,,,S040205,,Theme 4: Families ,Table 2: Family units with children by size and age of children ,T4_2_TCU15,Total families - All children aged under 15,,,,T4_2_TCU15,Total families - All children aged under 15,,W040205,,,,,T4_2_2CUO15,Families with 2 children - Children under and over 15,,14,,L040214
,,T4_2_1CO15,Families with 1 child - All children aged 15 and over,,,,S040206,,Theme 4: Families ,Table 2: Family units with children by size and age of children ,T4_2_1CO15,Families with 1 child - All children aged 15 and over,,,,T4_2_1CO15,Families with 1 child - All children aged 15 and over,,W040206,,,,,T4_2_3CUO15,Familes with 3 children - Children under and over 15,,15,,L040215
,,T4_2_2CO15,Families with 2 children - All children aged 15 and over,,,,S040207,,Theme 4: Families ,Table 2: Family units with children by size and age of children ,T4_2_2CO15,Families with 2 children - All children aged 15 and over,,,,T4_2_2CO15,Families with 2 children - All children aged 15 and over,,W040207,,,,,T4_2_4CUO15,Families with 4 children - Children under and over 15,,16,,L040216
,,T4_2_3CO15,Familes with 3 children - All children aged 15 and over,,,,S040208,,Theme 4: Families ,Table 2: Family units with children by size and age of children ,T4_2_3CO15,Familes with 3 children - All children aged 15 and over,,,,T4_2_3CO15,Familes with 3 children - All children aged 15 and over,,W040208,,,,,T4_2_GE5UO15,Families with 5 or more children - Children under and over 15,,17,,L040217
,,T4_2_4CO15,Families with 4 children - All children aged 15 and over,,,,S040209,,Theme 4: Families ,Table 2: Family units with children by size and age of children ,T4_2_4CO15,Families with 4 children - All children aged 15 and over,,,,T4_2_4CO15,Families with 4 children - All children aged 15 and over,,W040209,,,,,T4_2_NCT,Families without children - Total,,18,,L040218
,,T4_2_GE5CO15,Families with 5 or more children - All children aged 15 and over,T4_2_GE5O15,,,S040210,,Theme 4: Families ,Table 2: Family units with children by size and age of children ,T4_2_GE5CO15,Families with 5 or more children - All children aged 15 and over,,,,T4_2_GE5CO15,Families with 5 or more children - All children aged 15 and over,,W040210,,,,,T4_2_1CT,Families with 1 child - Total,,19,,L040219
,,T4_2_TCO15,Total families - All children aged 15 and over,/* NEW FOR SAPS 2016 */,,,S040211,,Theme 4: Families ,Table 2: Family units with children by size and age of children ,T4_2_TCO15,Total families - All children aged 15 and over,,,,T4_2_TCO15,Total families - All children aged 15 and over,,W040211,,,,,T4_2_2CT,Families with 2 children - Total,,20,,L040220
,,T4_2_2CUO15,Families with 2 children - All children aged both under 15 and 15 and over,,,,S040212,,Theme 4: Families ,Table 2: Family units with children by size and age of children ,T4_2_2CUO15,Families with 2 children - All children aged both under 15 and 15 and over,,,,T4_2_2CUO15,Families with 2 children - All children aged both under 15 and 15 and over,,W040212,,,,,T4_2_3CT,Familes with 3 children - Total,,21,,L040221
,,T4_2_3CUO15,Familes with 3 children - All children aged both under 15 and 15 and over,,,,S040213,,Theme 4: Families ,Table 2: Family units with children by size and age of children ,T4_2_3CUO15,Familes with 3 children - All children aged both under 15 and 15 and over,,,,T4_2_3CUO15,Familes with 3 children - All children aged both under 15 and 15 and over,,W040213,,,,,T4_2_4CT,Families with 4 children - Total,,22,,L040222
,,T4_2_4CUO15,Families with 4 children - All children aged both under 15 and 15 and over,,,,S040214,,Theme 4: Families ,Table 2: Family units with children by size and age of children ,T4_2_4CUO15,Families with 4 children - All children aged both under 15 and 15 and over,,,,T4_2_4CUO15,Families with 4 children - All children aged both under 15 and 15 and over,,W040214,,,,,T4_2_GE5T,Families with 5 or more children - Total,,23,,L040223
,,T4_2_GE5CUO15,Families with 5 or more children - All children aged both under 15 and 15 and over,T4_2_GE5UO15,,,S040215,,Theme 4: Families ,Table 2: Family units with children by size and age of children ,T4_2_GE5CUO15,Families with 5 or more children - All children aged both under 15 and 15 and over,,,,T4_2_GE5CUO15,Families with 5 or more children - All children aged both under 15 and 15 and over,,W040215,,,Theme 4 Families,Table 3,T4_3FLT15C,Couples with children - All children under 15 (No of families),,0,,L040300
,,T4_2_TCUO15,Total families - All children aged both under 15 and 15 and over,/* NEW FOR SAPS 2016 */,,,S040216,,Theme 4: Families ,Table 2: Family units with children by size and age of children ,T4_2_TCUO15,Total families - All children aged both under 15 and 15 and over,,,,T4_2_TCUO15,Total families - All children aged both under 15 and 15 and over,,W040216,,,,Family units with children by type of family and age of children,T4_3FGE15C,Couples with children - All children aged 15 or over (No of families),,1,,L040301
,,T4_2_NCT,Families without children - Total,,,,S040217,,Theme 4: Families ,Table 2: Family units with children by size and age of children ,T4_2_NCT,Families without children - Total,,,,T4_2_NCT,Families without children - Total,,W040217,,,,,T4_3FOTH15C,Couples with children - Children under and over 15 (No of families),,2,,L040302
,,T4_2_1CT,Families with 1 child - Total,,,,S040218,,Theme 4: Families ,Table 2: Family units with children by size and age of children ,T4_2_1CT,Families with 1 child - Total,,,,T4_2_1CT,Families with 1 child - Total,,W040218,,,,,T4_3FTC,Couples with children - Total (No of families),,3,,L040303
,,T4_2_2CT,Families with 2 children - Total,,,,S040219,,Theme 4: Families ,Table 2: Family units with children by size and age of children ,T4_2_2CT,Families with 2 children - Total,,,,T4_2_2CT,Families with 2 children - Total,,W040219,,,,,T4_3FLT15LM,Lone mothers with children - All children under 15 (No of families),,4,,L040304
,,T4_2_3CT,Familes with 3 children - Total,,,,S040220,,Theme 4: Families ,Table 2: Family units with children by size and age of children ,T4_2_3CT,Familes with 3 children - Total,,,,T4_2_3CT,Familes with 3 children - Total,,W040220,,,,,T4_3FGE15LM,Lone mothers with children - All children aged 15 or over (No of families),,5,,L040305
,,T4_2_4CT,Families with 4 children - Total,,,,S040221,,Theme 4: Families ,Table 2: Family units with children by size and age of children ,T4_2_4CT,Families with 4 children - Total,,,,T4_2_4CT,Families with 4 children - Total,,W040221,,,,,T4_3FOTH15LM,Lone mothers with children - Children under and over 15 (No of families),,6,,L040306
,,T4_2_GE5CT,Families with 5 or more children - Total,T4_2_GE5T,,,S040222,,Theme 4: Families ,Table 2: Family units with children by size and age of children ,T4_2_GE5CT,Families with 5 or more children - Total,,,,T4_2_GE5CT,Families with 5 or more children - Total,,W040222,,,,,T4_3FTLM,Lone mothers with children - Total (No of families),,7,,L040307
,,T4_2_TCT,Total families - Total,/* NEW FOR SAPS 2016 */,,,S040223,,Theme 4: Families ,Table 2: Family units with children by size and age of children ,T4_2_TCT,Total families - Total,,,,T4_2_TCT,Total families - Total,,W040223,,,,,T4_3FLT15LF,Lone fathers with children - All children under 15 (No of families),,8,,L040308
Theme 4: Families ,Table 3,T4_3FCCU15,Couples with all children aged under 15 (No. of families),T4_3FLT15C,Lone mother and lone father have been replaced with one parent family (mother) and one parent family (father),,S040300,,Theme 4: Families ,Table 3: Family units with children by type of family and age of children,T4_3FCCU15,Couples with all children aged under 15 (No. of families),,,Table 3: Family units with children by type of family and age of children,T4_3FCCU15,Couples with all children aged under 15 (No. of families),,W040300,,,,,T4_3FGE15LF,Lone fathers with children - All children aged 15 or over (No of families),,9,,L040309
,Family units with children by type of family and age of children,T4_3FCCO15,Couples with all children aged 15 and over (No. of families),T4_3FGE15C,,,S040301,,Theme 4: Families ,Table 3: Family units with children by type of family and age of children,T4_3FCCO15,Couples with all children aged 15 and over (No. of families),,,,T4_3FCCO15,Couples with all children aged 15 and over (No. of families),,W040301,,,,,T4_3FOTH15LF,Lone fathers with children - Children under and over 15 (No of families),,10,,L040310
,,T4_3FCCUO15,Couples with all children aged both under 15 and 15 and over (No. of families),T4_3FOTH15C,,,S040302,,Theme 4: Families ,Table 3: Family units with children by type of family and age of children,T4_3FCCUO15,Couples with all children aged both under 15 and 15 and over (No. of families),,,,T4_3FCCUO15,Couples with all children aged both under 15 and 15 and over (No. of families),,W040302,,,,,T4_3FTLF,Lone fathers with children - Total (No of families),,11,,L040311
,,T4_3FCCT,Total couples with children (No. of families),T4_3FTC,,,S040303,,Theme 4: Families ,Table 3: Family units with children by type of family and age of children,T4_3FCCT,Total couples with children (No. of families),,,,T4_3FCCT,Total couples with children (No. of families),,W040303,,,,,T4_3CLT15C,Couples with children - All children under 15 (No of children),,12,,L040312
,,T4_3FOPMCU15,One parent family (mother) with all children aged under 15 (No. of families),T4_3FLT15LM,,,S040304,,Theme 4: Families ,Table 3: Family units with children by type of family and age of children,T4_3FOPMCU15,One parent family (mother) with all children aged under 15 (No. of families),,,,T4_3FOPMCU15,One parent family (mother) with all children aged under 15 (No. of families),,W040304,,,,,T4_3CGE15C,Couples with children - All children aged 15 or over (No of children),,13,,L040313
,,T4_3FOPMCO15,One parent family (mother) with all children aged 15 and over (No. of families),T4_3FGE15LM,,,S040305,,Theme 4: Families ,Table 3: Family units with children by type of family and age of children,T4_3FOPMCO15,One parent family (mother) with all children aged 15 and over (No. of families),,,,T4_3FOPMCO15,One parent family (mother) with all children aged 15 and over (No. of families),,W040305,,,,,T4_3COTH15C,Couples with children - Children under and over 15 (No of children),,14,,L040314
,,T4_3FOPMCUO15,One parent family (mother) with all children aged both under 15 and 15 and over (No. of families),T4_3FOTH15LM,,,S040306,,Theme 4: Families ,Table 3: Family units with children by type of family and age of children,T4_3FOPMCUO15,One parent family (mother) with all children aged both under 15 and 15 and over (No. of families),,,,T4_3FOPMCUO15,One parent family (mother) with all children aged both under 15 and 15 and over (No. of families),,W040306,,,,,T4_3CTC,Couples with children - Total (No of children),,15,,L040315
,,T4_3FOPMCT,Total one parent family (mother) with children (No. of families),T4_3FTLM,,,S040307,,Theme 4: Families ,Table 3: Family units with children by type of family and age of children,T4_3FOPMCT,Total one parent family (mother) with children (No. of families),,,,T4_3FOPMCT,Total one parent family (mother) with children (No. of families),,W040307,,,,,T4_3CLT15LM,Lone mothers with children - All children under 15 (No of children),,16,,L040316
,,T4_3FOPFCU15,One parent family (father) with all children aged under 15 (No. of families),T4_3FLT15LF,,,S040308,,Theme 4: Families ,Table 3: Family units with children by type of family and age of children,T4_3FOPFCU15,One parent family (father) with all children aged under 15 (No. of families),,,,T4_3FOPFCU15,One parent family (father) with all children aged under 15 (No. of families),,W040308,,,,,T4_3CGE15LM,Lone mothers with children - All children aged 15 or over (No of children),,17,,L040317
,,T4_3FOPFCO15,One parent family (father) with all children aged 15 and over (No. of families),T4_3FGE15LF,,,S040309,,Theme 4: Families ,Table 3: Family units with children by type of family and age of children,T4_3FOPFCO15,One parent family (father) with all children aged 15 and over (No. of families),,,,T4_3FOPFCO15,One parent family (father) with all children aged 15 and over (No. of families),,W040309,,,,,T4_3COTH15LM,Lone mothers with children - Children under and over 15 (No of children),,18,,L040318
,,T4_3FOPFCUO15,One parent family (father) with all children aged both under 15 and 15 and over (No. of families),T4_3FOTH15LF,,,S040310,,Theme 4: Families ,Table 3: Family units with children by type of family and age of children,T4_3FOPFCUO15,One parent family (father) with all children aged both under 15 and 15 and over (No. of families),,,,T4_3FOPFCUO15,One parent family (father) with all children aged both under 15 and 15 and over (No. of families),,W040310,,,,,T4_3CTLM,Lone mothers with children - Total (No of children),,19,,L040319
,,T4_3FOPFCT,Total one parent family (father) with children (No. of families),T4_3FTLF,,,S040311,,Theme 4: Families ,Table 3: Family units with children by type of family and age of children,T4_3FOPFCT,Total one parent family (father) with children (No. of families),,,,T4_3FOPFCT,Total one parent family (father) with children (No. of families),,W040311,,,,,T4_3CLT15LF,Lone fathers with children - All children under 15 (No of children),,20,,L040320
,,T4_3CCCU15,Couples with all children aged under 15 (No. of children),T4_3CLT15C,,,S040312,,Theme 4: Families ,Table 3: Family units with children by type of family and age of children,T4_3CCCU15,Couples with all children aged under 15 (No. of children),,,,T4_3CCCU15,Couples with all children aged under 15 (No. of children),,W040312,,,,,T4_3CGE15LF,Lone fathers with children - All children aged 15 or over (No of children),,21,,L040321
,,T4_3CCCO15,Couples with all children aged 15 and over (No. of children),T4_3CGE15C,,,S040313,,Theme 4: Families ,Table 3: Family units with children by type of family and age of children,T4_3CCCO15,Couples with all children aged 15 and over (No. of children),,,,T4_3CCCO15,Couples with all children aged 15 and over (No. of children),,W040313,,,,,T4_3COTH15LF,Lone fathers with children - Children under and over 15 (No of children),,22,,L040322
,,T4_3CCCUO15,Couples with all children aged both under 15 and 15 and over (No. of children),T4_3COTH15C,,,S040314,,Theme 4: Families ,Table 3: Family units with children by type of family and age of children,T4_3CCCUO15,Couples with all children aged both under 15 and 15 and over (No. of children),,,,T4_3CCCUO15,Couples with all children aged both under 15 and 15 and over (No. of children),,W040314,,,,,T4_3CTLF,Lone fathers with children - Total (No of children),,23,,L040323
,,T4_3CCCT,Total couples with children (No. of children),T4_3CTC,,,S040315,,Theme 4: Families ,Table 3: Family units with children by type of family and age of children,T4_3CCCT,Total couples with children (No. of children),,,,T4_3CCCT,Total couples with children (No. of children),,W040315,,,Theme 4 Families,Table 4,T4_4AGE0_4F,Families with youngest child aged 0-4 (No of families),,0,,L040400
,,T4_3COPMCU15,One parent family (mother) with all children aged under 15 (No. of children),T4_3CLT15LM,,,S040316,,Theme 4: Families ,Table 3: Family units with children by type of family and age of children,T4_3COPMCU15,One parent family (mother) with all children aged under 15 (No. of children),,,,T4_3COPMCU15,One parent family (mother) with all children aged under 15 (No. of children),,W040316,,,,Families by age of youngest child ,T4_4AGE5_9F,Families with youngest child aged 5-9 (No of families),,1,,L040401
,,T4_3COPMCO15,One parent family (mother) with all children aged 15 and over (No. of children),T4_3CGE15LM,,,S040317,,Theme 4: Families ,Table 3: Family units with children by type of family and age of children,T4_3COPMCO15,One parent family (mother) with all children aged 15 and over (No. of children),,,,T4_3COPMCO15,One parent family (mother) with all children aged 15 and over (No. of children),,W040317,,,,,T4_4AGE10_14F,Families with youngest child aged 10-14 (No of families),,2,,L040402
,,T4_3COPMCUO15,One parent family (mother) with all children aged both under 15 and 15 and over (No. of children),T4_3COTH15LM,,,S040318,,Theme 4: Families ,Table 3: Family units with children by type of family and age of children,T4_3COPMCUO15,One parent family (mother) with all children aged both under 15 and 15 and over (No. of children),,,,T4_3COPMCUO15,One parent family (mother) with all children aged both under 15 and 15 and over (No. of children),,W040318,,,,,T4_4AGE15_19F,Families with youngest child aged 15-90 (No of families),,3,,L040403
,,T4_3COPMCT,Total one parent family (mother) with children (No. of children),T4_3CTLM,,,S040319,,Theme 4: Families ,Table 3: Family units with children by type of family and age of children,T4_3COPMCT,Total one parent family (mother) with children (No. of children),,,,T4_3COPMCT,Total one parent family (mother) with children (No. of children),,W040319,,,,,T4_4AGE_GE20F,Families with youngest child aged 20+ (No of families),,4,,L040404
,,T4_3COPFCU15,One parent family (father) with all children aged under 15 (No. of children),T4_3CLT15LF,,,S040320,,Theme 4: Families ,Table 3: Family units with children by type of family and age of children,T4_3COPFCU15,One parent family (father) with all children aged under 15 (No. of children),,,,T4_3COPFCU15,One parent family (father) with all children aged under 15 (No. of children),,W040320,,,,,T4_4TF,Total  (No of families),,5,,L040405
,,T4_3COPFCO15,One parent family (father) with all children aged 15 and over (No. of children),T4_3CGE15LF,,,S040321,,Theme 4: Families ,Table 3: Family units with children by type of family and age of children,T4_3COPFCO15,One parent family (father) with all children aged 15 and over (No. of children),,,,T4_3COPFCO15,One parent family (father) with all children aged 15 and over (No. of children),,W040321,,,,,T4_4AGE0_4P,Families with youngest child aged 0-4 (No of persons),,6,,L040406
,,T4_3COPFCUO15,One parent family (father) with all children aged both under 15 and 15 and over (No. of children),T4_3COTH15LF,,,S040322,,Theme 4: Families ,Table 3: Family units with children by type of family and age of children,T4_3COPFCUO15,One parent family (father) with all children aged both under 15 and 15 and over (No. of children),,,,T4_3COPFCUO15,One parent family (father) with all children aged both under 15 and 15 and over (No. of children),,W040322,,,,,T4_4AGE5_9P,Families with youngest child aged 5-9 (No of persons),,7,,L040407
,,T4_3COPFCT,Total one parent family (father) with children (No. of children),T4_3CTLF,,,S040323,,Theme 4: Families ,Table 3: Family units with children by type of family and age of children,T4_3COPFCT,Total one parent family (father) with children (No. of children),,,,T4_3COPFCT,Total one parent family (father) with children (No. of children),,W040323,,,,,T4_4AGE10_14P,Families with youngest child aged 10-14 (No of persons),,8,,L040408
Theme 4: Families ,Table 4,T4_4AGE0_4F,Families with youngest child aged 0 - 4 (No. of families),,,,S040400,,Theme 4: Families ,Table 4: Families by age of youngest child ,T4_4AGE0_4F,Families with youngest child aged 0 - 4 (No. of families),,,Table 4: Families by age of youngest child ,T4_4AGE0_4F,Families with youngest child aged 0 - 4 (No. of families),,W040400,,,,,T4_4AGE15_19P,Families with youngest child aged 15-90 (No of persons),,9,,L040409
,Families by age of youngest child ,T4_4AGE5_9F,Families with youngest child aged 5 - 9 (No. of families),,,,S040401,,Theme 4: Families ,Table 4: Families by age of youngest child ,T4_4AGE5_9F,Families with youngest child aged 5 - 9 (No. of families),,,,T4_4AGE5_9F,Families with youngest child aged 5 - 9 (No. of families),,W040401,,,,,T4_4AGE_GE20P,Families with youngest child aged 20+ (No of persons),,10,,L040410
,,T4_4AGE10_14F,Families with youngest child aged 10 - 14 (No. of families),,,,S040402,,Theme 4: Families ,Table 4: Families by age of youngest child ,T4_4AGE10_14F,Families with youngest child aged 10 - 14 (No. of families),,,,T4_4AGE10_14F,Families with youngest child aged 10 - 14 (No. of families),,W040402,,,,,T4_4TP,Total  (No of persons),,11,,L040411
,,T4_4AGE15_19F,Families with youngest child aged 15 - 19 (No. of families),,,,S040403,,Theme 4: Families ,Table 4: Families by age of youngest child ,T4_4AGE15_19F,Families with youngest child aged 15 - 19 (No. of families),,,,T4_4AGE15_19F,Families with youngest child aged 15 - 19 (No. of families),,W040403,,,Theme 4 Families,Table 5,T4_5PFF,Pre-family (No of families),,0,,L040500
,,T4_4AGE_GE20F,Families with youngest child aged 20 and over (No. of families),,,,S040404,,Theme 4: Families ,Table 4: Families by age of youngest child ,T4_4AGE_GE20F,Families with youngest child aged 20 and over (No. of families),,,,T4_4AGE_GE20F,Families with youngest child aged 20 and over (No. of families),,W040404,,,,Families by family cycle ,T4_5ENF,Empty Nest (No of families),,1,,L040501
,,T4_4TF,Total  (No. of families),,,,S040405,,Theme 4: Families ,Table 4: Families by age of youngest child ,T4_4TF,Total  (No. of families),,,,T4_4TF,Total  (No. of families),,W040405,,,,,T4_5RF,Retired (No of families),,2,,L040502
,,T4_4AGE0_4P,Families with youngest child aged 0 - 4 (No. of persons),,,,S040406,,Theme 4: Families ,Table 4: Families by age of youngest child ,T4_4AGE0_4P,Families with youngest child aged 0 - 4 (No. of persons),,,,T4_4AGE0_4P,Families with youngest child aged 0 - 4 (No. of persons),,W040406,,,,,T4_5PSF,Pre-School (No of families),,3,,L040503
,,T4_4AGE5_9P,Families with youngest child aged 5 - 9 (No. of persons),,,,S040407,,Theme 4: Families ,Table 4: Families by age of youngest child ,T4_4AGE5_9P,Families with youngest child aged 5 - 9 (No. of persons),,,,T4_4AGE5_9P,Families with youngest child aged 5 - 9 (No. of persons),,W040407,,,,,T4_5ESF,Early School (No of families),,4,,L040504
,,T4_4AGE10_14P,Families with youngest child aged 10 - 14 (No. of persons),,,,S040408,,Theme 4: Families ,Table 4: Families by age of youngest child ,T4_4AGE10_14P,Families with youngest child aged 10 - 14 (No. of persons),,,,T4_4AGE10_14P,Families with youngest child aged 10 - 14 (No. of persons),,W040408,,,,,T4_5PAF,Pre-Adolescent (No of families),,5,,L040505
,,T4_4AGE15_19P,Families with youngest child aged 15 - 19 (No. of persons),,,,S040409,,Theme 4: Families ,Table 4: Families by age of youngest child ,T4_4AGE15_19P,Families with youngest child aged 15 - 19 (No. of persons),,,,T4_4AGE15_19P,Families with youngest child aged 15 - 19 (No. of persons),,W040409,,,,,T4_5ADOF,Adolescent (No of families),,6,,L040506
,,T4_4AGE_GE20P,Families with youngest child aged 20 and over (No. of persons),,,,S040410,,Theme 4: Families ,Table 4: Families by age of youngest child ,T4_4AGE_GE20P,Families with youngest child aged 20 and over (No. of persons),,,,T4_4AGE_GE20P,Families with youngest child aged 20 and over (No. of persons),,W040410,,,,,T4_5ADUF,Adult (No of families),,7,,L040507
,,T4_4TP,Total  (No. of persons),,,,S040411,,Theme 4: Families ,Table 4: Families by age of youngest child ,T4_4TP,Total  (No. of persons),,,,T4_4TP,Total  (No. of persons),,W040411,,,,,T4_5TF,Total (No of families),,8,,L040508
Theme 4: Families ,Table 5,T4_5PFF,Pre-family (No. of families),,,,S040500,,Theme 4: Families ,Table 5: Families by family cycle ,T4_5PFF,Pre-family (No. of families),,,Table 5: Families by family cycle ,T4_5PFF,Pre-family (No. of families),,W040500,,,,,T4_5PFP,Pre-family (No of persons),,9,,L040509
,Families by family cycle ,T4_5ENF,Empty nest (No. of families),,,,S040501,,Theme 4: Families ,Table 5: Families by family cycle ,T4_5ENF,Empty nest (No. of families),,,,T4_5ENF,Empty nest (No. of families),,W040501,,,,,T4_5ENP,Empty Nest (No of persons),,10,,L040510
,,T4_5RF,Retired (No. of families),,,,S040502,,Theme 4: Families ,Table 5: Families by family cycle ,T4_5RF,Retired (No. of families),,,,T4_5RF,Retired (No. of families),,W040502,,,,,T4_5RP,Retired (No of persons),,11,,L040511
,,T4_5PSF,Pre-school (No. of families),,,,S040503,,Theme 4: Families ,Table 5: Families by family cycle ,T4_5PSF,Pre-school (No. of families),,,,T4_5PSF,Pre-school (No. of families),,W040503,,,,,T4_5PSP,Pre-School (No of persons),,12,,L040512
,,T4_5ESF,Early school (No. of families),,,,S040504,,Theme 4: Families ,Table 5: Families by family cycle ,T4_5ESF,Early school (No. of families),,,,T4_5ESF,Early school (No. of families),,W040504,,,,,T4_5ESP,Early School (No of persons),,13,,L040513
,,T4_5PAF,Pre-adolescent (No. of families),,,,S040505,,Theme 4: Families ,Table 5: Families by family cycle ,T4_5PAF,Pre-adolescent (No. of families),,,,T4_5PAF,Pre-adolescent (No. of families),,W040505,,,,,T4_5PAP,Pre-Adolescent (No of persons),,14,,L040514
,,T4_5ADOF,Adolescent (No. of families),,,,S040506,,Theme 4: Families ,Table 5: Families by family cycle ,T4_5ADOF,Adolescent (No. of families),,,,T4_5ADOF,Adolescent (No. of families),,W040506,,,,,T4_5ADOP,Adolescent (No of persons),,15,,L040515
,,T4_5ADUF,Adult (No. of families),,,,S040507,,Theme 4: Families ,Table 5: Families by family cycle ,T4_5ADUF,Adult (No. of families),,,,T4_5ADUF,Adult (No. of families),,W040507,,,,,T4_5ADUP,Adult (No of persons),,16,,L040516
,,T4_5TF,Total (No. of families),,,,S040508,,Theme 4: Families ,Table 5: Families by family cycle ,T4_5TF,Total (No. of families),,,,T4_5TF,Total (No. of families),,W040508,,,,,T4_5TP,Total (No of persons),,17,,L040517
,,T4_5PFP,Pre-family (No. of persons),,,,S040509,,Theme 4: Families ,Table 5: Families by family cycle ,T4_5PFP,Pre-family (No. of persons),,,,T4_5PFP,Pre-family (No. of persons),,W040509,,,Theme 4 Families,Table 6,T4_6_0C,0 Children born,,0,,L040600
,,T4_5ENP,Empty nest (No. of persons),,,,S040510,,Theme 4: Families ,Table 5: Families by family cycle ,T4_5ENP,Empty nest (No. of persons),,,,T4_5ENP,Empty nest (No. of persons),,W040510,,,,Females aged 20 years or over by number of children born alive,T4_6_1C,1 Child born,,1,,L040601
,,T4_5RP,Retired (No. of persons),,,,S040511,,Theme 4: Families ,Table 5: Families by family cycle ,T4_5RP,Retired (No. of persons),,,,T4_5RP,Retired (No. of persons),,W040511,,,,,T4_6_2C,2 Children born,,2,,L040602
,,T4_5PSP,Pre-school (No. of persons),,,,S040512,,Theme 4: Families ,Table 5: Families by family cycle ,T4_5PSP,Pre-school (No. of persons),,,,T4_5PSP,Pre-school (No. of persons),,W040512,,,,,T4_6_3C,3 Children born,,3,,L040603
,,T4_5ESP,Early school (No. of persons),,,,S040513,,Theme 4: Families ,Table 5: Families by family cycle ,T4_5ESP,Early school (No. of persons),,,,T4_5ESP,Early school (No. of persons),,W040513,,,,,T4_6_GE4C,4 or more Children born,,4,,L040604
,,T4_5PAP,Pre-adolescent (No. of persons),,,,S040514,,Theme 4: Families ,Table 5: Families by family cycle ,T4_5PAP,Pre-adolescent (No. of persons),,,,T4_5PAP,Pre-adolescent (No. of persons),,W040514,,,,,T4_6T,Total,,5,,L040605
,,T4_5ADOP,Adolescent (No. of persons),,,,S040515,,Theme 4: Families ,Table 5: Families by family cycle ,T4_5ADOP,Adolescent (No. of persons),,,,T4_5ADOP,Adolescent (No. of persons),,W040515,,,Theme 5 Private Households,Table 1,T5_1OP_H,One Person Households (No of households),,0,,L050100
,,T4_5ADUP,Adult (No. of persons),,,,S040516,,Theme 4: Families ,Table 5: Families by family cycle ,T4_5ADUP,Adult (No. of persons),,,,T4_5ADUP,Adult (No. of persons),,W040516,,,,Private households by type,T5_1HW_H,Husband and Wife Households (No of households),,1,,L050101
,,T4_5TP,Total (No. of persons),,,,S040517,,Theme 4: Families ,Table 5: Families by family cycle ,T4_5TP,Total (No. of persons),,,,T4_5TP,Total (No. of persons),,W040517,,,,,T5_1CC_H,Cohabiting Couple Households (No of households),,2,,L050102
Theme 4: Families ,Table 6,T4_6_0C,0 children born,,,,S040600,,Theme 5: Private Households ,Table 1: Private households by type,T5_1OP_H,One person households (No. of households),,Theme 5: Private Households ,Table 1: Private households by type,T5_1OP_H,One person households (No. of households),,W050100,,,,,T5_1HWC_H,"Husband, Wife and Children Households (No of households)",,3,,L050103
,Females aged 20 years and over by number of children born,T4_6_1C,1 child born,,,,S040601,,Theme 5: Private Households ,Table 1: Private households by type,T5_1MC_H,Married couple households (No. of households),,,,T5_1MC_H,Married couple households (No. of households),,W050101,,,,,T5_1CCC_H,Cohabiting Couple and Children Households (No of households),,4,,L050104
,,T4_6_2C,2 children born,,,,S040602,,Theme 5: Private Households ,Table 1: Private households by type,T5_1CC_H,Cohabiting couple households (No. of households),,,,T5_1CC_H,Cohabiting couple households (No. of households),,W050102,,,,,T5_1FC_H,Father and Children Households (No of households),,5,,L050105
,,T4_6_3C,3 children born,,,,S040603,,Theme 5: Private Households ,Table 1: Private households by type,T5_1MCC_H,Married couple with children households (No. of households),,,,T5_1MCC_H,Married couple with children households (No. of households),,W050103,,,,,T5_1MC_H,Mother and Children Households (No of households),,6,,L050106
,,T4_6_GE4C,4 or more children born,,,,S040604,,Theme 5: Private Households ,Table 1: Private households by type,T5_1CCC_H,Cohabiting couple with children households (No. of households),,,,T5_1CCC_H,Cohabiting couple with children households (No. of households),,W050104,,,,,T5_1CO_H,Couple and Others Households (No of households),,7,,L050107
,,T4_6T,Total,,,,S040605,,Theme 5: Private Households ,Table 1: Private households by type,T5_1OPFC_H,One parent family (father) with  children households (No. of households),,,,T5_1OPFC_H,One parent family (father) with  children households (No. of households),,W050105,,,,,T5_1CCO_H,"Couple, Children and Others Households (No of households)",,8,,L050108
Theme 5: Private Households ,Table 1,T5_1OP_H,One person households (No. of households),,Husband and wife has been replaced with married couple,,S050100,,Theme 5: Private Households ,Table 1: Private households by type,T5_1OPMC_H,One parent family (mother) and children households (No. of households),,,,T5_1OPMC_H,One parent family (mother) and children households (No. of households),,W050106,,,,,T5_1FCO_H,"Father, Children and Others Households (No of households)",,9,,L050109
,Private households by type,T5_1MC_H,Married couple households (No. of households),T5_1HW_H,,,S050101,,Theme 5: Private Households ,Table 1: Private households by type,T5_1CO_H,Couple and others households (No. of households),,,,T5_1CO_H,Couple and others households (No. of households),,W050107,,,,,T5_1MCO_H,"Mother, Children and Others Households (No of households)",,10,,L050110
,,T5_1CC_H,Cohabiting couple households (No. of households),,Lone mother and lone father have been replaced with one parent family (mother) and one parent family (father),,S050102,,Theme 5: Private Households ,Table 1: Private households by type,T5_1CCO_H,Couple with children and others households (No. of households),,,,T5_1CCO_H,Couple with children and others households (No. of households),,W050108,,,,,T5_1GETFU_H,Two or more Family Units Households (No of households),,11,,L050111
,,T5_1MCC_H,Married couple with children households (No. of households),T5_1HWC_H,,,S050103,,Theme 5: Private Households ,Table 1: Private households by type,T5_1OPFCO_H,One parent family (father) with children and others households (No. of households),,,,T5_1OPFCO_H,One parent family (father) with children and others households (No. of households),,W050109,,,,,T5_1NHR_H,Non-family Households and Relations Households (No of households),,12,,L050112
,,T5_1CCC_H,Cohabiting couple with children households (No. of households),,,,S050104,,Theme 5: Private Households ,Table 1: Private households by type,T5_1OPMCO_H,One parent family (mother) with children and others households (No. of households),,,,T5_1OPMCO_H,One parent family (mother) with children and others households (No. of households),,W050110,,,,,T5_1GENP_H,Two or more Non-related Persons Households (No of households),,13,,L050113
,,T5_1OPFC_H,One parent family (father) with  children households (No. of households),T5_1FC_H,,,S050105,,Theme 5: Private Households ,Table 1: Private households by type,T5_1GETFU_H,Two or more family units households (No. of households),,,,T5_1GETFU_H,Two or more family units households (No. of households),,W050111,,,,,T5_1T_H,Total Households (No of households),,14,,L050114
,,T5_1OPMC_H,One parent family (mother) and children households (No. of households),T5_1MC_H,,,S050106,,Theme 5: Private Households ,Table 1: Private households by type,T5_1NHR_H,Non-family households and relations households (No. of households),,,,T5_1NHR_H,Non-family households and relations households (No. of households),,W050112,,,,,T5_1OP_P,One Person Households (No of persons),,15,,L050115
,,T5_1CO_H,Couple and others households (No. of households),,,,S050107,,Theme 5: Private Households ,Table 1: Private households by type,T5_1GENP_H,Two or more non-related persons households (No. of households),,,,T5_1GENP_H,Two or more non-related persons households (No. of households),,W050113,,,,,T5_1HW_P,Husband and Wife Households (No of persons),,16,,L050116
,,T5_1CCO_H,Couple with children and others households (No. of households),,,,S050108,,Theme 5: Private Households ,Table 1: Private households by type,T5_1T_H,Total households (No. of households),,,,T5_1T_H,Total households (No. of households),,W050114,,,,,T5_1CC_P,Cohabiting Couple Households (No of persons),,17,,L050117
,,T5_1OPFCO_H,One parent family (father) with children and others households (No. of households),T5_1FCO_H,,,S050109,,Theme 5: Private Households ,Table 1: Private households by type,T5_1OP_P,One person households (No. of persons),,,,T5_1OP_P,One person households (No. of persons),,W050115,,,,,T5_1HWC_P,"Husband, Wife and Children Households (No of persons)",,18,,L050118
,,T5_1OPMCO_H,One parent family (mother) with children and others households (No. of households),T5_1MCO_H,,,S050110,,Theme 5: Private Households ,Table 1: Private households by type,T5_1MC_P,Married couple households (No. of persons),,,,T5_1MC_P,Married couple households (No. of persons),,W050116,,,,,T5_1CCC_P,Cohabiting Couple and Children Households (No of persons),,19,,L050119
,,T5_1GETFU_H,Two or more family units households (No. of households),,,,S050111,,Theme 5: Private Households ,Table 1: Private households by type,T5_1CC_P,Cohabiting couple households (No. of persons),,,,T5_1CC_P,Cohabiting couple households (No. of persons),,W050117,,,,,T5_1FC_P,Father and Children Households (No of persons),,20,,L050120
,,T5_1NHR_H,Non-family households and relations households (No. of households),,,,S050112,,Theme 5: Private Households ,Table 1: Private households by type,T5_1MCC_P,Married couple with children households (No. of persons),,,,T5_1MCC_P,Married couple with children households (No. of persons),,W050118,,,,,T5_1MC_P,Mother and Children Households (No of persons),,21,,L050121
,,T5_1GENP_H,Two or more non-related persons households (No. of households),,,,S050113,,Theme 5: Private Households ,Table 1: Private households by type,T5_1CCC_P,Cohabiting couple with children households (No. of persons),,,,T5_1CCC_P,Cohabiting couple with children households (No. of persons),,W050119,,,,,T5_1CO_P,Couple and Others Households (No of persons),,22,,L050122
,,T5_1T_H,Total households (No. of households),,,,S050114,,Theme 5: Private Households ,Table 1: Private households by type,T5_1OPFC_P,One parent family (father) with  children households (No. of persons),,,,T5_1OPFC_P,One parent family (father) with  children households (No. of persons),,W050120,,,,,T5_1CCO_P,"Couple, Children and Others Households (No of persons)",,23,,L050123
,,T5_1OP_P,One person households (No. of persons),,,,S050115,,Theme 5: Private Households ,Table 1: Private households by type,T5_1OPMC_P,One parent family (mother) and children households (No. of persons),,,,T5_1OPMC_P,One parent family (mother) and children households (No. of persons),,W050121,,,,,T5_1FCO_P,"Father, Children and Others Households (No of persons)",,24,,L050124
,,T5_1MC_P,Married couple households (No. of persons),T5_1HW_P,,,S050116,,Theme 5: Private Households ,Table 1: Private households by type,T5_1CO_P,Couple and others households (No. of persons),,,,T5_1CO_P,Couple and others households (No. of persons),,W050122,,,,,T5_1MCO_P,"Mother, Children and Others Households (No of persons)",,25,,L050125
,,T5_1CC_P,Cohabiting couple households (No. of persons),,,,S050117,,Theme 5: Private Households ,Table 1: Private households by type,T5_1CCO_P,Couple with children and others households (No. of persons),,,,T5_1CCO_P,Couple with children and others households (No. of persons),,W050123,,,,,T5_1GETFU_P,Two or more Family Units Households (No of persons),,26,,L050126
,,T5_1MCC_P,Married couple with children households (No. of persons),T5_1HWC_P,,,S050118,,Theme 5: Private Households ,Table 1: Private households by type,T5_1OPFCO_P,One parent family (father) with children and others households (No. of persons),,,,T5_1OPFCO_P,One parent family (father) with children and others households (No. of persons),,W050124,,,,,T5_1NHR_P,Non-family Households and Relations Households (No of persons),,27,,L050127
,,T5_1CCC_P,Cohabiting couple with children households (No. of persons),,,,S050119,,Theme 5: Private Households ,Table 1: Private households by type,T5_1OPMCO_P,One parent family (mother) with children and others households (No. of persons),,,,T5_1OPMCO_P,One parent family (mother) with children and others households (No. of persons),,W050125,,,,,T5_1GENP_P,Two or more Non-related Persons Households (No of persons),,28,,L050128
,,T5_1OPFC_P,One parent family (father) with  children households (No. of persons),T5_1FC_P,,,S050120,,Theme 5: Private Households ,Table 1: Private households by type,T5_1GETFU_P,Two or more family units households (No. of persons),,,,T5_1GETFU_P,Two or more family units households (No. of persons),,W050126,,,,,T5_1T_P,Total Households (No of persons),,29,,L050129
,,T5_1OPMC_P,One parent family (mother) and children households (No. of persons),T5_1MC_P,,,S050121,,Theme 5: Private Households ,Table 1: Private households by type,T5_1NHR_P,Non-family households and relations households (No. of persons),,,,T5_1NHR_P,Non-family households and relations households (No. of persons),,W050127,,,Theme 5 Private Households,Table 2,T5_2_1PH,1 Person Households (No of households),,0,,L050200
,,T5_1CO_P,Couple and others households (No. of persons),,,,S050122,,Theme 5: Private Households ,Table 1: Private households by type,T5_1GENP_P,Two or more non-related persons households (No. of persons),,,,T5_1GENP_P,Two or more non-related persons households (No. of persons),,W050128,,,,Private households by size ,T5_2_2PH,2 Person Households (No of households),,1,,L050201
,,T5_1CCO_P,Couple with children and others households (No. of persons),,,,S050123,,Theme 5: Private Households ,Table 1: Private households by type,T5_1T_P,Total households (No. of persons),,,,T5_1T_P,Total households (No. of persons),,W050129,,,,,T5_2_3PH,3 Person Households (No of households),,2,,L050202
,,T5_1OPFCO_P,One parent family (father) with children and others households (No. of persons),T5_1FCO_P,,,S050124,,Theme 5: Private Households ,Table 2: Private households by size ,T5_2_1PH,1 person households (No. of households),,,Table 2: Private households by size ,T5_2_1PH,1 person households (No. of households),,W050200,,,,,T5_2_4PH,4 Person Households (No of households),,3,,L050203
,,T5_1OPMCO_P,One parent family (mother) with children and others households (No. of persons),T5_1MCO_P,,,S050125,,Theme 5: Private Households ,Table 2: Private households by size ,T5_2_2PH,2 person households (No. of households),,,,T5_2_2PH,2 person households (No. of households),,W050201,,,,,T5_2_5PH,5 Person Households (No of households),,4,,L050204
,,T5_1GETFU_P,Two or more family units households (No. of persons),,,,S050126,,Theme 5: Private Households ,Table 2: Private households by size ,T5_2_3PH,3 person households (No. of households),,,,T5_2_3PH,3 person households (No. of households),,W050202,,,,,T5_2_6PH,6 Person Households (No of households),,5,,L050205
,,T5_1NHR_P,Non-family households and relations households (No. of persons),,,,S050127,,Theme 5: Private Households ,Table 2: Private households by size ,T5_2_4PH,4 person households (No. of households),,,,T5_2_4PH,4 person households (No. of households),,W050203,,,,,T5_2_7PH,7 Person Households (No of households),,6,,L050206
,,T5_1GENP_P,Two or more non-related persons households (No. of persons),,,,S050128,,Theme 5: Private Households ,Table 2: Private households by size ,T5_2_5PH,5 person households (No. of households),,,,T5_2_5PH,5 person households (No. of households),,W050204,,,,,T5_2_GE8H,8 or more Persons Households (No of households),,7,,L050207
,,T5_1T_P,Total households (No. of persons),,,,S050129,,Theme 5: Private Households ,Table 2: Private households by size ,T5_2_6PH,6 person households (No. of households),,,,T5_2_6PH,6 person households (No. of households),,W050205,,,,,T5_2_TH,Total Households (No of households),,8,,L050208
Theme 5: Private Households ,Table 2,T5_2_1PH,1 person households (No. of households),,,,S050200,,Theme 5: Private Households ,Table 2: Private households by size ,T5_2_7PH,7 person households (No. of households),,,,T5_2_7PH,7 person households (No. of households),,W050206,,,,,T5_2_1PP,1 Person Households (No of persons),,9,,L050209
,Private households by size ,T5_2_2PH,2 person households (No. of households),,,,S050201,,Theme 5: Private Households ,Table 2: Private households by size ,T5_2_GE8PH,8 or more persons households (No. of households),,,,T5_2_GE8PH,8 or more persons households (No. of households),,W050207,,,,,T5_2_2PP,2 Person Households (No of persons),,10,,L050210
,,T5_2_3PH,3 person households (No. of households),,,,S050202,,Theme 5: Private Households ,Table 2: Private households by size ,T5_2_TH,Total households (No. of households),,,,T5_2_TH,Total households (No. of households),,W050208,,,,,T5_2_3PP,3 Person Households (No of persons),,11,,L050211
,,T5_2_4PH,4 person households (No. of households),,,,S050203,,Theme 5: Private Households ,Table 2: Private households by size ,T5_2_1PP,1 person households (No. of persons),,,,T5_2_1PP,1 person households (No. of persons),,W050209,,,,,T5_2_4PP,4 Person Households (No of persons),,12,,L050212
,,T5_2_5PH,5 person households (No. of households),,,,S050204,,Theme 5: Private Households ,Table 2: Private households by size ,T5_2_2PP,2 person households (No. of persons),,,,T5_2_2PP,2 person households (No. of persons),,W050210,,,,,T5_2_5PP,5 Person Households (No of persons),,13,,L050213
,,T5_2_6PH,6 person households (No. of households),,,,S050205,,Theme 5: Private Households ,Table 2: Private households by size ,T5_2_3PP,3 person households (No. of persons),,,,T5_2_3PP,3 person households (No. of persons),,W050211,,,,,T5_2_6PP,6 Person Households (No of persons),,14,,L050214
,,T5_2_7PH,7 person households (No. of households),,,,S050206,,Theme 5: Private Households ,Table 2: Private households by size ,T5_2_4PP,4 person households (No. of persons),,,,T5_2_4PP,4 person households (No. of persons),,W050212,,,,,T5_2_7PP,7 Person Households (No of persons),,15,,L050215
,,T5_2_GE8PH,8 or more persons households (No. of households),T5_2_GE8H,,,S050207,,Theme 5: Private Households ,Table 2: Private households by size ,T5_2_5PP,5 person households (No. of persons),,,,T5_2_5PP,5 person households (No. of persons),,W050213,,,,,T5_2_GE8P,8 or more Persons Households (No of persons),,16,,L050216
,,T5_2_TH,Total households (No. of households),,,,S050208,,Theme 5: Private Households ,Table 2: Private households by size ,T5_2_6PP,6 person households (No. of persons),,,,T5_2_6PP,6 person households (No. of persons),,W050214,,,,,T5_2_TP,Total Households (No of persons),,17,,L050217
,,T5_2_1PP,1 person households (No. of persons),,,,S050209,,Theme 5: Private Households ,Table 2: Private households by size ,T5_2_7PP,7 person households (No. of persons),,,,T5_2_7PP,7 person households (No. of persons),,W050215,,,Theme 6 Housing,Table 1,T6_1_HB_H,House/Bungalow (Households),,0,1,L060100
,,T5_2_2PP,2 person households (No. of persons),,,,S050210,,Theme 5: Private Households ,Table 2: Private households by size ,T5_2_GE8PP,8 or more persons households (No. of persons),,,,T5_2_GE8PP,8 or more persons households (No. of persons),,W050216,,,,Private households by type of accommodation ,T6_1_FA_H,Flat/Apartment (Households),,1,1,L060101
,,T5_2_3PP,3 person households (No. of persons),,,,S050211,,Theme 5: Private Households ,Table 2: Private households by size ,T5_2_TP,Total households (No. of persons),,,,T5_2_TP,Total households (No. of persons),,W050217,,,,,T6_1_BS_H,Bed-Sit (Households),,2,,L060102
,,T5_2_4PP,4 person households (No. of persons),,,,S050212,,Theme 6: Housing ,Table 1: Private households by type of accommodation ,T6_1_HB_H,House/Bungalow (No. of households),,Theme 6: Housing ,Table 1: Private households by type of accommodation ,T6_1_HB_H,House/Bungalow (No. of households),1,W060100,,,,,T6_1_CM_H,Caravan/Mobile home (Households),,3,,L060103
,,T5_2_5PP,5 person households (No. of persons),,,,S050213,,Theme 6: Housing ,Table 1: Private households by type of accommodation ,T6_1_FA_H,Flat/Apartment (No. of households),,,,T6_1_FA_H,Flat/Apartment (No. of households),1,W060101,,,,,T6_1_NS_H,Not Stated (Households),,4,,L060104
,,T5_2_6PP,6 person households (No. of persons),,,,S050214,,Theme 6: Housing ,Table 1: Private households by type of accommodation ,T6_1_BS_H,Bed-Sit (No. of households),,,,T6_1_BS_H,Bed-Sit (No. of households),,W060102,,,,,T6_1_TH,Total (Households),,5,1,L060105
,,T5_2_7PP,7 person households (No. of persons),,,,S050215,,Theme 6: Housing ,Table 1: Private households by type of accommodation ,T6_1_CM_H,Caravan/Mobile home (No. of households),,,,T6_1_CM_H,Caravan/Mobile home (No. of households),,W060103,,,,,T6_1_HB_P,House/Bungalow (Persons),,6,1,L060106
,,T5_2_GE8PP,8 or more persons households (No. of persons),T5_2_GE8P,,,S050216,,Theme 6: Housing ,Table 1: Private households by type of accommodation ,T6_1_TH,Total (No. of households),,,,T6_1_TH,Total (No. of households),1,W060104,,,,,T6_1_FA_P,Flat/Apartment (Persons),,7,1,L060107
,,T5_2_TP,Total households (No. of persons),,,,S050217,,Theme 6: Housing ,Table 1: Private households by type of accommodation ,T6_1_HB_P,House/Bungalow (No. of persons),,,,T6_1_HB_P,House/Bungalow (No. of persons),1,W060105,,,,,T6_1_BS_P,Bed-Sit (Persons),,8,,L060108
Theme 6: Housing ,Table 1,T6_1_HB_H,House/Bungalow (No. of households),,,1,S060100,,Theme 6: Housing ,Table 1: Private households by type of accommodation ,T6_1_FA_P,Flat/Apartment (No. of persons),,,,T6_1_FA_P,Flat/Apartment (No. of persons),1,W060106,,,,,T6_1_CM_P,Caravan/Mobile home (Persons),,9,,L060109
,Private households by type of accommodation ,T6_1_FA_H,Flat/Apartment (No. of households),,,1,S060101,,Theme 6: Housing ,Table 1: Private households by type of accommodation ,T6_1_BS_P,Bed-Sit (No. of persons),,,,T6_1_BS_P,Bed-Sit (No. of persons),,W060107,,,,,T6_1_NS_P,Not Stated (Persons),,10,,L060110
,,T6_1_BS_H,Bed-Sit (No. of households),,,,S060102,,Theme 6: Housing ,Table 1: Private households by type of accommodation ,T6_1_CM_P,Caravan/Mobile home (No. of persons),,,,T6_1_CM_P,Caravan/Mobile home (No. of persons),,W060108,,,,,T6_1_TP,Total (Persons),,11,1,L060111
,,T6_1_CM_H,Caravan/Mobile home (No. of households),,,,S060103,,Theme 6: Housing ,Table 1: Private households by type of accommodation ,T6_1_TP,Total (No. of persons),,,,T6_1_TP,Total (No. of persons),1,W060109,,,Theme 6 Housing,Table 2,T6_2_PRE19H,Pre 1919 (Households),,0,,L060200
,,T6_1_NS_H,Not stated (No. of households),,,,S060104,,Theme 6: Housing ,Table 2: Permanent private households by year built ,T6_2_PRE19H,Pre 1919 (No. of households),,,Table 2: Permanent private households by year built ,T6_2_PRE19H,Pre 1919 (No. of households),,W060200,,,,Permanent private households by year built ,T6_2_19_45H,1919-1945 (Households),,1,,L060201
,,T6_1_TH,Total (No. of households),,,1,S060105,,Theme 6: Housing ,Table 2: Permanent private households by year built ,T6_2_19_45H,1919 - 1945 (No. of households),,,,T6_2_19_45H,1919 - 1945 (No. of households),,W060201,,,,,T6_2_46_60H,1946-1960 (Households),,2,,L060202
,,T6_1_HB_P,House/Bungalow (No. of persons),,,1,S060106,,Theme 6: Housing ,Table 2: Permanent private households by year built ,T6_2_46_60H,1946 - 1960 (No. of households),,,,T6_2_46_60H,1946 - 1960 (No. of households),,W060202,,,,,T6_2_61_70H,1961-1970 (Households),,3,,L060203
,,T6_1_FA_P,Flat/Apartment (No. of persons),,,1,S060107,,Theme 6: Housing ,Table 2: Permanent private households by year built ,T6_2_61_70H,1961 - 1970 (No. of households),,,,T6_2_61_70H,1961 - 1970 (No. of households),,W060203,,,,,T6_2_71_80H,1971-1980 (Households),,4,,L060204
,,T6_1_BS_P,Bed-Sit (No. of persons),,,,S060108,,Theme 6: Housing ,Table 2: Permanent private households by year built ,T6_2_71_80H,1971 - 1980 (No. of households),,,,T6_2_71_80H,1971 - 1980 (No. of households),,W060204,,,,,T6_2_81_90H,1981-1990 (Households),,5,,L060205
,,T6_1_CM_P,Caravan/Mobile home (No. of persons),,,,S060109,,Theme 6: Housing ,Table 2: Permanent private households by year built ,T6_2_81_90H,1981 - 1990 (No. of households),,,,T6_2_81_90H,1981 - 1990 (No. of households),,W060205,,,,,T6_2_91_00H,1991-2000 (Households),,6,,L060206
,,T6_1_NS_P,Not stated (No. of persons),,,,S060110,,Theme 6: Housing ,Table 2: Permanent private households by year built ,T6_2_91_00H,1991 - 2000 (No. of households),,,,T6_2_91_00H,1991 - 2000 (No. of households),,W060206,,,,,T6_2_01_05H,2001-2005 (Households),,7,,L060207
,,T6_1_TP,Total (No. of persons),,,1,S060111,,Theme 6: Housing ,Table 2: Permanent private households by year built ,T6_2_01_10H,2001 - 2010 (No. of households),,,,T6_2_01_10H,2001 - 2010 (No. of households),,W060207,,,,,T6_2_06LH,2006 or Later (Households),,8,,L060208
Theme 6: Housing ,Table 2,T6_2_PRE19H,Pre 1919 (No. of households),,,,S060200,,Theme 6: Housing ,Table 2: Permanent private households by year built ,T6_2_11_15H,2011 - 2015 (No. of households),,,,T6_2_11_15H,2011 - 2015 (No. of households),,W060208,,,,,T6_2_NSH,Not Stated (Households),,9,,L060209
,Permanent private households by year built ,T6_2_19_45H,1919 - 1945 (No. of households),,,,S060201,,Theme 6: Housing ,Table 2: Permanent private households by year built ,T6_2_16LH,2016 or later  (No. of households),,,,T6_2_16LH,2016 or later  (No. of households),,W060209,,,,,T6_2_TH,Total (Households),,10,,L060210
,,T6_2_46_60H,1946 - 1960 (No. of households),,,,S060202,,Theme 6: Housing ,Table 2: Permanent private households by year built ,T6_2_NSH,Not stated (No. of households),,,,T6_2_NSH,Not stated (No. of households),,W060210,,,,,T6_2_PRE19P,Pre 1919 (Persons),,11,,L060211
,,T6_2_61_70H,1961 - 1970 (No. of households),,,,S060203,,Theme 6: Housing ,Table 2: Permanent private households by year built ,T6_2_TH,Total (No. of households),,,,T6_2_TH,Total (No. of households),,W060211,,,,,T6_2_19_45P,1919-1945 (Persons),,12,,L060212
,,T6_2_71_80H,1971 - 1980 (No. of households),,,,S060204,,Theme 6: Housing ,Table 2: Permanent private households by year built ,T6_2_PRE19P,Pre 1919 (No. of persons),,,,T6_2_PRE19P,Pre 1919 (No. of persons),,W060212,,,,,T6_2_46_60P,1946-1960 (Persons),,13,,L060213
,,T6_2_81_90H,1981 - 1990 (No. of households),,,,S060205,,Theme 6: Housing ,Table 2: Permanent private households by year built ,T6_2_19_45P,1919 - 1945 (No. of persons),,,,T6_2_19_45P,1919 - 1945 (No. of persons),,W060213,,,,,T6_2_61_70P,1961-1970 (Persons),,14,,L060214
,,T6_2_91_00H,1991 - 2000 (No. of households),,,,S060206,,Theme 6: Housing ,Table 2: Permanent private households by year built ,T6_2_46_60P,1946 - 1960 (No. of persons),,,,T6_2_46_60P,1946 - 1960 (No. of persons),,W060214,,,,,T6_2_71_80P,1971-1980 (Persons),,15,,L060215
,,T6_2_01_10H,2001 - 2010 (No. of households),,,,S060207,,Theme 6: Housing ,Table 2: Permanent private households by year built ,T6_2_61_70P,1961 - 1970 (No. of persons),,,,T6_2_61_70P,1961 - 1970 (No. of persons),,W060215,,,,,T6_2_81_90P,1981-1990 (Persons),,16,,L060216
,,T6_2_11LH,2011 or Later (No. of households),,,,S060208,,Theme 6: Housing ,Table 2: Permanent private households by year built ,T6_2_71_80P,1971 - 1980 (No. of persons),,,,T6_2_71_80P,1971 - 1980 (No. of persons),,W060216,,,,,T6_2_91_00P,1991-2000 (Persons),,17,,L060217
,,T6_2_NSH,Not stated (No. of households),,,,S060209,,Theme 6: Housing ,Table 2: Permanent private households by year built ,T6_2_81_90P,1981 - 1990 (No. of persons),,,,T6_2_81_90P,1981 - 1990 (No. of persons),,W060217,,,,,T6_2_01_05P,2001-2005 (Persons),,18,,L060218
,,T6_2_TH,Total (No. of households),,,,S060210,,Theme 6: Housing ,Table 2: Permanent private households by year built ,T6_2_91_00P,1991 - 2000 (No. of persons),,,,T6_2_91_00P,1991 - 2000 (No. of persons),,W060218,,,,,T6_2_06LP,2006 or Later (Persons),,19,,L060219
,,T6_2_PRE19P,Pre 1919 (No. of persons),,,,S060211,,Theme 6: Housing ,Table 2: Permanent private households by year built ,T6_2_01_10P,2001 - 2010 (No. of persons),,,,T6_2_01_10P,2001 - 2010 (No. of persons),,W060219,,,,,T6_2_NSP,Not Stated (Persons),,20,,L060220
,,T6_2_19_45P,1919 - 1945 (No. of persons),,,,S060212,,Theme 6: Housing ,Table 2: Permanent private households by year built ,T6_2_11_15P,2011 or 2015 (No. of persons),,,,T6_2_11_15P,2011 or 2015 (No. of persons),,W060220,,,,,T6_2_TP,Total (Persons),,21,,L060221
,,T6_2_46_60P,1946 - 1960 (No. of persons),,,,S060213,,Theme 6: Housing ,Table 2: Permanent private households by year built ,T6_2_16LP,2016 or later  (No. of persons),,,,T6_2_16LP,2016 or later  (No. of persons),,W060221,,,Theme 6 Housing,Table 3,T6_3_OOMH,Owner Occupier with Mortgage (Households),,0,,L060300
,,T6_2_61_70P,1961 - 1970 (No. of persons),,,,S060214,,Theme 6: Housing ,Table 2: Permanent private households by year built ,T6_2_NSP,Not stated (No. of persons),,,,T6_2_NSP,Not stated (No. of persons),,W060222,,,,Permanent private households by type of occupancy ,T6_3_OCNMH,Owner Occupier No Mortgage (Households),,1,,L060301
,,T6_2_71_80P,1971 - 1980 (No. of persons),,,,S060215,,Theme 6: Housing ,Table 2: Permanent private households by year built ,T6_2_TP,Total (No. of persons),,,,T6_2_TP,Total (No. of persons),,W060223,,,,,T6_3_RPLH,Rented from Private Landlord (Households),,2,,L060302
,,T6_2_81_90P,1981 - 1990 (No. of persons),,,,S060216,,Theme 6: Housing ,Table 3: Permanent private households by type of occupancy ,T6_3_OMLH,Owned with mortgage or loan (No. of households),,,Table 3: Permanent private households by type of occupancy ,T6_3_OMLH,Owned with mortgage or loan (No. of households),,W060300,,,,,T6_3_RLAH,Rented from Local Authority (Households),,3,,L060303
,,T6_2_91_00P,1991 - 2000 (No. of persons),,,,S060217,,Theme 6: Housing ,Table 3: Permanent private households by type of occupancy ,T6_3_OOH,Owned outright (No. of households),,,,T6_3_OOH,Owned outright (No. of households),,W060301,,,,,T6_3_RVBH,Rented from Voluntary Body (Households),,4,,L060304
,,T6_2_01_10P,2001 - 2010 (No. of persons),,,,S060218,,Theme 6: Housing ,Table 3: Permanent private households by type of occupancy ,T6_3_RPLH,Rented from private landlord (No. of households) ,,,,T6_3_RPLH,Rented from private landlord (No. of households) ,,W060302,,,,,T6_3_OFRH,Rented Free of Rent (Households),,5,,L060305
,,T6_2_11LP,2011 or Later (No. of persons),,,,S060219,,Theme 6: Housing ,Table 3: Permanent private households by type of occupancy ,T6_3_RLAH,Rented from Local Authority (No. of households),,,,T6_3_RLAH,Rented from Local Authority (No. of households),,W060303,,,,,T6_3_NSH,Not Stated (Households),,6,,L060306
,,T6_2_NSP,Not stated (No. of persons),,,,S060220,,Theme 6: Housing ,Table 3: Permanent private households by type of occupancy ,T6_3_RVCHBH,Rented from voluntary/co-operative housing body (No. of households),,,,T6_3_RVCHBH,Rented from voluntary/co-operative housing body (No. of households),,W060304,,,,,T6_3_TH,Total (Households),,7,,L060307
,,T6_2_TP,Total (No. of persons),,,,S060221,,Theme 6: Housing ,Table 3: Permanent private households by type of occupancy ,T6_3_OFRH,Occupied free of rent (No. of households),,,,T6_3_OFRH,Occupied free of rent (No. of households),,W060305,,,,,T6_3_OOMP,Owner Occupier with Mortgage (Persons),,8,,L060308
Theme 6: Housing ,Table 3,T6_3_OMLH,Owned with mortgage or loan (No. of households),T6_3_OOMH,,,S060300,,Theme 6: Housing ,Table 3: Permanent private households by type of occupancy ,T6_3_NSH,Not stated (No. of households),,,,T6_3_NSH,Not stated (No. of households),,W060306,,,,,T6_3_OCNMP,Owner Occupier No Mortgage (Persons),,9,,L060309
,Permanent private households by type of occupancy ,T6_3_OOH,Owned outright (No. of households),T6_3_OCNMH,,,S060301,,Theme 6: Housing ,Table 3: Permanent private households by type of occupancy ,T6_3_TH,Total (No. of households),,,,T6_3_TH,Total (No. of households),,W060307,,,,,T6_3_RPLP,Rented from Private Landlord (Persons),,10,,L060310
,,T6_3_RPLH,Rented from private landlord (No. of households) ,,,,S060302,,Theme 6: Housing ,Table 3: Permanent private households by type of occupancy ,T6_3_OMLP,Owned with mortgage or loan (No. of persons),,,,T6_3_OMLP,Owned with mortgage or loan (No. of persons),,W060308,,,,,T6_3_RLAP,Rented from Local Authority (Persons),,11,,L060311
,,T6_3_RLAH,Rented from Local Authority (No. of households),,,,S060303,,Theme 6: Housing ,Table 3: Permanent private households by type of occupancy ,T6_3_OOP,Owned outright (No. of persons),,,,T6_3_OOP,Owned outright (No. of persons),,W060309,,,,,T6_3_RVBP,Rented from Voluntary Body (Persons),,12,,L060312
,,T6_3_RVCHBH,Rented from voluntary/co-operative housing body (No. of households),T6_3_RVBH,,,S060304,,Theme 6: Housing ,Table 3: Permanent private households by type of occupancy ,T6_3_RPLP,Rented from private landlord (No. of persons) ,,,,T6_3_RPLP,Rented from private landlord (No. of persons) ,,W060310,,,,,T6_3_OFRP,Rented Free of Rent (Persons),,13,,L060313
,,T6_3_OFRH,Occupied free of rent (No. of households),,,,S060305,,Theme 6: Housing ,Table 3: Permanent private households by type of occupancy ,T6_3_RLAP,Rented from Local Authority (No. of persons),,,,T6_3_RLAP,Rented from Local Authority (No. of persons),,W060311,,,,,T6_3_NSP,Not Stated (Persons),,14,,L060314
,,T6_3_NSH,Not stated (No. of households),,,,S060306,,Theme 6: Housing ,Table 3: Permanent private households by type of occupancy ,T6_3_RVCHBP,Rented from voluntary/co-operative housing body (No. of persons),,,,T6_3_RVCHBP,Rented from voluntary/co-operative housing body (No. of persons),,W060312,,,,,T6_3_TP,Total (Persons),,15,,L060315
,,T6_3_TH,Total (No. of households),,,,S060307,,Theme 6: Housing ,Table 3: Permanent private households by type of occupancy ,T6_3_OFRP,Occupied free of rent (No. of persons),,,,T6_3_OFRP,Occupied free of rent (No. of persons),,W060313,,,Theme 6 Housing,Table 4,T6_4_1RH,1 Room (Households),,0,,L060400
,,T6_3_OMLP,Owned with mortgage or loan (No. of persons),T6_3_OOMP,,,S060308,,Theme 6: Housing ,Table 3: Permanent private households by type of occupancy ,T6_3_NSP,Not stated (No. of persons),,,,T6_3_NSP,Not stated (No. of persons),,W060314,,,,Permanent private households by number of rooms ,T6_4_2RH,2 Rooms (Households),,1,,L060401
,,T6_3_OOP,Owned outright (No. of persons),T6_3_OCNMP,,,S060309,,Theme 6: Housing ,Table 3: Permanent private households by type of occupancy ,T6_3_TP,Total (No. of persons),,,,T6_3_TP,Total (No. of persons),,W060315,,,,,T6_4_3RH,3 Rooms (Households),,2,,L060402
,,T6_3_RPLP,Rented from private landlord (No. of persons) ,,,,S060310,,Theme 6: Housing ,Table 4: Permanent private households by number of rooms ,T6_4_1RH,1 room (No. of households),,,Table 4: Permanent private households by number of rooms ,T6_4_1RH,1 room (No. of households),,W060400,,,,,T6_4_4RH,4 Rooms (Households),,3,,L060403
,,T6_3_RLAP,Rented from Local Authority (No. of persons),,,,S060311,,Theme 6: Housing ,Table 4: Permanent private households by number of rooms ,T6_4_2RH,2 rooms (No. of households),,,,T6_4_2RH,2 rooms (No. of households),,W060401,,,,,T6_4_5RH,5 Rooms (Households),,4,,L060404
,,T6_3_RVCHBP,Rented from voluntary/co-operative housing body (No. of persons),T6_3_RVBP,,,S060312,,Theme 6: Housing ,Table 4: Permanent private households by number of rooms ,T6_4_3RH,3 rooms (No. of households),,,,T6_4_3RH,3 rooms (No. of households),,W060402,,,,,T6_4_6RH,6 Rooms (Households),,5,,L060405
,,T6_3_OFRP,Occupied free of rent (No. of persons),,,,S060313,,Theme 6: Housing ,Table 4: Permanent private households by number of rooms ,T6_4_4RH,4 rooms (No. of households),,,,T6_4_4RH,4 rooms (No. of households),,W060403,,,,,T6_4_7RH,7 Rooms (Households),,6,,L060406
,,T6_3_NSP,Not stated (No. of persons),,,,S060314,,Theme 6: Housing ,Table 4: Permanent private households by number of rooms ,T6_4_5RH,5 rooms (No. of households),,,,T6_4_5RH,5 rooms (No. of households),,W060404,,,,,T6_4_GE8RH,8 or more Rooms (Households),,7,,L060407
,,T6_3_TP,Total (No. of persons),,,,S060315,,Theme 6: Housing ,Table 4: Permanent private households by number of rooms ,T6_4_6RH,6 rooms (No. of households),,,,T6_4_6RH,6 rooms (No. of households),,W060405,,,,,T6_4_NSH,Not Stated (Households),,8,,L060408
Theme 6: Housing ,Table 4,T6_4_1RH,1 room (No. of households),,,,S060400,,Theme 6: Housing ,Table 4: Permanent private households by number of rooms ,T6_4_7RH,7 rooms (No. of households),,,,T6_4_7RH,7 rooms (No. of households),,W060406,,,,,T6_4_TH,Total (Households),,9,,L060409
,Permanent private households by number of rooms ,T6_4_2RH,2 rooms (No. of households),,,,S060401,,Theme 6: Housing ,Table 4: Permanent private households by number of rooms ,T6_4_GE8RH,8 or more rooms (No. of households),,,,T6_4_GE8RH,8 or more rooms (No. of households),,W060407,,,,,T6_4_1RP,1 Room (Persons),,10,,L060410
,,T6_4_3RH,3 rooms (No. of households),,,,S060402,,Theme 6: Housing ,Table 4: Permanent private households by number of rooms ,T6_4_NSH,Not stated (No. of households),,,,T6_4_NSH,Not stated (No. of households),,W060408,,,,,T6_4_2RP,2 Rooms (Persons),,11,,L060411
,,T6_4_4RH,4 rooms (No. of households),,,,S060403,,Theme 6: Housing ,Table 4: Permanent private households by number of rooms ,T6_4_TH,Total (No. of households),,,,T6_4_TH,Total (No. of households),,W060409,,,,,T6_4_3RP,3 Rooms (Persons),,12,,L060412
,,T6_4_5RH,5 rooms (No. of households),,,,S060404,,Theme 6: Housing ,Table 4: Permanent private households by number of rooms ,T6_4_1RP,1 room (No. of persons),,,,T6_4_1RP,1 room (No. of persons),,W060410,,,,,T6_4_4RP,4 Rooms (Persons),,13,,L060413
,,T6_4_6RH,6 rooms (No. of households),,,,S060405,,Theme 6: Housing ,Table 4: Permanent private households by number of rooms ,T6_4_2RP,2 rooms (No. of persons),,,,T6_4_2RP,2 rooms (No. of persons),,W060411,,,,,T6_4_5RP,5 Rooms (Persons),,14,,L060414
,,T6_4_7RH,7 rooms (No. of households),,,,S060406,,Theme 6: Housing ,Table 4: Permanent private households by number of rooms ,T6_4_3RP,3 rooms (No. of persons),,,,T6_4_3RP,3 rooms (No. of persons),,W060412,,,,,T6_4_6RP,6 Rooms (Persons),,15,,L060415
,,T6_4_GE8RH,8 or more rooms (No. of households),,,,S060407,,Theme 6: Housing ,Table 4: Permanent private households by number of rooms ,T6_4_4RP,4 rooms (No. of persons),,,,T6_4_4RP,4 rooms (No. of persons),,W060413,,,,,T6_4_7RP,7 Rooms (Persons),,16,,L060416
,,T6_4_NSH,Not stated (No. of households),,,,S060408,,Theme 6: Housing ,Table 4: Permanent private households by number of rooms ,T6_4_5RP,5 rooms (No. of persons),,,,T6_4_5RP,5 rooms (No. of persons),,W060414,,,,,T6_4_GE8RP,8 or more Rooms (Persons),,17,,L060417
,,T6_4_TH,Total (No. of households),,,,S060409,,Theme 6: Housing ,Table 4: Permanent private households by number of rooms ,T6_4_6RP,6 rooms (No. of persons),,,,T6_4_6RP,6 rooms (No. of persons),,W060415,,,,,T6_4_NSP,Not Stated (Persons),,18,,L060418
,,T6_4_1RP,1 room (No. of persons),,,,S060410,,Theme 6: Housing ,Table 4: Permanent private households by number of rooms ,T6_4_7RP,7 rooms (No. of persons),,,,T6_4_7RP,7 rooms (No. of persons),,W060416,,,,,T6_4_TP,Total (Persons),,19,,L060419
,,T6_4_2RP,2 rooms (No. of persons),,,,S060411,,Theme 6: Housing ,Table 4: Permanent private households by number of rooms ,T6_4_GE8RP,8 or more rooms (No. of persons),,,,T6_4_GE8RP,8 or more rooms (No. of persons),,W060417,,,Theme 6 Housing,Table 5,T6_5_NCH,No Central Heating,,0,,L060500
,,T6_4_3RP,3 rooms (No. of persons),,,,S060412,,Theme 6: Housing ,Table 4: Permanent private households by number of rooms ,T6_4_NSP,Not stated (No. of persons),,,,T6_4_NSP,Not stated (No. of persons),,W060418,,,,Permanent private households by central heating ,T6_5_OCH,Oil (Central Heating),,1,,L060501
,,T6_4_4RP,4 rooms (No. of persons),,,,S060413,,Theme 6: Housing ,Table 4: Permanent private households by number of rooms ,T6_4_TP,Total (No. of persons),,,,T6_4_TP,Total (No. of persons),,W060419,,,,,T6_5_NGCH,Natural Gas (Central Heating),,2,,L060502
,,T6_4_5RP,5 rooms (No. of persons),,,,S060414,,Theme 6: Housing ,Table 5: Permanent private households by central heating ,T6_5_NCH,No central heating,,,Table 5: Permanent private households by central heating ,T6_5_NCH,No central heating,,W060500,,,,,T6_5_ECH,Electricity (Central Heating),,3,,L060503
,,T6_4_6RP,6 rooms (No. of persons),,,,S060415,,Theme 6: Housing ,Table 5: Permanent private households by central heating ,T6_5_OCH,Oil,,,,T6_5_OCH,Oil,,W060501,,,,,T6_5_CCH,Coal (Central Heating),,4,,L060504
,,T6_4_7RP,7 rooms (No. of persons),,,,S060416,,Theme 6: Housing ,Table 5: Permanent private households by central heating ,T6_5_NGCH,Natural gas,,,,T6_5_NGCH,Natural gas,,W060502,,,,,T6_5_PCH,Peat (Central Heating),,5,,L060505
,,T6_4_GE8RP,8 or more rooms (No. of persons),,,,S060417,,Theme 6: Housing ,Table 5: Permanent private households by central heating ,T6_5_ECH,Electricity,,,,T6_5_ECH,Electricity,,W060503,,,,,T6_5_LPGCH,Liquid Petroleum Gas (Central Heating),,6,,L060506
,,T6_4_NSP,Not stated (No. of persons),,,,S060418,,Theme 6: Housing ,Table 5: Permanent private households by central heating ,T6_5_CCH,Coal (incl. anthracite),,,,T6_5_CCH,Coal (incl. anthracite),,W060504,,,,,T6_5_WCH,Wood (Central Heating),,7,,L060507
,,T6_4_TP,Total (No. of persons),,,,S060419,,Theme 6: Housing ,Table 5: Permanent private households by central heating ,T6_5_PCH,Peat (incl. turf),,,,T6_5_PCH,Peat (incl. turf),,W060505,,,,,T6_5_OTH,Other,,8,,L060508
Theme 6: Housing ,Table 5,T6_5_NCH,No central heating,,,,S060500,,Theme 6: Housing ,Table 5: Permanent private households by central heating ,T6_5_LPGCH,Liquid petroleum gas (LPG),,,,T6_5_LPGCH,Liquid petroleum gas (LPG),,W060506,,,,,T6_5_NS,Not Stated,,9,,L060509
,Permanent private households by central heating ,T6_5_OCH,Oil,,,,S060501,,Theme 6: Housing ,Table 5: Permanent private households by central heating ,T6_5_WCH,Wood (incl. wood pellets),,,,T6_5_WCH,Wood (incl. wood pellets),,W060507,,,,,T6_5_T,Total,,10,,L060510
,,T6_5_NGCH,Natural gas,,,,S060502,,Theme 6: Housing ,Table 5: Permanent private households by central heating ,T6_5_OTH,Other,,,,T6_5_OTH,Other,,W060508,,,Theme 6 Housing,Table 6,T6_6_PM,Public Main,,0,,L060600
,,T6_5_ECH,Electricity,,,,S060503,,Theme 6: Housing ,Table 5: Permanent private households by central heating ,T6_5_NS,Not stated,,,,T6_5_NS,Not stated,,W060509,,,,Permanent private households by water supply ,T6_6_GSLA,Group Scheme with Local Authority,,1,,L060601
,,T6_5_CCH,Coal (incl. anthracite),,,,S060504,,Theme 6: Housing ,Table 5: Permanent private households by central heating ,T6_5_T,Total,,,,T6_5_T,Total,,W060510,,,,,T6_6_GSP,Group Scheme with Private source,,2,,L060602
,,T6_5_PCH,Peat (incl. turf),,,,S060505,,Theme 6: Housing ,Table 6: Permanent private households by water supply ,T6_6_PM,Public main,,,Table 6: Permanent private households by water supply ,T6_6_PM,Public main,,W060600,,,,,T6_6_OP,Other Private source,,3,,L060603
,,T6_5_LPGCH,Liquid petroleum gas (LPG),,,,S060506,,Theme 6: Housing ,Table 6: Permanent private households by water supply ,T6_6_GSLA,Group scheme with public source,,,,T6_6_GSLA,Group scheme with public source,,W060601,,,,,T6_6_N,None,,4,,L060604
,,T6_5_WCH,Wood (incl. wood pellets),,,,S060507,,Theme 6: Housing ,Table 6: Permanent private households by water supply ,T6_6_GSP,Group scheme with private source,,,,T6_6_GSP,Group scheme with private source,,W060602,,,,,T6_6_NS,Not stated,,5,,L060605
,,T6_5_OTH,Other,,,,S060508,,Theme 6: Housing ,Table 6: Permanent private households by water supply ,T6_6_OP,Other private source,,,,T6_6_OP,Other private source,,W060603,,,,,T6_6_T,Total,,6,,L060606
,,T6_5_NS,Not stated,,,,S060509,,Theme 6: Housing ,Table 6: Permanent private households by water supply ,T6_6_N,None,,,,T6_6_N,None,,W060604,,,Theme 6 Housing,Table 7,T6_7_PS,Public Scheme,,0,,L060700
,,T6_5_T,Total,,,,S060510,,Theme 6: Housing ,Table 6: Permanent private households by water supply ,T6_6_NS,Not stated,,,,T6_6_NS,Not stated,,W060605,,,,Permanent private households by sewerage facility ,T6_7_IST,Individual Septic Tank,,1,,L060701
Theme 6: Housing ,Table 6,T6_6_PM,Public main,,,,S060600,,Theme 6: Housing ,Table 6: Permanent private households by water supply ,T6_6_T,Total,,,,T6_6_T,Total,,W060606,,,,,T6_7_OIT,Other Individual Treatment,,2,,L060702
,Permanent private households by water supply ,T6_6_GSLA,Group scheme with public source,,,,S060601,,Theme 6: Housing ,Table 7: Permanent private households by sewerage facility ,T6_7_PS,Public scheme,,,Table 7: Permanent private households by sewerage facility ,T6_7_PS,Public scheme,,W060700,,,,,T6_7_OTH,Other,,3,,L060703
,,T6_6_GSP,Group scheme with private source,,,,S060602,,Theme 6: Housing ,Table 7: Permanent private households by sewerage facility ,T6_7_IST,Individual septic tank,,,,T6_7_IST,Individual septic tank,,W060701,,,,,T6_7_NSF,No Sewerage Facility,,4,,L060704
,,T6_6_OP,Other private source,,,,S060603,,Theme 6: Housing ,Table 7: Permanent private households by sewerage facility ,T6_7_OIT,Other individual treatment,,,,T6_7_OIT,Other individual treatment,,W060702,,,,,T6_7_NS,Not Stated,,5,,L060705
,,T6_6_N,None,,,,S060604,,Theme 6: Housing ,Table 7: Permanent private households by sewerage facility ,T6_7_OTH,Other,,,,T6_7_OTH,Other,,W060703,,,,,T6_7_T,Total,,6,,L060706
,,T6_6_NS,Not stated,,,,S060605,,Theme 6: Housing ,Table 7: Permanent private households by sewerage facility ,T6_7_NSF,No sewerage facility,,,,T6_7_NSF,No sewerage facility,,W060704,,,Theme 6 Housing,Table 8,T6_8_O,Occupied,,0,1,L060800
,,T6_6_T,Total,,,,S060606,,Theme 6: Housing ,Table 7: Permanent private households by sewerage facility ,T6_7_NS,Not stated,,,,T6_7_NS,Not stated,,W060705,,,,Occupancy status of permanent dwellings on Census night,T6_8_U,Unoccupied,,1,,L060801
Theme 6: Housing ,Table 7,T6_7_PS,Public scheme,,,,S060700,,Theme 6: Housing ,Table 7: Permanent private households by sewerage facility ,T6_7_T,Total,,,,T6_7_T,Total,,W060706,,,,,T6_8_T,Total,,2,1,L060802
,Permanent private households by sewerage facility ,T6_7_IST,Individual septic tank,,,,S060701,,Theme 6: Housing ,Table 8: Occupancy status of permanent dwellings on Census night,T6_8_O,Occupied,,,Table 8: Occupancy status of permanent dwellings on Census night,T6_8_O,Occupied,1,W060800,,,Theme 7 Communal Establishments,Table 1,T7_1_NE,Number of Establishment,,0,,L070100
,,T6_7_OIT,Other individual treatment,,,,S060702,,Theme 6: Housing ,Table 8: Occupancy status of permanent dwellings on Census night,T6_8_TA,Temporarily absent,,,,T6_8_TA,Temporarily absent,,W060801,,,,Persons in Communal Establishments,T7_1_NP,Number of Persons,,1,,L070101
,,T6_7_OTH,Other,,,,S060703,,Theme 6: Housing ,Table 8: Occupancy status of permanent dwellings on Census night,T6_8_UHH,Unoccupied holiday homes,,,,T6_8_UHH,Unoccupied holiday homes,,W060802,,,Theme 8 Principal Status,Table 1,T8_1_WM,At Work (Males),,0,,L080100
,,T6_7_NSF,No sewerage facility,,,,S060704,,Theme 6: Housing ,Table 8: Occupancy status of permanent dwellings on Census night,T6_8_OVD,Other vacant dwellings,,,,T6_8_OVD,Other vacant dwellings,,W060803,,,,Population aged 15 years and over by principal economic status and sex ,T8_1_LFFJM,Looking For First Job (Males),,1,,L080101
,,T6_7_NS,Not stated,,,,S060705,,Theme 6: Housing ,Table 8: Occupancy status of permanent dwellings on Census night,T6_8_T,Total,,,,T6_8_T,Total,1,W060804,,,,,T8_1_ULGUPJM,Unemployed having Lost or Given Up Previous Job (Males),,2,,L080102
,,T6_7_T,Total,,,,S060706,,Theme 6: Housing ,Table 9: Permanent private households by number of bedrooms ,T6_9_0BRH,0 Bedrooms (No. of households),,,Table 9: Permanent private households by number of bedrooms ,T6_9_0BRH,0 Bedrooms (No. of households),,W060900,,,,,T8_1_SM,Student (Males),,3,,L080103
Theme 6: Housing ,Table 8,T6_8_O,Occupied,,,1,S060800,,Theme 6: Housing ,Table 9: Permanent private households by number of bedrooms ,T6_9_1BRH,1 bedroom (No. of households),,,,T6_9_1BRH,1 bedroom (No. of households),,W060901,,,,,T8_1_LAHFM,Looking After Home/Family (Males),,4,,L080104
,Occupancy status of permanent dwellings on Census night,T6_8_TA,Temporarily absent,/* NEW FOR SAPS 2016 */,,,S060801,,Theme 6: Housing ,Table 9: Permanent private households by number of bedrooms ,T6_9_2BRH,2 bedrooms (No. of households),,,,T6_9_2BRH,2 bedrooms (No. of households),,W060902,,,,,T8_1_RM,Retired (Males),,5,,L080105
,,T6_8_UHH,Unoccupied holiday homes,/* NEW FOR SAPS 2016 */,,,S060802,,Theme 6: Housing ,Table 9: Permanent private households by number of bedrooms ,T6_9_3BRH,3 bedrooms (No. of households),,,,T6_9_3BRH,3 bedrooms (No. of households),,W060903,,,,,T8_1_UTWSDM,Unable To Work due to Sickness or Disability (Males),,6,,L080106
,,T6_8_OVD,Other vacant dwellings,/* NEW FOR SAPS 2016 */,,,S060803,,Theme 6: Housing ,Table 9: Permanent private households by number of bedrooms ,T6_9_4BRH,4 bedrooms (No. of households),,,,T6_9_4BRH,4 bedrooms (No. of households),,W060904,,,,,T8_1_OTHM,Other (Males),,7,,L080107
,,T6_8_T,Total,,,1,S060804,,Theme 6: Housing ,Table 9: Permanent private households by number of bedrooms ,T6_9_GE5BRH,5 bedrooms (No. of households),,,,T6_9_GE5BRH,5 bedrooms (No. of households),,W060905,,,,,T8_1_TM,Total (Males),,8,,L080108
Theme 7: Communal Establishments ,Table 1,T7_1_NE,Number of establishments,,,,S070100,,Theme 6: Housing ,Table 9: Permanent private households by number of bedrooms ,T6_9_TH,Total (No. of households),,,,T6_9_TH,Total (No. of households),,W060906,,,,,T8_1_WF,At Work (Females),,9,,L080109
,Persons in Communal Establishments,T7_1_NP,Number of persons,,,,S070101,,Theme 6: Housing ,Table 9: Permanent private households by number of bedrooms ,T6_9_0BRP,0 Bedrooms (No. of persons),,,,T6_9_0BRP,0 Bedrooms (No. of persons),,W060907,,,,,T8_1_LFFJF,Looking For First Job (Females),,10,,L080110
Theme 8: Principal Status ,Table 1,T8_1_WM,At work - Males,,,,S080100,,Theme 6: Housing ,Table 9: Permanent private households by number of bedrooms ,T6_9_1BRP,1 bedroom (No. of persons),,,,T6_9_1BRP,1 bedroom (No. of persons),,W060908,,,,,T8_1_ULGUPJF,Unemployed having Lost or Given Up Previous Job (Females),,11,,L080111
,Population aged 15 years and over by principal economic status and sex ,T8_1_LFFJM,Looking for first regular job - Males,,,,S080101,,Theme 6: Housing ,Table 9: Permanent private households by number of bedrooms ,T6_9_2BRP,2 rooms (No. of persons),,,,T6_9_2BRP,2 rooms (No. of persons),,W060909,,,,,T8_1_SF,Student (Females),,12,,L080112
,,T8_1_ULGUPJM,Unemployed having lost or given up previous job - Males,,,,S080102,,Theme 6: Housing ,Table 9: Permanent private households by number of bedrooms ,T6_9_3BRP,3 bedrooms (No. of persons),,,,T6_9_3BRP,3 bedrooms (No. of persons),,W060910,,,,,T8_1_LAHFF,Looking After Home/Family (Females),,13,,L080113
,,T8_1_SM,Student - Males,,,,S080103,,Theme 6: Housing ,Table 9: Permanent private households by number of bedrooms ,T6_9_4BRP,4 bedrooms (No. of persons),,,,T6_9_4BRP,4 bedrooms (No. of persons),,W060911,,,,,T8_1_RF,Retired (Females),,14,,L080114
,,T8_1_LAHFM,Looking after home/family - Males,,,,S080104,,Theme 6: Housing ,Table 9: Permanent private households by number of bedrooms ,T6_9_GE5BRP,5 bedrooms (No. of persons),,,,T6_9_GE5BRP,5 bedrooms (No. of persons),,W060912,,,,,T8_1_UTWSDF,Unable To Work due to Sickness or Disability (Females),,15,,L080115
,,T8_1_RM,Retired - Males,,,,S080105,,Theme 6: Housing ,Table 9: Permanent private households by number of bedrooms ,T6_9_TP,Total (No. of Persons),,,,T6_9_TP,Total (No. of Persons),,W060913,,,,,T8_1_OTHF,Other (Females),,16,,L080116
,,T8_1_UTWSDM,Unable to work due to permanent sickness or disability - Males,,,,S080106,,Theme 6: Housing ,Table 9: Permanent private households by number of bedrooms ,T6_9_NSP,Non stated (No. of persons),,,,T6_9_NSP,Non stated (No. of persons),,W060914,,,,,T8_1_TF,Total (Females),,17,,L080117
,,T8_1_OTHM,Other - Males,,,,S080107,,Theme 6: Housing ,Table 9: Permanent private households by number of bedrooms ,T6_9_NSH,Non stated (No. of households),,,,T6_9_NSH,Non stated (No. of households),,W060915,,,,,T8_1_WT,At Work (Total),,18,,L080118
,,T8_1_TM,Total - Males,,,,S080108,,Theme 6: Housing ,Table 10: Permanent private households by number of renewables,T6_10_RE,Has renewable Energy,,,Table 10: Permanent private households by number of renewables,T6_10_RE,Has renewable Energy,,W061000,,,,,T8_1_LFFJT,Looking For First Job (Total),,19,,L080119
,,T8_1_WF,At work - Females,,,,S080109,,Theme 6: Housing ,Table 10: Permanent private households by number of renewables,T6_10_NORE,No Renewable Energy,,,,T6_10_NORE,No Renewable Energy,,W061001,,,,,T8_1_ULGUPJT,Unemployed having Lost or Given Up Previous Job (Total),,20,,L080120
,,T8_1_LFFJF,Looking for first regular job - Females,,,,S080110,,Theme 6: Housing ,Table 10: Permanent private households by number of renewables,T6_10_NS,Not stated,,,,T6_10_NS,Not stated,,W061002,,,,,T8_1_ST,Student (Total),,21,,L080121
,,T8_1_ULGUPJF,Unemployed having lost or given up previous job - Females,,,,S080111,,Theme 6: Housing ,Table 10: Permanent private households by number of renewables,T6_10_T,Total Renewables,,,,T6_10_T,Total Renewables,,W061003,,,,,T8_1_LAHFT,Looking After Home/Family (Total),,22,,L080122
,,T8_1_SF,Student - Females,,,,S080112,,Theme 6: Housing ,Table 11: Permanent private households by smoke alarms,T6_11_GE1SA,Has at least 1 smoke alarm,,,Table 11: Permanent private households by smoke alarms,T6_11_GE1SA,Has at least 1 smoke alarm,,W061100,,,,,T8_1_RT,Retired (Total),,23,,L080123
,,T8_1_LAHFF,Looking after home/family - Females,,,,S080113,,Theme 6: Housing ,Table 11: Permanent private households by smoke alarms,T6_11_NOSA,No smoke alarms,,,,T6_11_NOSA,No smoke alarms,,W061101,,,,,T8_1_UTWSDT,Unable To Work due to Sickness or Disability (Total),,24,,L080124
,,T8_1_RF,Retired - Females,,,,S080114,,Theme 6: Housing ,Table 11: Permanent private households by smoke alarms,T6_11_NS,Not stated,,,,T6_11_NS,Not stated,,W061102,,,,,T8_1_OTHT,Other (Total),,25,,L080125
,,T8_1_UTWSDF,Unable to work due to permanent sickness or disability - Females,,,,S080115,,Theme 6: Housing ,Table 11: Permanent private households by smoke alarms,T6_11_T,Total,,,,T6_11_T,Total,,W061103,,,,,T8_1_TT,Total (Total),,26,,L080126
,,T8_1_OTHF,Other - Females,,,,S080116,,Theme 7: Volunteers,Table 1: Number of volunteers,T7_1_VOL,Number of volunteers,,Theme 7: Volunteers,Table 1: Number of volunteers,T7_1_VOL,Number of volunteers,,W070100,,,Theme 9 Social Class and Socio-Economic Group,Table 1,T9_1_PWM,Professional workers (Males),,0,,L090100
,,T8_1_TF,Total - Females,,,,S080117,,Theme 8: Principal Status ,Table 1: Population aged 15 years and over by principal economic status and sex ,T8_1_WM,At work - Males,,Theme 8: Principal Status ,Table 1: Population aged 15 years and over by principal economic status and sex ,T8_1_WM,At work - Males,,W080100,,,,Population by sex and social class,T9_1_MTM,Managerial and Technical (Males),,1,,L090101
,,T8_1_WT,At work - Total,,,,S080118,,Theme 8: Principal Status ,Table 1: Population aged 15 years and over by principal economic status and sex ,T8_1_LFFJM,Looking for first regular job - Males,,,,T8_1_LFFJM,Looking for first regular job - Males,,W080101,,,,,T9_1_NMM,Non-Manual (Males),,2,,L090102
,,T8_1_LFFJT,Looking for first regular job - Total,,,,S080119,,Theme 8: Principal Status ,Table 1: Population aged 15 years and over by principal economic status and sex ,T8_1_STUM,short Term Unemployed  - Males,,,,T8_1_STUM,short Term Unemployed  - Males,,W080102,,,,,T9_1_SM,Skilled Manual (Males),,3,,L090103
,,T8_1_ULGUPJT,Unemployed having lost or given up previous job - Total,,,,S080120,,Theme 8: Principal Status ,Table 1: Population aged 15 years and over by principal economic status and sex ,T8_1_LTUM,Long Term Unemployed - Males,,,,T8_1_LTUM,Long Term Unemployed - Males,,W080103,,,,,T9_1_SSM,Semi-Skilled (Males),,4,,L090104
,,T8_1_ST,Student - Total,,,,S080121,,Theme 8: Principal Status ,Table 1: Population aged 15 years and over by principal economic status and sex ,T8_1_SM,Student - Males,,,,T8_1_SM,Student - Males,,W080104,,,,,T9_1_USM,Unskilled (Males),,5,,L090105
,,T8_1_LAHFT,Looking after home/family - Total,,,,S080122,,Theme 8: Principal Status ,Table 1: Population aged 15 years and over by principal economic status and sex ,T8_1_LAHFM,Looking after home/family - Males,,,,T8_1_LAHFM,Looking after home/family - Males,,W080105,,,,,T9_1_OTHGEUM,All Others Gainfully occupied and Unknown (Males),,6,,L090106
,,T8_1_RT,Retired - Total,,,,S080123,,Theme 8: Principal Status ,Table 1: Population aged 15 years and over by principal economic status and sex ,T8_1_RM,Retired - Males,,,,T8_1_RM,Retired - Males,,W080106,,,,,T9_1_TM,Total (Males),,7,,L090107
,,T8_1_UTWSDT,Unable to work due to permanent sickness or disability - Total,,,,S080124,,Theme 8: Principal Status ,Table 1: Population aged 15 years and over by principal economic status and sex ,T8_1_UTWSDM,Unable to work due to permanent sickness or disability - Males,,,,T8_1_UTWSDM,Unable to work due to permanent sickness or disability - Males,,W080107,,,,,T9_1_PWF,Professional Workers (Females),,8,,L090108
,,T8_1_OTHT,Other - Total,,,,S080125,,Theme 8: Principal Status ,Table 1: Population aged 15 years and over by principal economic status and sex ,T8_1_OTHM,Other - Males,,,,T8_1_OTHM,Other - Males,,W080108,,,,,T9_1_MTF,Managerial and Technical (Females),,9,,L090109
,,T8_1_TT,Total,,,,S080126,,Theme 8: Principal Status ,Table 1: Population aged 15 years and over by principal economic status and sex ,T8_1_TM,Total - Males,,,,T8_1_TM,Total - Males,,W080109,,,,,T9_1_NMF,Non-Manual (Females),,10,,L090110
Theme 9: Social Class and Socio-Economic Group ,Table 1,T9_1_PWM,Professional workers - Males,,,,S090100,,Theme 8: Principal Status ,Table 1: Population aged 15 years and over by principal economic status and sex ,T8_1_WF,At work - Females,,,,T8_1_WF,At work - Females,,W080110,,,,,T9_1_SF,Skilled Manual (Females),,11,,L090111
,Population by sex and social class,T9_1_MTM,Managerial and technical - Males,,,,S090101,,Theme 8: Principal Status ,Table 1: Population aged 15 years and over by principal economic status and sex ,T8_1_LFFJF,Looking for first regular job - Females,,,,T8_1_LFFJF,Looking for first regular job - Females,,W080111,,,,,T9_1_SSF,Semi-Skilled (Females),,12,,L090112
,,T9_1_NMM,Non-manual - Males,,,,S090102,,Theme 8: Principal Status ,Table 1: Population aged 15 years and over by principal economic status and sex ,T8_1_STUF,short Term Unemployed  - Females,,,,T8_1_STUF,short Term Unemployed  - Females,,W080112,,,,,T9_1_USF,Unskilled (Females),,13,,L090113
,,T9_1_SM,Skilled manual - Males,,,,S090103,,Theme 8: Principal Status ,Table 1: Population aged 15 years and over by principal economic status and sex ,T8_1_LTUF,Long Term Unemployed - Females,,,,T8_1_LTUF,Long Term Unemployed - Females,,W080113,,,,,T9_1_OTHGEUF,All Others Gainfully occupied and Unknown (Females),,14,,L090114
,,T9_1_SSM,Semi-skilled - Males,,,,S090104,,Theme 8: Principal Status ,Table 1: Population aged 15 years and over by principal economic status and sex ,T8_1_SF,Student - Females,,,,T8_1_SF,Student - Females,,W080114,,,,,T9_1_TF,Total (Females),,15,,L090115
,,T9_1_USM,Unskilled - Males,,,,S090105,,Theme 8: Principal Status ,Table 1: Population aged 15 years and over by principal economic status and sex ,T8_1_LAHFF,Looking after home/family - Females,,,,T8_1_LAHFF,Looking after home/family - Females,,W080115,,,,,T9_1_PWT,Professional Workers (Total),,16,,L090116
,,T9_1_OTHGEUM,All others gainfully occupied and unknown - Males,,,,S090106,,Theme 8: Principal Status ,Table 1: Population aged 15 years and over by principal economic status and sex ,T8_1_RF,Retired - Females,,,,T8_1_RF,Retired - Females,,W080116,,,,,T9_1_MTT,Managerial and Technical (Total),,17,,L090117
,,T9_1_TM,Total - Males,,,,S090107,,Theme 8: Principal Status ,Table 1: Population aged 15 years and over by principal economic status and sex ,T8_1_UTWSDF,Unable to work due to permanent sickness or disability - Females,,,,T8_1_UTWSDF,Unable to work due to permanent sickness or disability - Females,,W080117,,,,,T9_1_NMT,Non-Manual (Total),,18,,L090118
,,T9_1_PWF,Professional workers - Females,,,,S090108,,Theme 8: Principal Status ,Table 1: Population aged 15 years and over by principal economic status and sex ,T8_1_OTHF,Other - Females,,,,T8_1_OTHF,Other - Females,,W080118,,,,,T9_1_ST,Skilled Manual (Total),,19,,L090119
,,T9_1_MTF,Managerial and technical - Females,,,,S090109,,Theme 8: Principal Status ,Table 1: Population aged 15 years and over by principal economic status and sex ,T8_1_TF,Total - Females,,,,T8_1_TF,Total - Females,,W080119,,,,,T9_1_SST,Semi-Skilled (Total),,20,,L090120
,,T9_1_NMF,Non-manual - Females,,,,S090110,,Theme 8: Principal Status ,Table 1: Population aged 15 years and over by principal economic status and sex ,T8_1_WT,At work - Total,,,,T8_1_WT,At work - Total,,W080120,,,,,T9_1_UST,Unskilled (Total),,21,,L090121
,,T9_1_SF,Skilled manual - Females,,,,S090111,,Theme 8: Principal Status ,Table 1: Population aged 15 years and over by principal economic status and sex ,T8_1_LFFJT,Looking for first regular job - Total,,,,T8_1_LFFJT,Looking for first regular job - Total,,W080121,,,,,T9_1_OTHGEUT,All Others Gainfully occupied and Unknown (Total),,22,,L090122
,,T9_1_SSF,Semi-skilled - Females,,,,S090112,,Theme 8: Principal Status ,Table 1: Population aged 15 years and over by principal economic status and sex ,T8_1_STUT,short Term Unemployed  - Total ,,,,T8_1_STUT,short Term Unemployed  - Total ,,W080122,,,,,T9_1_TT,Total (Total),,23,,L090123
,,T9_1_USF,Unskilled - Females,,,,S090113,,Theme 8: Principal Status ,Table 1: Population aged 15 years and over by principal economic status and sex ,T8_1_LTUT,Long Term Unemployed - Total,,,,T8_1_LTUT,Long Term Unemployed - Total,,W080123,,,Theme 9 Social Class and Socio-Economic Group,Table 2,T9_2_HA,A Employers and managers (Households),,0,,L090200
,,T9_1_OTHGEUF,All others gainfully occupied and unknown - Females,,,,S090114,,Theme 8: Principal Status ,Table 1: Population aged 15 years and over by principal economic status and sex ,T8_1_ST,Student - Total,,,,T8_1_ST,Student - Total,,W080124,,,,Persons in private households by socio-economic group of reference person,T9_2_HB,B Higher professional (Households),,1,,L090201
,,T9_1_TF,Total - Females,,,,S090115,,Theme 8: Principal Status ,Table 1: Population aged 15 years and over by principal economic status and sex ,T8_1_LAHFT,Looking after home/family - Total,,,,T8_1_LAHFT,Looking after home/family - Total,,W080125,,,,,T9_2_HC,C Lower professional (Households),,2,,L090202
,,T9_1_PWT,Professional workers - Total,,,,S090116,,Theme 8: Principal Status ,Table 1: Population aged 15 years and over by principal economic status and sex ,T8_1_RT,Retired - Total,,,,T8_1_RT,Retired - Total,,W080126,,,,,T9_2_HD,D Non-manual (Households),,3,,L090203
,,T9_1_MTT,Managerial and technical - Total,,,,S090117,,Theme 8: Principal Status ,Table 1: Population aged 15 years and over by principal economic status and sex ,T8_1_UTWSDT,Unable to work due to permanent sickness or disability - Total,,,,T8_1_UTWSDT,Unable to work due to permanent sickness or disability - Total,,W080127,,,,,T9_2_HE,E Manual skilled (Households),,4,,L090204
,,T9_1_NMT,Non-manual - Total,,,,S090118,,Theme 8: Principal Status ,Table 1: Population aged 15 years and over by principal economic status and sex ,T8_1_OTHT,Other - Total,,,,T8_1_OTHT,Other - Total,,W080128,,,,,T9_2_HF,F Semi-skilled (Households),,5,,L090205
,,T9_1_ST,Skilled manual - Total,,,,S090119,,Theme 8: Principal Status ,Table 1: Population aged 15 years and over by principal economic status and sex ,T8_1_TT,Total,,,,T8_1_TT,Total,,W080129,,,,,T9_2_HG,G Unskilled (Households),,6,,L090206
,,T9_1_SST,Semi-skilled - Total,,,,S090120,,Theme 9: Social Class and Socio-Economic Group ,Table 1: Population by sex and social class,T9_1_PWM,Professional workers - Males,,Theme 9: Social Class and Socio-Economic Group ,Table 1: Population by sex and social class,T9_1_PWM,Professional workers - Males,,W090100,,,,,T9_2_HH,H Own account workers (Households),,7,,L090207
,,T9_1_UST,Unskilled - Total,,,,S090121,,Theme 9: Social Class and Socio-Economic Group ,Table 1: Population by sex and social class,T9_1_MTM,Managerial and technical - Males,,,,T9_1_MTM,Managerial and technical - Males,,W090101,,,,,T9_2_HI,I Farmers (Households),,8,,L090208
,,T9_1_OTHGEUT,All others gainfully occupied and unknown - Total,,,,S090122,,Theme 9: Social Class and Socio-Economic Group ,Table 1: Population by sex and social class,T9_1_NMM,Non-manual - Males,,,,T9_1_NMM,Non-manual - Males,,W090102,,,,,T9_2_HJ,J Agricultural workers,,9,,L090209
,,T9_1_TT,Total,,,,S090123,,Theme 9: Social Class and Socio-Economic Group ,Table 1: Population by sex and social class,T9_1_SM,Skilled manual - Males,,,,T9_1_SM,Skilled manual - Males,,W090103,,,,,T9_2_HZ,Z All others gainfully occupied and unknown (Households),,10,,L090210
Theme 9: Social Class and Socio-Economic Group ,Table 2,T9_2_HA,A Employers and managers (No. of households),,,,S090200,,Theme 9: Social Class and Socio-Economic Group ,Table 1: Population by sex and social class,T9_1_SSM,Semi-skilled - Males,,,,T9_1_SSM,Semi-skilled - Males,,W090104,,,,,T9_2_HT,Total (Households),,11,,L090211
,Persons in private households by socio-economic group of reference person,T9_2_HB,B Higher professional (No. of households),,,,S090201,,Theme 9: Social Class and Socio-Economic Group ,Table 1: Population by sex and social class,T9_1_USM,Unskilled - Males,,,,T9_1_USM,Unskilled - Males,,W090105,,,,,T9_2_PA,A Employers and managers (Persons),,12,,L090212
,,T9_2_HC,C Lower professional (No. of households),,,,S090202,,Theme 9: Social Class and Socio-Economic Group ,Table 1: Population by sex and social class,T9_1_OTHGEUM,All others gainfully occupied and unknown - Males,,,,T9_1_OTHGEUM,All others gainfully occupied and unknown - Males,,W090106,,,,,T9_2_PB,B Higher professional (Persons),,13,,L090213
,,T9_2_HD,D Non-manual (No. of households),,,,S090203,,Theme 9: Social Class and Socio-Economic Group ,Table 1: Population by sex and social class,T9_1_TM,Total - Males,,,,T9_1_TM,Total - Males,,W090107,,,,,T9_2_PC,C Lower professional (Persons),,14,,L090214
,,T9_2_HE,E Manual skilled (No. of households),,,,S090204,,Theme 9: Social Class and Socio-Economic Group ,Table 1: Population by sex and social class,T9_1_PWF,Professional workers - Females,,,,T9_1_PWF,Professional workers - Females,,W090108,,,,,T9_2_PD,D Non-manual (Persons),,15,,L090215
,,T9_2_HF,F Semi-skilled (No. of households),,,,S090205,,Theme 9: Social Class and Socio-Economic Group ,Table 1: Population by sex and social class,T9_1_MTF,Managerial and technical - Females,,,,T9_1_MTF,Managerial and technical - Females,,W090109,,,,,T9_2_PE,E Manual skilled (Persons),,16,,L090216
,,T9_2_HG,G Unskilled (No. of households),,,,S090206,,Theme 9: Social Class and Socio-Economic Group ,Table 1: Population by sex and social class,T9_1_NMF,Non-manual - Females,,,,T9_1_NMF,Non-manual - Females,,W090110,,,,,T9_2_PF,F Semi-skilled (Persons),,17,,L090217
,,T9_2_HH,H Own account workers (No. of households),,,,S090207,,Theme 9: Social Class and Socio-Economic Group ,Table 1: Population by sex and social class,T9_1_SF,Skilled manual - Females,,,,T9_1_SF,Skilled manual - Females,,W090111,,,,,T9_2_PG,G Unskilled (Persons),,18,,L090218
,,T9_2_HI,I Farmers (No. of households),,,,S090208,,Theme 9: Social Class and Socio-Economic Group ,Table 1: Population by sex and social class,T9_1_SSF,Semi-skilled - Females,,,,T9_1_SSF,Semi-skilled - Females,,W090112,,,,,T9_2_PH,H Own account workers (Persons),,19,,L090219
,,T9_2_HJ,J Agricultural workers (No. of households),,,,S090209,,Theme 9: Social Class and Socio-Economic Group ,Table 1: Population by sex and social class,T9_1_USF,Unskilled - Females,,,,T9_1_USF,Unskilled - Females,,W090113,,,,,T9_2_PI,I Farmers (Persons),,20,,L090220
,,T9_2_HZ,Z All others gainfully occupied and unknown (No. of households),,,,S090210,,Theme 9: Social Class and Socio-Economic Group ,Table 1: Population by sex and social class,T9_1_OTHGEUF,All others gainfully occupied and unknown - Females,,,,T9_1_OTHGEUF,All others gainfully occupied and unknown - Females,,W090114,,,,,T9_2_PJ,J Agricultural workers,,21,,L090221
,,T9_2_HT,Total (No. of households),,,,S090211,,Theme 9: Social Class and Socio-Economic Group ,Table 1: Population by sex and social class,T9_1_TF,Total - Females,,,,T9_1_TF,Total - Females,,W090115,,,,,T9_2_PZ,Z All others gainfully occupied and unknown (Persons),,22,,L090222
,,T9_2_PA,A Employers and managers (No. of persons),,,,S090212,,Theme 9: Social Class and Socio-Economic Group ,Table 1: Population by sex and social class,T9_1_PWT,Professional workers - Total,,,,T9_1_PWT,Professional workers - Total,,W090116,,,,,T9_2_PT,Total (Persons),,23,,L090223
,,T9_2_PB,B Higher professional (No. of persons),,,,S090213,,Theme 9: Social Class and Socio-Economic Group ,Table 1: Population by sex and social class,T9_1_MTT,Managerial and technical - Total,,,,T9_1_MTT,Managerial and technical - Total,,W090117,,,Theme 10 Education,Table 1,T10_1_LT15M,Under 15 (Males),,0,,L100100
,,T9_2_PC,C Lower professional (No. of persons),,,,S090214,,Theme 9: Social Class and Socio-Economic Group ,Table 1: Population by sex and social class,T9_1_NMT,Non-manual - Total,,,,T9_1_NMT,Non-manual - Total,,W090118,,,,Population aged 15 years and over by age education ceased ,T10_1_15M,Age 15 (Males),,1,,L100101
,,T9_2_PD,D Non-manual (No. of persons),,,,S090215,,Theme 9: Social Class and Socio-Economic Group ,Table 1: Population by sex and social class,T9_1_ST,Skilled manual - Total,,,,T9_1_ST,Skilled manual - Total,,W090119,,,,,T10_1_16M,Age 16 (Males),,2,,L100102
,,T9_2_PE,E Manual skilled (No. of persons),,,,S090216,,Theme 9: Social Class and Socio-Economic Group ,Table 1: Population by sex and social class,T9_1_SST,Semi-skilled - Total,,,,T9_1_SST,Semi-skilled - Total,,W090120,,,,,T10_1_17M,Age 17 (Males),,3,,L100103
,,T9_2_PF,F Semi-skilled (No. of persons),,,,S090217,,Theme 9: Social Class and Socio-Economic Group ,Table 1: Population by sex and social class,T9_1_UST,Unskilled - Total,,,,T9_1_UST,Unskilled - Total,,W090121,,,,,T10_1_18M,Age 18 (Males),,4,,L100104
,,T9_2_PG,G Unskilled (No. of persons),,,,S090218,,Theme 9: Social Class and Socio-Economic Group ,Table 1: Population by sex and social class,T9_1_OTHGEUT,All others gainfully occupied and unknown - Total,,,,T9_1_OTHGEUT,All others gainfully occupied and unknown - Total,,W090122,,,,,T10_1_19M,Age 19 (Males),,5,,L100105
,,T9_2_PH,H Own account workers (No. of persons),,,,S090219,,Theme 9: Social Class and Socio-Economic Group ,Table 1: Population by sex and social class,T9_1_TT,Total,,,,T9_1_TT,Total,,W090123,,,,,T10_1_20M,Age 20 (Males),,6,,L100106
,,T9_2_PI,I Farmers (No. of persons),,,,S090220,,Theme 9: Social Class and Socio-Economic Group ,Table 2: Persons in private households by socio-economic group of reference person,T9_2_HA,A Employers and managers (No. of households),,,Table 2: Persons in private households by socio-economic group of reference person,T9_2_HA,A Employers and managers (No. of households),,W090200,,,,,T10_1_GE21M,21 and Over (Males),,7,,L100107
,,T9_2_PJ,J Agricultural workers (No. of persons),,,,S090221,,Theme 9: Social Class and Socio-Economic Group ,Table 2: Persons in private households by socio-economic group of reference person,T9_2_HB,B Higher professional (No. of households),,,,T9_2_HB,B Higher professional (No. of households),,W090201,,,,,T10_1_NSM,Not Stated (Males),,8,,L100108
,,T9_2_PZ,Z All others gainfully occupied and unknown (No. of persons),,,,S090222,,Theme 9: Social Class and Socio-Economic Group ,Table 2: Persons in private households by socio-economic group of reference person,T9_2_HC,C Lower professional (No. of households),,,,T9_2_HC,C Lower professional (No. of households),,W090202,,,,,T10_1_TM,Total (Males),,9,,L100109
,,T9_2_PT,Total (No. of persons),,,,S090223,,Theme 9: Social Class and Socio-Economic Group ,Table 2: Persons in private households by socio-economic group of reference person,T9_2_HD,D Non-manual (No. of households),,,,T9_2_HD,D Non-manual (No. of households),,W090203,,,,,T10_1_LT15F,Under 15 (Females),,10,,L100110
Theme 10: Education ,Table 1,T10_1_LT15M,Age under 15 - Males,,,,S100100,,Theme 9: Social Class and Socio-Economic Group ,Table 2: Persons in private households by socio-economic group of reference person,T9_2_HE,E Manual skilled (No. of households),,,,T9_2_HE,E Manual skilled (No. of households),,W090204,,,,,T10_1_15F,Age 15 (Females),,11,,L100111
,Population aged 15 years and over by age education ceased ,T10_1_15M,Age 15 - Males,,,,S100101,,Theme 9: Social Class and Socio-Economic Group ,Table 2: Persons in private households by socio-economic group of reference person,T9_2_HF,F Semi-skilled (No. of households),,,,T9_2_HF,F Semi-skilled (No. of households),,W090205,,,,,T10_1_16F,Age 16 (Females),,12,,L100112
,,T10_1_16M,Age 16 - Males,,,,S100102,,Theme 9: Social Class and Socio-Economic Group ,Table 2: Persons in private households by socio-economic group of reference person,T9_2_HG,G Unskilled (No. of households),,,,T9_2_HG,G Unskilled (No. of households),,W090206,,,,,T10_1_17F,Age 17 (Females),,13,,L100113
,,T10_1_17M,Age 17 - Males,,,,S100103,,Theme 9: Social Class and Socio-Economic Group ,Table 2: Persons in private households by socio-economic group of reference person,T9_2_HH,H Own account workers (No. of households),,,,T9_2_HH,H Own account workers (No. of households),,W090207,,,,,T10_1_18F,Age 18 (Females),,14,,L100114
,,T10_1_18M,Age 18 - Males,,,,S100104,,Theme 9: Social Class and Socio-Economic Group ,Table 2: Persons in private households by socio-economic group of reference person,T9_2_HI,I Farmers (No. of households),,,,T9_2_HI,I Farmers (No. of households),,W090208,,,,,T10_1_19F,Age 19 (Females),,15,,L100115
,,T10_1_19M,Age 19 - Males,,,,S100105,,Theme 9: Social Class and Socio-Economic Group ,Table 2: Persons in private households by socio-economic group of reference person,T9_2_HJ,J Agricultural workers (No. of households),,,,T9_2_HJ,J Agricultural workers (No. of households),,W090209,,,,,T10_1_20F,Age 20 (Females),,16,,L100116
,,T10_1_20M,Age 20 - Males,,,,S100106,,Theme 9: Social Class and Socio-Economic Group ,Table 2: Persons in private households by socio-economic group of reference person,T9_2_HZ,Z All others gainfully occupied and unknown (No. of households),,,,T9_2_HZ,Z All others gainfully occupied and unknown (No. of households),,W090210,,,,,T10_1_GE21F,21 and Over (Females),,17,,L100117
,,T10_1_GE21M,Age 21 and over - Males,,,,S100107,,Theme 9: Social Class and Socio-Economic Group ,Table 2: Persons in private households by socio-economic group of reference person,T9_2_HT,Total (No. of households),,,,T9_2_HT,Total (No. of households),,W090211,,,,,T10_1_NSF,Not Stated (Females),,18,,L100118
,,T10_1_NSM,Not stated - Males,,,,S100108,,Theme 9: Social Class and Socio-Economic Group ,Table 2: Persons in private households by socio-economic group of reference person,T9_2_PA,A Employers and managers (No. of persons),,,,T9_2_PA,A Employers and managers (No. of persons),,W090212,,,,,T10_1_TF,Total (Females),,19,,L100119
,,T10_1_TM,Total - Males,,,,S100109,,Theme 9: Social Class and Socio-Economic Group ,Table 2: Persons in private households by socio-economic group of reference person,T9_2_PB,B Higher professional (No. of persons),,,,T9_2_PB,B Higher professional (No. of persons),,W090213,,,,,T10_1_LT15T,Under 15 (Total),,20,,L100120
,,T10_1_LT15F,Age under 15 - Females,,,,S100110,,Theme 9: Social Class and Socio-Economic Group ,Table 2: Persons in private households by socio-economic group of reference person,T9_2_PC,C Lower professional (No. of persons),,,,T9_2_PC,C Lower professional (No. of persons),,W090214,,,,,T10_1_15T,Age 15 (Total),,21,,L100121
,,T10_1_15F,Age 15 - Females,,,,S100111,,Theme 9: Social Class and Socio-Economic Group ,Table 2: Persons in private households by socio-economic group of reference person,T9_2_PD,D Non-manual (No. of persons),,,,T9_2_PD,D Non-manual (No. of persons),,W090215,,,,,T10_1_16T,Age 16 (Total),,22,,L100122
,,T10_1_16F,Age 16 - Females,,,,S100112,,Theme 9: Social Class and Socio-Economic Group ,Table 2: Persons in private households by socio-economic group of reference person,T9_2_PE,E Manual skilled (No. of persons),,,,T9_2_PE,E Manual skilled (No. of persons),,W090216,,,,,T10_1_17T,Age 17 (Total),,23,,L100123
,,T10_1_17F,Age 17 - Females,,,,S100113,,Theme 9: Social Class and Socio-Economic Group ,Table 2: Persons in private households by socio-economic group of reference person,T9_2_PF,F Semi-skilled (No. of persons),,,,T9_2_PF,F Semi-skilled (No. of persons),,W090217,,,,,T10_1_18T,Age 18 (Total),,24,,L100124
,,T10_1_18F,Age 18 - Females,,,,S100114,,Theme 9: Social Class and Socio-Economic Group ,Table 2: Persons in private households by socio-economic group of reference person,T9_2_PG,G Unskilled (No. of persons),,,,T9_2_PG,G Unskilled (No. of persons),,W090218,,,,,T10_1_19T,Age 19 (Total),,25,,L100125
,,T10_1_19F,Age 19 - Females,,,,S100115,,Theme 9: Social Class and Socio-Economic Group ,Table 2: Persons in private households by socio-economic group of reference person,T9_2_PH,H Own account workers (No. of persons),,,,T9_2_PH,H Own account workers (No. of persons),,W090219,,,,,T10_1_20T,Age 20 (Total),,26,,L100126
,,T10_1_20F,Age 20 - Females,,,,S100116,,Theme 9: Social Class and Socio-Economic Group ,Table 2: Persons in private households by socio-economic group of reference person,T9_2_PI,I Farmers (No. of persons),,,,T9_2_PI,I Farmers (No. of persons),,W090220,,,,,T10_1_GE21T,21 and Over (Total),,27,,L100127
,,T10_1_GE21F,Age 21 and over - Females,,,,S100117,,Theme 9: Social Class and Socio-Economic Group ,Table 2: Persons in private households by socio-economic group of reference person,T9_2_PJ,J Agricultural workers (No. of persons),,,,T9_2_PJ,J Agricultural workers (No. of persons),,W090221,,,,,T10_1_NST,Not Stated (Total),,28,,L100128
,,T10_1_NSF,Not stated - Females,,,,S100118,,Theme 9: Social Class and Socio-Economic Group ,Table 2: Persons in private households by socio-economic group of reference person,T9_2_PZ,Z All others gainfully occupied and unknown (No. of persons),,,,T9_2_PZ,Z All others gainfully occupied and unknown (No. of persons),,W090222,,,,,T10_1_TT,Total (Total),,29,,L100129
,,T10_1_TF,Total - Females,,,,S100119,,Theme 9: Social Class and Socio-Economic Group ,Table 2: Persons in private households by socio-economic group of reference person,T9_2_PT,Total (No. of persons),,,,T9_2_PT,Total (No. of persons),,W090223,,,Theme 10 Education,Table 2,T10_2_SASM,Still At School (Males),,0,,L100200
,,T10_1_LT15T,Age under 15 - Total,,,,S100120,,Theme 10: Education ,Table 1: Population aged 15 years and over by age education ceased ,T10_1_LT15M,Age under 15 - Males,,Theme 10: Education ,Table 1: Population aged 15 years and over by age education ceased ,T10_1_LT15M,Age under 15 - Males,,W100100,,,,Population aged 15 years and over whose education has not ceased,T10_2_OTHM,Other (Males),,1,,L100201
,,T10_1_15T,Age 15 - Total,,,,S100121,,Theme 10: Education ,Table 1: Population aged 15 years and over by age education ceased ,T10_1_15M,Age 15 - Males,,,,T10_1_15M,Age 15 - Males,,W100101,,,,,T10_2_SASF,Still At School (Females),,2,,L100202
,,T10_1_16T,Age 16 - Total,,,,S100122,,Theme 10: Education ,Table 1: Population aged 15 years and over by age education ceased ,T10_1_16M,Age 16 - Males,,,,T10_1_16M,Age 16 - Males,,W100102,,,,,T10_2_OTHF,Other (Females),,3,,L100203
,,T10_1_17T,Age 17 - Total,,,,S100123,,Theme 10: Education ,Table 1: Population aged 15 years and over by age education ceased ,T10_1_17M,Age 17 - Males,,,,T10_1_17M,Age 17 - Males,,W100103,,,,,T10_2_SAST,Still At School (Total),,4,,L100204
,,T10_1_18T,Age 18 - Total,,,,S100124,,Theme 10: Education ,Table 1: Population aged 15 years and over by age education ceased ,T10_1_18M,Age 18 - Males,,,,T10_1_18M,Age 18 - Males,,W100104,,,,,T10_2_OTHT,Other (Total),,5,,L100205
,,T10_1_19T,Age 19 - Total,,,,S100125,,Theme 10: Education ,Table 1: Population aged 15 years and over by age education ceased ,T10_1_19M,Age 19 - Males,,,,T10_1_19M,Age 19 - Males,,W100105,,,Theme 10 Education,Table 3,T10_3_EDUM,Education and teacher training (Males),,0,,L100300
,,T10_1_20T,Age 20 - Total,,,,S100126,,Theme 10: Education ,Table 1: Population aged 15 years and over by age education ceased ,T10_1_20M,Age 20 - Males,,,,T10_1_20M,Age 20 - Males,,W100106,,,,Population aged 15 years and over by field of study ,T10_3_ARTM,Art (Males),,1,,L100301
,,T10_1_GE21T,Age 21 and over - Total,,,,S100127,,Theme 10: Education ,Table 1: Population aged 15 years and over by age education ceased ,T10_1_GE21M,Age 21 and over - Males,,,,T10_1_GE21M,Age 21 and over - Males,,W100107,,,,,T10_3_HUMM,Humanities (Males),,2,,L100302
,,T10_1_NST,Not stated - Total,,,,S100128,,Theme 10: Education ,Table 1: Population aged 15 years and over by age education ceased ,T10_1_NSM,Not stated - Males,,,,T10_1_NSM,Not stated - Males,,W100108,,,,,T10_3_SOCM,"Social sciences, Business and Law (Males)",,3,,L100303
,,T10_1_TT,Total,,,,S100129,,Theme 10: Education ,Table 1: Population aged 15 years and over by age education ceased ,T10_1_TM,Total - Males,,,,T10_1_TM,Total - Males,,W100109,,,,,T10_3_SCIM,"Science, Mathematics and Computing (Males)",,4,,L100304
Theme 10: Education ,Table 2,T10_2_SASM,Still at school or college - Males,,,,S100200,,Theme 10: Education ,Table 1: Population aged 15 years and over by age education ceased ,T10_1_LT15F,Age under 15 - Females,,,,T10_1_LT15F,Age under 15 - Females,,W100110,,,,,T10_3_ENGM,"Engineering, Manufacturing and Construction (Males)",,5,,L100305
,Population aged 15 years and over whose education has not ceased,T10_2_OTHM,Other - Males,,,,S100201,,Theme 10: Education ,Table 1: Population aged 15 years and over by age education ceased ,T10_1_15F,Age 15 - Females,,,,T10_1_15F,Age 15 - Females,,W100111,,,,,T10_3_AGRM,Agriculture and Veterinary (Males),,6,,L100306
,,T10_2_SASF,Still at school or college - Females,,,,S100202,,Theme 10: Education ,Table 1: Population aged 15 years and over by age education ceased ,T10_1_16F,Age 16 - Females,,,,T10_1_16F,Age 16 - Females,,W100112,,,,,T10_3_HEAM,Health and Welfare (Males),,7,,L100307
,,T10_2_OTHF,Other - Females,,,,S100203,,Theme 10: Education ,Table 1: Population aged 15 years and over by age education ceased ,T10_1_17F,Age 17 - Females,,,,T10_1_17F,Age 17 - Females,,W100113,,,,,T10_3_SERM,Services (Males),,8,,L100308
,,T10_2_SAST,Still at school or college - Total,,,,S100204,,Theme 10: Education ,Table 1: Population aged 15 years and over by age education ceased ,T10_1_18F,Age 18 - Females,,,,T10_1_18F,Age 18 - Females,,W100114,,,,,T10_3_OTHM,Other subjects (Males),,9,,L100309
,,T10_2_OTHT,Other - Total,,,,S100205,,Theme 10: Education ,Table 1: Population aged 15 years and over by age education ceased ,T10_1_19F,Age 19 - Females,,,,T10_1_19F,Age 19 - Females,,W100115,,,,,T10_3_NSM,Not Stated (Males),,10,,L100310
Theme 10: Education ,Table 3,T10_3_EDUM,Education and teacher training - Males,,,,S100300,,Theme 10: Education ,Table 1: Population aged 15 years and over by age education ceased ,T10_1_20F,Age 20 - Females,,,,T10_1_20F,Age 20 - Females,,W100116,,,,,T10_3_TM,Total (Males),,11,,L100311
,Population aged 15 years and over by field of study ,T10_3_ARTM,Arts - Males,,,,S100301,,Theme 10: Education ,Table 1: Population aged 15 years and over by age education ceased ,T10_1_GE21F,Age 21 and over - Females,,,,T10_1_GE21F,Age 21 and over - Females,,W100117,,,,,T10_3_EDUF,Education and teacher training (Females),,12,,L100312
,,T10_3_HUMM,Humanities - Males,,,,S100302,,Theme 10: Education ,Table 1: Population aged 15 years and over by age education ceased ,T10_1_NSF,Not stated - Females,,,,T10_1_NSF,Not stated - Females,,W100118,,,,,T10_3_ARTF,Art (Females),,13,,L100313
,,T10_3_SOCM,"Social sciences, business and law - Males",,,,S100303,,Theme 10: Education ,Table 1: Population aged 15 years and over by age education ceased ,T10_1_TF,Total - Females,,,,T10_1_TF,Total - Females,,W100119,,,,,T10_3_HUMF,Humanities (Females),,14,,L100314
,,T10_3_SCIM,"Science, mathematics and computing - Males",,,,S100304,,Theme 10: Education ,Table 1: Population aged 15 years and over by age education ceased ,T10_1_LT15T,Age under 15 - Total,,,,T10_1_LT15T,Age under 15 - Total,,W100120,,,,,T10_3_SOCF,"Social sciences, Business and Law (Females)",,15,,L100315
,,T10_3_ENGM,"Engineering, manufacturing and construction - Males",,,,S100305,,Theme 10: Education ,Table 1: Population aged 15 years and over by age education ceased ,T10_1_15T,Age 15 - Total,,,,T10_1_15T,Age 15 - Total,,W100121,,,,,T10_3_SCIF,"Science, Mathematics and Computing (Females)",,16,,L100316
,,T10_3_AGRM,Agriculture and veterinary - Males,,,,S100306,,Theme 10: Education ,Table 1: Population aged 15 years and over by age education ceased ,T10_1_16T,Age 16 - Total,,,,T10_1_16T,Age 16 - Total,,W100122,,,,,T10_3_ENGF,"Engineering, Manufacturing and Construction (Females)",,17,,L100317
,,T10_3_HEAM,Health and welfare - Males,,,,S100307,,Theme 10: Education ,Table 1: Population aged 15 years and over by age education ceased ,T10_1_17T,Age 17 - Total,,,,T10_1_17T,Age 17 - Total,,W100123,,,,,T10_3_AGRF,Agriculture and Veterinary (Females),,18,,L100318
,,T10_3_SERM,Services - Males,,,,S100308,,Theme 10: Education ,Table 1: Population aged 15 years and over by age education ceased ,T10_1_18T,Age 18 - Total,,,,T10_1_18T,Age 18 - Total,,W100124,,,,,T10_3_HEAF,Health and Welfare (Females),,19,,L100319
,,T10_3_OTHM,Other subjects - Males,,,,S100309,,Theme 10: Education ,Table 1: Population aged 15 years and over by age education ceased ,T10_1_19T,Age 19 - Total,,,,T10_1_19T,Age 19 - Total,,W100125,,,,,T10_3_SERF,Services (Females),,20,,L100320
,,T10_3_NSM,Not stated - Males,,,,S100310,,Theme 10: Education ,Table 1: Population aged 15 years and over by age education ceased ,T10_1_20T,Age 20 - Total,,,,T10_1_20T,Age 20 - Total,,W100126,,,,,T10_3_OTHF,Other subjects (Females),,21,,L100321
,,T10_3_TM,Total - Males,,,,S100311,,Theme 10: Education ,Table 1: Population aged 15 years and over by age education ceased ,T10_1_GE21T,Age 21 and over - Total,,,,T10_1_GE21T,Age 21 and over - Total,,W100127,,,,,T10_3_NSF,Not Stated (Females),,22,,L100322
,,T10_3_EDUF,Education and teacher training - Females,,,,S100312,,Theme 10: Education ,Table 1: Population aged 15 years and over by age education ceased ,T10_1_NST,Not stated - Total,,,,T10_1_NST,Not stated - Total,,W100128,,,,,T10_3_TF,Total (Females),,23,,L100323
,,T10_3_ARTF,Arts - Females,,,,S100313,,Theme 10: Education ,Table 1: Population aged 15 years and over by age education ceased ,T10_1_TT,Total,,,,T10_1_TT,Total,,W100129,,,,,T10_3_EDUT,Education and teacher training (Total),,24,,L100324
,,T10_3_HUMF,Humanities - Females,,,,S100314,,Theme 10: Education ,Table 2: Population aged 15 years and over whose education has not ceased,T10_2_SASM,Still at school or college - Males,,,Table 2: Population aged 15 years and over whose education has not ceased,T10_2_SASM,Still at school or college - Males,,W100200,,,,,T10_3_ARTT,Art (Total),,25,,L100325
,,T10_3_SOCF,"Social sciences, business and law - Females",,,,S100315,,Theme 10: Education ,Table 2: Population aged 15 years and over whose education has not ceased,T10_2_OTHM,Other - Males,,,,T10_2_OTHM,Other - Males,,W100201,,,,,T10_3_HUMT,Humanities (Total),,26,,L100326
,,T10_3_SCIF,"Science, mathematics and computing - Females",,,,S100316,,Theme 10: Education ,Table 2: Population aged 15 years and over whose education has not ceased,T10_2_SASF,Still at school or college - Females,,,,T10_2_SASF,Still at school or college - Females,,W100202,,,,,T10_3_SOCT,"Social sciences, Business and Law (Total)",,27,,L100327
,,T10_3_ENGF,"Engineering, manufacturing and construction - Females",,,,S100317,,Theme 10: Education ,Table 2: Population aged 15 years and over whose education has not ceased,T10_2_OTHF,Other - Females,,,,T10_2_OTHF,Other - Females,,W100203,,,,,T10_3_SCIT,"Science, Mathematics and Computing (Total)",,28,,L100328
,,T10_3_AGRF,Agriculture and veterinary - Females,,,,S100318,,Theme 10: Education ,Table 2: Population aged 15 years and over whose education has not ceased,T10_2_SAST,Still at school or college - Total,,,,T10_2_SAST,Still at school or college - Total,,W100204,,,,,T10_3_ENGT,"Engineering, Manufacturing and Construction (Total)",,29,,L100329
,,T10_3_HEAF,Health and welfare - Females,,,,S100319,,Theme 10: Education ,Table 2: Population aged 15 years and over whose education has not ceased,T10_2_OTHT,Other - Total,,,,T10_2_OTHT,Other - Total,,W100205,,,,,T10_3_AGRT,Agriculture and Veterinary (Total),,30,,L100330
,,T10_3_SERF,Services - Females,,,,S100320,,Theme 10: Education ,Table 4: Population aged 15 years and over by sex and highest level of education completed ,T10_4_NFM,No formal education - Males,,,Table 4: Population aged 15 years and over by sex and highest level of education completed ,T10_4_NFM,No formal education - Males,,W100400,,,,,T10_3_HEAT,Health and Welfare (Total),,31,,L100331
,,T10_3_OTHF,Other subjects - Females,,,,S100321,,Theme 10: Education ,Table 4: Population aged 15 years and over by sex and highest level of education completed ,T10_4_PM,Primary education - Males,,,,T10_4_PM,Primary education - Males,,W100401,,,,,T10_3_SERT,Services (Total),,32,,L100332
,,T10_3_NSF,Not stated - Females,,,,S100322,,Theme 10: Education ,Table 4: Population aged 15 years and over by sex and highest level of education completed ,T10_4_LSM,Lower secondary - Males,,,,T10_4_LSM,Lower secondary - Males,,W100402,,,,,T10_3_OTHT,Other subjects (Total),,33,,L100333
,,T10_3_TF,Total - Females,,,,S100323,,Theme 10: Education ,Table 4: Population aged 15 years and over by sex and highest level of education completed ,T10_4_USM,Upper secondary - Males,,,,T10_4_USM,Upper secondary - Males,,W100403,,,,,T10_3_NST,Not Stated (Total),,34,,L100334
,,T10_3_EDUT,Education and teacher training - Total,,,,S100324,,Theme 10: Education ,Table 4: Population aged 15 years and over by sex and highest level of education completed ,T10_4_TVM,Technical or vocational qualification - Males,,,,T10_4_TVM,Technical or vocational qualification - Males,,W100404,,,,,T10_3_TT,Total (Total),,35,,L100335
,,T10_3_ARTT,Arts - Total,,,,S100325,,Theme 10: Education ,Table 4: Population aged 15 years and over by sex and highest level of education completed ,T10_4_ACCAM,Advanced certificate/Completed apprenticeship - Males,,,,T10_4_ACCAM,Advanced certificate/Completed apprenticeship - Males,,W100405,,,Theme 10 Education,Table 4,T10_4_NFM,No Formal Education (Males),,0,,L100400
,,T10_3_HUMT,Humanities - Total,,,,S100326,,Theme 10: Education ,Table 4: Population aged 15 years and over by sex and highest level of education completed ,T10_4_HCM,Higher certificate - Males,,,,T10_4_HCM,Higher certificate - Males,,W100406,,,,Population aged 15 years and over by sex and highest level of education completed ,T10_4_PM,Primary Education (Males),,1,,L100401
,,T10_3_SOCT,"Social sciences, business and law - Total",,,,S100327,,Theme 10: Education ,Table 4: Population aged 15 years and over by sex and highest level of education completed ,T10_4_ODNDM,Ordinary bachelor degree or national diploma - Males,,,,T10_4_ODNDM,Ordinary bachelor degree or national diploma - Males,,W100407,,,,,T10_4_LSM,Lower Secondary (Males),,2,,L100402
,,T10_3_SCIT,"Science, mathematics and computing - Total",,,,S100328,,Theme 10: Education ,Table 4: Population aged 15 years and over by sex and highest level of education completed ,T10_4_HDPQM,"Honours bachelor degree, professional qualification or both - Males",,,,T10_4_HDPQM,"Honours bachelor degree, professional qualification or both - Males",,W100408,,,,,T10_4_USM,Upper Secondary (Males),,3,,L100403
,,T10_3_ENGT,"Engineering, manufacturing and construction - Total",,,,S100329,,Theme 10: Education ,Table 4: Population aged 15 years and over by sex and highest level of education completed ,T10_4_PDM,Postgraduate diploma or degree - Males,,,,T10_4_PDM,Postgraduate diploma or degree - Males,,W100409,,,,,T10_4_TVM,Technical or Vocational qualification (Males),,4,,L100404
,,T10_3_AGRT,Agriculture and veterinary - Total,,,,S100330,,Theme 10: Education ,Table 4: Population aged 15 years and over by sex and highest level of education completed ,T10_4_DM,Doctorate(Ph.D) or higher - Males,,,,T10_4_DM,Doctorate(Ph.D) or higher - Males,,W100410,,,,,T10_4_ACCAM,Advanced Certificate/Completed Apprenticeship (Males),,5,,L100405
,,T10_3_HEAT,Health and welfare - Total,,,,S100331,,Theme 10: Education ,Table 4: Population aged 15 years and over by sex and highest level of education completed ,T10_4_NSM,Not stated - Males,,,,T10_4_NSM,Not stated - Males,,W100411,,,,,T10_4_HCM,Higher Certificate (Males),,6,,L100406
,,T10_3_SERT,Services - Total,,,,S100332,,Theme 10: Education ,Table 4: Population aged 15 years and over by sex and highest level of education completed ,T10_4_TM,Total - Males,,,,T10_4_TM,Total - Males,,W100412,,,,,T10_4_ODNDM,Ordinary Bachelor Degree or National Diploma (Males),,7,,L100407
,,T10_3_OTHT,Other subjects - Total,,,,S100333,,Theme 10: Education ,Table 4: Population aged 15 years and over by sex and highest level of education completed ,T10_4_NFF,No formal education - Females,,,,T10_4_NFF,No formal education - Females,,W100413,,,,,T10_4_HDPQM,"Honours Bachelor Degree, Professional Qualification or both (Males)",,8,,L100408
,,T10_3_NST,Not stated - Total,,,,S100334,,Theme 10: Education ,Table 4: Population aged 15 years and over by sex and highest level of education completed ,T10_4_PF,Primary education - Females,,,,T10_4_PF,Primary education - Females,,W100414,,,,,T10_4_PDM,Postgraduate Diploma or Degree (Males),,9,,L100409
,,T10_3_TT,Total,,,,S100335,,Theme 10: Education ,Table 4: Population aged 15 years and over by sex and highest level of education completed ,T10_4_LSF,Lower secondary - Females,,,,T10_4_LSF,Lower secondary - Females,,W100415,,,,,T10_4_DM,Doctorate(Ph.D) or higher (Males),,10,,L100410
Theme 10: Education ,Table 4,T10_4_NFM,No formal education - Males,,,,S100400,,Theme 10: Education ,Table 4: Population aged 15 years and over by sex and highest level of education completed ,T10_4_USF,Upper secondary - Females,,,,T10_4_USF,Upper secondary - Females,,W100416,,,,,T10_4_NSM,Not Stated (Males),,11,,L100411
,Population aged 15 years and over by sex and highest level of education completed ,T10_4_PM,Primary education - Males,,,,S100401,,Theme 10: Education ,Table 4: Population aged 15 years and over by sex and highest level of education completed ,T10_4_TVF,Technical or vocational qualification - Females,,,,T10_4_TVF,Technical or vocational qualification - Females,,W100417,,,,,T10_4_TM,Total (Males),,12,,L100412
,,T10_4_LSM,Lower secondary - Males,,,,S100402,,Theme 10: Education ,Table 4: Population aged 15 years and over by sex and highest level of education completed ,T10_4_ACCAF,Advanced certificate/Completed apprenticeship - Females,,,,T10_4_ACCAF,Advanced certificate/Completed apprenticeship - Females,,W100418,,,,,T10_4_NFF,No Formal Education (Females),,13,,L100413
,,T10_4_USM,Upper secondary - Males,,,,S100403,,Theme 10: Education ,Table 4: Population aged 15 years and over by sex and highest level of education completed ,T10_4_HCF,Higher certificate - Females,,,,T10_4_HCF,Higher certificate - Females,,W100419,,,,,T10_4_PF,Primary Education (Females),,14,,L100414
,,T10_4_TVM,Technical or vocational qualification - Males,,,,S100404,,Theme 10: Education ,Table 4: Population aged 15 years and over by sex and highest level of education completed ,T10_4_ODNDF,Ordinary bachelor degree or national diploma - Females,,,,T10_4_ODNDF,Ordinary bachelor degree or national diploma - Females,,W100420,,,,,T10_4_LSF,Lower Secondary (Females),,15,,L100415
,,T10_4_ACCAM,Advanced certificate/Completed apprenticeship - Males,,,,S100405,,Theme 10: Education ,Table 4: Population aged 15 years and over by sex and highest level of education completed ,T10_4_HDPQF,"Honours bachelor degree, professional qualification or both - Females",,,,T10_4_HDPQF,"Honours bachelor degree, professional qualification or both - Females",,W100421,,,,,T10_4_USF,Upper Secondary (Females),,16,,L100416
,,T10_4_HCM,Higher certificate - Males,,,,S100406,,Theme 10: Education ,Table 4: Population aged 15 years and over by sex and highest level of education completed ,T10_4_PDF,Postgraduate diploma or degree - Females,,,,T10_4_PDF,Postgraduate diploma or degree - Females,,W100422,,,,,T10_4_TVF,Technical or Vocational qualification (Females),,17,,L100417
,,T10_4_ODNDM,Ordinary bachelor degree or national diploma - Males,,,,S100407,,Theme 10: Education ,Table 4: Population aged 15 years and over by sex and highest level of education completed ,T10_4_DF,Doctorate(Ph.D) or higher - Females,,,,T10_4_DF,Doctorate(Ph.D) or higher - Females,,W100423,,,,,T10_4_ACCAF,Advanced Certificate/Completed Apprenticeship (Females),,18,,L100418
,,T10_4_HDPQM,"Honours bachelor degree, professional qualification or both - Males",,,,S100408,,Theme 10: Education ,Table 4: Population aged 15 years and over by sex and highest level of education completed ,T10_4_NSF,Not stated - Females,,,,T10_4_NSF,Not stated - Females,,W100424,,,,,T10_4_HCF,Higher Certificate (Females),,19,,L100419
,,T10_4_PDM,Postgraduate diploma or degree - Males,,,,S100409,,Theme 10: Education ,Table 4: Population aged 15 years and over by sex and highest level of education completed ,T10_4_TF,Total - Females,,,,T10_4_TF,Total - Females,,W100425,,,,,T10_4_ODNDF,Ordinary Bachelor Degree or National Diploma (Females),,20,,L100420
,,T10_4_DM,Doctorate(Ph.D) or higher - Males,,,,S100410,,Theme 10: Education ,Table 4: Population aged 15 years and over by sex and highest level of education completed ,T10_4_NFT,No formal education - Total,,,,T10_4_NFT,No formal education - Total,,W100426,,,,,T10_4_HDPQF,"Honours Bachelor Degree, Professional Qualification or both (Females)",,21,,L100421
,,T10_4_NSM,Not stated - Males,,,,S100411,,Theme 10: Education ,Table 4: Population aged 15 years and over by sex and highest level of education completed ,T10_4_PT,Primary education - Total,,,,T10_4_PT,Primary education - Total,,W100427,,,,,T10_4_PDF,Postgraduate Diploma or Degree (Females),,22,,L100422
,,T10_4_TM,Total - Males,,,,S100412,,Theme 10: Education ,Table 4: Population aged 15 years and over by sex and highest level of education completed ,T10_4_LST,Lower secondary - Total,,,,T10_4_LST,Lower secondary - Total,,W100428,,,,,T10_4_DF,Doctorate(Ph.D) or higher (Females),,23,,L100423
,,T10_4_NFF,No formal education - Females,,,,S100413,,Theme 10: Education ,Table 4: Population aged 15 years and over by sex and highest level of education completed ,T10_4_UST,Upper secondary - Total,,,,T10_4_UST,Upper secondary - Total,,W100429,,,,,T10_4_NSF,Not Stated (Females),,24,,L100424
,,T10_4_PF,Primary education - Females,,,,S100414,,Theme 10: Education ,Table 4: Population aged 15 years and over by sex and highest level of education completed ,T10_4_TVT,Technical or vocational qualification - Total,,,,T10_4_TVT,Technical or vocational qualification - Total,,W100430,,,,,T10_4_TF,Total (Females),,25,,L100425
,,T10_4_LSF,Lower secondary - Females,,,,S100415,,Theme 10: Education ,Table 4: Population aged 15 years and over by sex and highest level of education completed ,T10_4_ACCAT,Advanced certificate/Completed apprenticeship - Total,,,,T10_4_ACCAT,Advanced certificate/Completed apprenticeship - Total,,W100431,,,,,T10_4_NFT,No Formal Education (Total),,26,,L100426
,,T10_4_USF,Upper secondary - Females,,,,S100416,,Theme 10: Education ,Table 4: Population aged 15 years and over by sex and highest level of education completed ,T10_4_HCT,Higher certificate - Total,,,,T10_4_HCT,Higher certificate - Total,,W100432,,,,,T10_4_PT,Primary Education (Total),,27,,L100427
,,T10_4_TVF,Technical or vocational qualification - Females,,,,S100417,,Theme 10: Education ,Table 4: Population aged 15 years and over by sex and highest level of education completed ,T10_4_ODNDT,Ordinary bachelor degree or national diploma - Total,,,,T10_4_ODNDT,Ordinary bachelor degree or national diploma - Total,,W100433,,,,,T10_4_LST,Lower Secondary (Total),,28,,L100428
,,T10_4_ACCAF,Advanced certificate/Completed apprenticeship - Females,,,,S100418,,Theme 10: Education ,Table 4: Population aged 15 years and over by sex and highest level of education completed ,T10_4_HDPQT,"Honours bachelor degree, professional qualification or both - Total",,,,T10_4_HDPQT,"Honours bachelor degree, professional qualification or both - Total",,W100434,,,,,T10_4_UST,Upper Secondary (Total),,29,,L100429
,,T10_4_HCF,Higher certificate - Females,,,,S100419,,Theme 10: Education ,Table 4: Population aged 15 years and over by sex and highest level of education completed ,T10_4_PDT,Postgraduate diploma or degree - Total,,,,T10_4_PDT,Postgraduate diploma or degree - Total,,W100435,,,,,T10_4_TVT,Technical or Vocational qualification (Total),,30,,L100430
,,T10_4_ODNDF,Ordinary bachelor degree or national diploma - Females,,,,S100420,,Theme 10: Education ,Table 4: Population aged 15 years and over by sex and highest level of education completed ,T10_4_DT,Doctorate(Ph.D) or higher - Total,,,,T10_4_DT,Doctorate(Ph.D) or higher - Total,,W100436,,,,,T10_4_ACCAT,Advanced Certificate/Completed Apprenticeship (Total),,31,,L100431
,,T10_4_HDPQF,"Honours bachelor degree, professional qualification or both - Females",,,,S100421,,Theme 10: Education ,Table 4: Population aged 15 years and over by sex and highest level of education completed ,T10_4_NST,Not stated - Total,,,,T10_4_NST,Not stated - Total,,W100437,,,,,T10_4_HCT,Higher Certificate (Total),,32,,L100432
,,T10_4_PDF,Postgraduate diploma or degree - Females,,,,S100422,,Theme 10: Education ,Table 4: Population aged 15 years and over by sex and highest level of education completed ,T10_4_TT,Total,,,,T10_4_TT,Total,,W100438,,,,,T10_4_ODNDT,Ordinary Bachelor Degree or National Diploma (Total),,33,,L100433
,,T10_4_DF,Doctorate(Ph.D) or higher - Females,,,,S100423,,"Theme 11: Commuting  , Working from Home and Childcare","Table 1: Population aged 5 years and over by means of travel to work, school or college",T11_1_FW,On foot - Work,,"Theme 11: Commuting  , Working from Home and Childcare","Table 1: Population aged 5 years and over by means of travel to work, school or college",T11_1_FW,On foot - Work,,W110100,,,,,T10_4_HDPQT,"Honours Bachelor Degree, Professional Qualification or both (Total)",,34,,L100434
,,T10_4_NSF,Not stated - Females,,,,S100424,,"Theme 11: Commuting  , Working from Home and Childcare","Table 1: Population aged 5 years and over by means of travel to work, school or college",T11_1_BIW,Bicycle - Work,,,,T11_1_BIW,Bicycle - Work,,W110101,,,,,T10_4_PDT,Postgraduate Diploma or Degree (Total),,35,,L100435
,,T10_4_TF,Total - Females,,,,S100425,,"Theme 11: Commuting  , Working from Home and Childcare","Table 1: Population aged 5 years and over by means of travel to work, school or college",T11_1_BUW,"Bus, minibus or coach - Work",,,,T11_1_BUW,"Bus, minibus or coach - Work",,W110102,,,,,T10_4_DT,Doctorate(Ph.D) or higher (Total),,36,,L100436
,,T10_4_NFT,No formal education - Total,,,,S100426,,"Theme 11: Commuting  , Working from Home and Childcare","Table 1: Population aged 5 years and over by means of travel to work, school or college",T11_1_TDLW,"Train, DART or LUAS - Work",,,,T11_1_TDLW,"Train, DART or LUAS - Work",,W110103,,,,,T10_4_NST,Not Stated (Total),,37,,L100437
,,T10_4_PT,Primary education - Total,,,,S100427,,"Theme 11: Commuting  , Working from Home and Childcare","Table 1: Population aged 5 years and over by means of travel to work, school or college",T11_1_MW,Motorcycle or scooter - Work,,,,T11_1_MW,Motorcycle or scooter - Work,,W110104,,,,,T10_4_TT,Total (Total),,38,,L100438
,,T10_4_LST,Lower secondary - Total,,,,S100428,,"Theme 11: Commuting  , Working from Home and Childcare","Table 1: Population aged 5 years and over by means of travel to work, school or college",T11_1_CDW,Car driver - Work,,,,T11_1_CDW,Car driver - Work,,W110105,,,Theme 11 Commuting ,Table 1,T11_1_F,On foot,,0,,L110100
,,T10_4_UST,Upper secondary - Total,,,,S100429,,"Theme 11: Commuting  , Working from Home and Childcare","Table 1: Population aged 5 years and over by means of travel to work, school or college",T11_1_CPW,Car passenger - Work,,,,T11_1_CPW,Car passenger - Work,,W110106,,,,"Population aged 5 years and over by means of travel to work, school or college",T11_1_BI,Bicycle,,1,,L110101
,,T10_4_TVT,Technical or vocational qualification - Total,,,,S100430,,"Theme 11: Commuting  , Working from Home and Childcare","Table 1: Population aged 5 years and over by means of travel to work, school or college",T11_1_VW,Van - Work,,,,T11_1_VW,Van - Work,,W110107,,,,,T11_1_BU,"Bus, minibus or coach",,2,,L110102
,,T10_4_ACCAT,Advanced certificate/Completed apprenticeship - Total,,,,S100431,,"Theme 11: Commuting  , Working from Home and Childcare","Table 1: Population aged 5 years and over by means of travel to work, school or college",T11_1_OTHW,Other (incl. lorry) - Work,,,,T11_1_OTHW,Other (incl. lorry) - Work,,W110108,,,,,T11_1_TDL,"Train, DART or LUAS",,3,,L110103
,,T10_4_HCT,Higher certificate - Total,,,,S100432,,"Theme 11: Commuting  , Working from Home and Childcare","Table 1: Population aged 5 years and over by means of travel to work, school or college",T11_1_WMFHW,Work mainly at or from home - Work,,,,T11_1_WMFHW,Work mainly at or from home - Work,,W110109,,,,,T11_1_M,Motorcycle or scooter,,4,,L110104
,,T10_4_ODNDT,Ordinary bachelor degree or national diploma - Total,,,,S100433,,"Theme 11: Commuting  , Working from Home and Childcare","Table 1: Population aged 5 years and over by means of travel to work, school or college",T11_1_NSW,Not stated - Work,,,,T11_1_NSW,Not stated - Work,,W110110,,,,,T11_1_CD,Car driver,,5,,L110105
,,T10_4_HDPQT,"Honours bachelor degree, professional qualification or both - Total",,,,S100434,,"Theme 11: Commuting  , Working from Home and Childcare","Table 1: Population aged 5 years and over by means of travel to work, school or college",T11_1_TW,Total - Work,,,,T11_1_TW,Total - Work,,W110111,,,,,T11_1_CP,Car passenger,,6,,L110106
,,T10_4_PDT,Postgraduate diploma or degree - Total,,,,S100435,,"Theme 11: Commuting  , Working from Home and Childcare","Table 1: Population aged 5 years and over by means of travel to work, school or college",T11_1_FSCCC,"On foot - School, college or childcare",,,,T11_1_FSCCC,"On foot - School, college or childcare",,W110112,,,,,T11_1_V,Van,,7,,L110107
,,T10_4_DT,Doctorate(Ph.D) or higher - Total,,,,S100436,,"Theme 11: Commuting  , Working from Home and Childcare","Table 1: Population aged 5 years and over by means of travel to work, school or college",T11_1_BISCCC,"Bicycle - School, college or childcare",,,,T11_1_BISCCC,"Bicycle - School, college or childcare",,W110113,,,,,T11_1_OTH,Other,,8,,L110108
,,T10_4_NST,Not stated - Total,,,,S100437,,"Theme 11: Commuting  , Working from Home and Childcare","Table 1: Population aged 5 years and over by means of travel to work, school or college",T11_1_BUSCCC,"Bus, minibus or coach - School, college or childcare",,,,T11_1_BUSCCC,"Bus, minibus or coach - School, college or childcare",,W110114,,,,,T11_1_NS,Not stated,,9,,L110109
,,T10_4_TT,Total,,,,S100438,,"Theme 11: Commuting  , Working from Home and Childcare","Table 1: Population aged 5 years and over by means of travel to work, school or college",T11_1_TDLSCCC,"Train, DART or LUAS - School, college or childcare",,,,T11_1_TDLSCCC,"Train, DART or LUAS - School, college or childcare",,W110115,,,,,T11_1_T,Total,,10,,L110110
Theme 11: Commuting ,Table 1,T11_1_FW,On foot - Work,/* NEW FOR SAPS 2016 */,,,S110100,,"Theme 11: Commuting  , Working from Home and Childcare","Table 1: Population aged 5 years and over by means of travel to work, school or college",T11_1_MSCCC,"Motorcycle or scooter - School, college or childcare",,,,T11_1_MSCCC,"Motorcycle or scooter - School, college or childcare",,W110116,,,Theme 11 Commuting ,Table 2,T11_2_T1,Before 06:30,,0,,L110200
,"Population aged 5 years and over by means of travel to work, school or college",T11_1_BIW,Bicycle - Work,/* NEW FOR SAPS 2016 */,,,S110101,,"Theme 11: Commuting  , Working from Home and Childcare","Table 1: Population aged 5 years and over by means of travel to work, school or college",T11_1_CDSCCC,"Car driver - School, college or childcare",,,,T11_1_CDSCCC,"Car driver - School, college or childcare",,W110117,,,,"Population aged 5 years and over by time leaving home to travel to work, school or college ",T11_2_T2,06:30-07:00,,1,,L110201
,,T11_1_BUW,"Bus, minibus or coach - Work",/* NEW FOR SAPS 2016 */,,,S110102,,"Theme 11: Commuting  , Working from Home and Childcare","Table 1: Population aged 5 years and over by means of travel to work, school or college",T11_1_CPSCCC,"Car passenger - School, college or childcare",,,,T11_1_CPSCCC,"Car passenger - School, college or childcare",,W110118,,,,,T11_2_T3,07:01-07:30,,2,,L110202
,,T11_1_TDLW,"Train, DART or LUAS - Work",/* NEW FOR SAPS 2016 */,,,S110103,,"Theme 11: Commuting  , Working from Home and Childcare","Table 1: Population aged 5 years and over by means of travel to work, school or college",T11_1_VSCCC,"Van - School, college or childcare",,,,T11_1_VSCCC,"Van - School, college or childcare",,W110119,,,,,T11_2_T4,07:31-08:00,,3,,L110203
,,T11_1_MW,Motorcycle or scooter - Work,/* NEW FOR SAPS 2016 */,,,S110104,,"Theme 11: Commuting  , Working from Home and Childcare","Table 1: Population aged 5 years and over by means of travel to work, school or college",T11_1_OTHSCCC,"Other (incl. lorry) - School, college or childcare",,,,T11_1_OTHSCCC,"Other (incl. lorry) - School, college or childcare",,W110120,,,,,T11_2_T5,08:01-08:30,,4,,L110204
,,T11_1_CDW,Car driver - Work,/* NEW FOR SAPS 2016 */,,,S110105,,"Theme 11: Commuting  , Working from Home and Childcare","Table 1: Population aged 5 years and over by means of travel to work, school or college",T11_1_WMFHSCCC,"Work mainly at or from home - School, college or childcare",,,,T11_1_WMFHSCCC,"Work mainly at or from home - School, college or childcare",,W110121,,,,,T11_2_T6,08:31-09:00,,5,,L110205
,,T11_1_CPW,Car passenger - Work,/* NEW FOR SAPS 2016 */,,,S110106,,"Theme 11: Commuting  , Working from Home and Childcare","Table 1: Population aged 5 years and over by means of travel to work, school or college",T11_1_NSSCCC,"Not stated - School, college or childcare",,,,T11_1_NSSCCC,"Not stated - School, college or childcare",,W110122,,,,,T11_2_T7,09:01-09:30,,6,,L110206
,,T11_1_VW,Van - Work,/* NEW FOR SAPS 2016 */,,,S110107,,"Theme 11: Commuting  , Working from Home and Childcare","Table 1: Population aged 5 years and over by means of travel to work, school or college",T11_1_TSCCC,"Total - School, college or childcare",,,,T11_1_TSCCC,"Total - School, college or childcare",,W110123,,,,,T11_2_T8,After 09:30,,7,,L110207
,,T11_1_OTHW,Other (incl. lorry) - Work,/* NEW FOR SAPS 2016 */,,,S110108,,"Theme 11: Commuting  , Working from Home and Childcare","Table 1: Population aged 5 years and over by means of travel to work, school or college",T11_1_FT,On foot - Total,,,,T11_1_FT,On foot - Total,,W110124,,,,,T11_2_NS,Not stated,,8,,L110208
,,T11_1_WMFHW,Work mainly at or from home - Work,/* NEW FOR SAPS 2016 */,,,S110109,,"Theme 11: Commuting  , Working from Home and Childcare","Table 1: Population aged 5 years and over by means of travel to work, school or college",T11_1_BIT,Bicycle - Total,,,,T11_1_BIT,Bicycle - Total,,W110125,,,,,T11_2_T,Total,,9,,L110209
,,T11_1_NSW,Not stated - Work,/* NEW FOR SAPS 2016 */,,,S110110,,"Theme 11: Commuting  , Working from Home and Childcare","Table 1: Population aged 5 years and over by means of travel to work, school or college",T11_1_BUT,"Bus, minibus or coach - Total",,,,T11_1_BUT,"Bus, minibus or coach - Total",,W110126,,,Theme 11 Commuting ,Table 2,T11_3_D1,Under 15 mins,,0,,L110300
,,T11_1_TW,Total - Work,/* NEW FOR SAPS 2016 */,,,S110111,,"Theme 11: Commuting  , Working from Home and Childcare","Table 1: Population aged 5 years and over by means of travel to work, school or college",T11_1_TDLT,"Train, DART or LUAS - Total",,,,T11_1_TDLT,"Train, DART or LUAS - Total",,W110127,,,,"Population aged 5 years and over by journey time to work, school or college ",T11_3_D2,1/4 hour - under 1/2 hour,,1,,L110301
,,T11_1_FS,On foot - School or college,/* NEW FOR SAPS 2016 */,,,S110112,,"Theme 11: Commuting  , Working from Home and Childcare","Table 1: Population aged 5 years and over by means of travel to work, school or college",T11_1_MT,Motorcycle or scooter - Total,,,,T11_1_MT,Motorcycle or scooter - Total,,W110128,,,,,T11_3_D3,1/2 hour - under 3/4 hour,,2,,L110302
,,T11_1_BIS,Bicycle - School or college,/* NEW FOR SAPS 2016 */,,,S110113,,"Theme 11: Commuting  , Working from Home and Childcare","Table 1: Population aged 5 years and over by means of travel to work, school or college",T11_1_CDT,Car driver - Total,,,,T11_1_CDT,Car driver - Total,,W110129,,,,,T11_3_D4,3/4 hour - under 1 hour,,3,,L110303
,,T11_1_BUS,"Bus, minibus or coach - School or college",/* NEW FOR SAPS 2016 */,,,S110114,,"Theme 11: Commuting  , Working from Home and Childcare","Table 1: Population aged 5 years and over by means of travel to work, school or college",T11_1_CPT,Car passenger - Total,,,,T11_1_CPT,Car passenger - Total,,W110130,,,,,T11_3_D5,1 hour - under 1 1/2 hours,,4,,L110304
,,T11_1_TDLS,"Train, DART or LUAS - School or college",/* NEW FOR SAPS 2016 */,,,S110115,,"Theme 11: Commuting  , Working from Home and Childcare","Table 1: Population aged 5 years and over by means of travel to work, school or college",T11_1_VT,Van - Total,,,,T11_1_VT,Van - Total,,W110131,,,,,T11_3_D6,1 1/2 hours and over,,5,,L110305
,,T11_1_MS,Motorcycle or scooter - School or college,/* NEW FOR SAPS 2016 */,,,S110116,,"Theme 11: Commuting  , Working from Home and Childcare","Table 1: Population aged 5 years and over by means of travel to work, school or college",T11_1_OTHT,Other (incl. lorry) - Total,,,,T11_1_OTHT,Other (incl. lorry) - Total,,W110132,,,,,T11_3_NS,Not stated,,6,,L110306
,,T11_1_CDS,Car driver - School or college,/* NEW FOR SAPS 2016 */,,,S110117,,"Theme 11: Commuting  , Working from Home and Childcare","Table 1: Population aged 5 years and over by means of travel to work, school or college",T11_1_WMFHT,Work mainly at or from home - Total,,,,T11_1_WMFHT,Work mainly at or from home - Total,,W110133,,,,,T11_3_T,Total,,7,,L110307
,,T11_1_CPS,Car passenger - School or college,/* NEW FOR SAPS 2016 */,,,S110118,,"Theme 11: Commuting  , Working from Home and Childcare","Table 1: Population aged 5 years and over by means of travel to work, school or college",T11_1_NST,Not stated - Total,,,,T11_1_NST,Not stated - Total,,W110134,,,"Theme 12 Disability, carers and general health",Table 1,T12_1AGE0_14,Age 0-14 years,,0,,L120100
,,T11_1_VS,Van - School or college,/* NEW FOR SAPS 2016 */,,,S110119,,"Theme 11: Commuting  , Working from Home and Childcare","Table 1: Population aged 5 years and over by means of travel to work, school or college",T11_1_TT,Total,,,,T11_1_TT,Total,,W110135,,,,Persons with disability by age group,T12_1AGE15_24,Age 15-24 years,,1,,L120101
,,T11_1_OTHS,Other (incl. lorry) - School or college,/* NEW FOR SAPS 2016 */,,,S110120,,"Theme 11: Commuting  , Working from Home and Childcare","Table 2: Population aged 5 years and over by time leaving home to travel to work, school or college ",T11_2_T1,Before 06:30,,,"Table 2: Population aged 5 years and over by time leaving home to travel to work, school or college ",T11_2_T1,Before 06:30,,W110200,,,,,T12_1AGE25_44,Age 25-44 years,,2,,L120102
,,T11_1_WMFHS,Work mainly at or from home - School or college,/* NEW FOR SAPS 2016 */,,,S110121,,"Theme 11: Commuting  , Working from Home and Childcare","Table 2: Population aged 5 years and over by time leaving home to travel to work, school or college ",T11_2_T2,06:30 - 07:00,,,,T11_2_T2,06:30 - 07:00,,W110201,,,,,T12_1AGE45_64,Age 45-64 years,,3,,L120103
,,T11_1_NSS,Not stated - School or college,/* NEW FOR SAPS 2016 */,,,S110122,,"Theme 11: Commuting  , Working from Home and Childcare","Table 2: Population aged 5 years and over by time leaving home to travel to work, school or college ",T11_2_T3,07:01 - 07:30,,,,T11_2_T3,07:01 - 07:30,,W110202,,,,,T12_1AGEGE65,Age 65+ years,,4,,L120104
,,T11_1_TS,Total - School or college,/* NEW FOR SAPS 2016 */,,,S110123,,"Theme 11: Commuting  , Working from Home and Childcare","Table 2: Population aged 5 years and over by time leaving home to travel to work, school or college ",T11_2_T4,07:31 - 08:00,,,,T11_2_T4,07:31 - 08:00,,W110203,,,,,T12_1AGET,Age Total,,5,,L120105
,,T11_1_FT,On foot - Total,,,,S110124,,"Theme 11: Commuting  , Working from Home and Childcare","Table 2: Population aged 5 years and over by time leaving home to travel to work, school or college ",T11_2_T5,08:01 - 08:30,,,,T11_2_T5,08:01 - 08:30,,W110204,,,"Theme 12 Disability, carers and general health",Table 2,T12_21_14M,1-14 Hours (Males),,0,,L120200
,,T11_1_BIT,Bicycle - Total,,,,S110125,,"Theme 11: Commuting  , Working from Home and Childcare","Table 2: Population aged 5 years and over by time leaving home to travel to work, school or college ",T11_2_T6,08:31 - 09:00,,,,T11_2_T6,08:31 - 09:00,,W110205,,,,Carers by sex and number of unpaid hours per week,T12_215_28M,15-28 Hours (Males),,1,,L120201
,,T11_1_BUT,"Bus, minibus or coach - Total",,,,S110126,,"Theme 11: Commuting  , Working from Home and Childcare","Table 2: Population aged 5 years and over by time leaving home to travel to work, school or college ",T11_2_T7,09:01 - 09:30,,,,T11_2_T7,09:01 - 09:30,,W110206,,,,,T12_229_42M,29-42 Hours (Males),,2,,L120202
,,T11_1_TDLT,"Train, DART or LUAS - Total",,,,S110127,,"Theme 11: Commuting  , Working from Home and Childcare","Table 2: Population aged 5 years and over by time leaving home to travel to work, school or college ",T11_2_T8,After 09:30,,,,T11_2_T8,After 09:30,,W110207,,,,,T12_2GE43M,43+ Hours (Males),,3,,L120203
,,T11_1_MT,Motorcycle or scooter - Total,,,,S110128,,"Theme 11: Commuting  , Working from Home and Childcare","Table 2: Population aged 5 years and over by time leaving home to travel to work, school or college ",T11_2_NS,Not stated,,,,T11_2_NS,Not stated,,W110208,,,,,T12_2NSM,Not Stated (Males),,4,,L120204
,,T11_1_CDT,Car driver - Total,,,,S110129,,"Theme 11: Commuting  , Working from Home and Childcare","Table 2: Population aged 5 years and over by time leaving home to travel to work, school or college ",T11_2_T,Total,,,,T11_2_T,Total,,W110209,,,,,T12_2TM,Total (Males),,5,,L120205
,,T11_1_CPT,Car passenger - Total,,,,S110130,,"Theme 11: Commuting  , Working from Home and Childcare","Table 3: Population aged 5 years and over by journey time to work, school or college ",T11_3_D1,Under 15 mins,,,"Table 3: Population aged 5 years and over by journey time to work, school or college ",T11_3_D1,Under 15 mins,,W110300,,,,,T12_21_14F,1-14 Hours (Females),,6,,L120206
,,T11_1_VT,Van - Total,,,,S110131,,"Theme 11: Commuting  , Working from Home and Childcare","Table 3: Population aged 5 years and over by journey time to work, school or college ",T11_3_D2,1/4 hour - under 1/2 hour,,,,T11_3_D2,1/4 hour - under 1/2 hour,,W110301,,,,,T12_215_28F,15-28 Hours (Females),,7,,L120207
,,T11_1_OTHT,Other (incl. lorry) - Total,,,,S110132,,"Theme 11: Commuting  , Working from Home and Childcare","Table 3: Population aged 5 years and over by journey time to work, school or college ",T11_3_D3,1/2 hour - under 3/4 hour,,,,T11_3_D3,1/2 hour - under 3/4 hour,,W110302,,,,,T12_229_42F,29-42 Hours (Females),,8,,L120208
,,T11_1_WMFHT,Work mainly at or from home - Total,/* NEW FOR SAPS 2016 */,,,S110133,,"Theme 11: Commuting  , Working from Home and Childcare","Table 3: Population aged 5 years and over by journey time to work, school or college ",T11_3_D4,3/4 hour - under 1 hour,,,,T11_3_D4,3/4 hour - under 1 hour,,W110303,,,,,T12_2GE43F,43+ Hours (Females),,9,,L120209
,,T11_1_NST,Not stated - Total,,,,S110134,,"Theme 11: Commuting  , Working from Home and Childcare","Table 3: Population aged 5 years and over by journey time to work, school or college ",T11_3_D5,1 hour - under 1 1/2 hours,,,,T11_3_D5,1 hour - under 1 1/2 hours,,W110304,,,,,T12_2NSF,Not Stated (Females),,10,,L120210
,,T11_1_TT,Total,,,,S110135,,"Theme 11: Commuting  , Working from Home and Childcare","Table 3: Population aged 5 years and over by journey time to work, school or college ",T11_3_D6,1 1/2 hours and over,,,,T11_3_D6,1 1/2 hours and over,,W110305,,,,,T12_2TF,Total (Females),,11,,L120211
Theme 11: Commuting ,Table 2,T11_2_T1,Before 06:30,,,,S110200,,"Theme 11: Commuting  , Working from Home and Childcare","Table 3: Population aged 5 years and over by journey time to work, school or college ",T11_3_NS,Not stated,,,,T11_3_NS,Not stated,,W110306,,,"Theme 12 Disability, carers and general health",Table 3,T12_3VGM,Very Good (Males),,0,,L120300
,"Population aged 5 years and over by time leaving home to travel to work, school or college ",T11_2_T2,06:30 - 07:00,,,,S110201,,"Theme 11: Commuting  , Working from Home and Childcare","Table 3: Population aged 5 years and over by journey time to work, school or college ",T11_3_T,Total,,,,T11_3_T,Total,,W110307,,,,Population by general health and sex,T12_3GM,Good (Males),,1,,L120301
,,T11_2_T3,07:01 - 07:30,,,,S110202,,"Theme 11: Commuting  , Working from Home and Childcare",Table 4: Population aged 15 years and over by working from home,T11_4_WFH,Persons who work from home,,,Table 4: Population aged 15 years and over by working from home,T11_4_WFH,Persons who work from home,,W110400,,,,,T12_3FM,Fair (Males),,2,,L120302
,,T11_2_T4,07:31 - 08:00,,,,S110203,,"Theme 11: Commuting  , Working from Home and Childcare",Table 4: Population aged 15 years and over by working from home,T11_4_NWFH,Persons who never work from home,,,,T11_4_NWFH,Persons who never work from home,,W110401,,,,,T12_3BM,Bad (Males),,3,,L120303
,,T11_2_T5,08:01 - 08:30,,,,S110204,,"Theme 11: Commuting  , Working from Home and Childcare",Table 4: Population aged 15 years and over by working from home,T11_4_NS,Not Stated,,,,T11_4_NS,Not Stated,,W110402,,,,,T12_3VBM,Very Bad (Males),,4,,L120304
,,T11_2_T6,08:31 - 09:00,,,,S110205,,"Theme 11: Commuting  , Working from Home and Childcare",Table 4: Population aged 15 years and over by working from home,T11_4_T,Total ,,,,T11_4_T,Total ,,W110403,,,,,T12_3NSM,Not Stated (Males),,5,,L120305
,,T11_2_T7,09:01 - 09:30,,,,S110206,,"Theme 11: Commuting  , Working from Home and Childcare",Table 5: Number of children under 15 in Childcare by age,T11_5_CC_AGE0_4,Children ages 0-4 in childcare,,,Table 5: Number of children under 15 in Childcare by age,T11_5_CC_AGE0_4,Children ages 0-4 in childcare,,W110500,,,,,T12_3TM,Total (Males),,6,,L120306
,,T11_2_T8,After 09:30,,,,S110207,,"Theme 11: Commuting  , Working from Home and Childcare",Table 5: Number of children under 15 in Childcare by age,T11_5_CC_AGE5_14,Children ages 5-14 in childcare,,,,T11_5_CC_AGE5_14,Children ages 5-14 in childcare,,W110501,,,,,T12_3VGF,Very Good (Females),,7,,L120307
,,T11_2_NS,Not stated,,,,S110208,,"Theme 11: Commuting  , Working from Home and Childcare",Table 5: Number of children under 15 in Childcare by age,T11_5_CC_T,Total children under 15 in childcare,,,,T11_5_CC_T,Total children under 15 in childcare,,W110502,,,,,T12_3GF,Good (Females),,8,,L120308
,,T11_2_T,Total,,,,S110209,,"Theme 12: Disability, Carers, General Health and Smoking",Table 1: Overall prevalence of persons with disability (to some and/or to a great extent) by sex,T12_1_M,Males,,"Theme 12: Disability, Carers, General Health and Smoking",Table 1: Overall prevalence of persons with disability (to some and/or to a great extent) by sex,T12_1_M,Males,,W120100,,,,,T12_3FF,Fair (Females),,9,,L120309
Theme 11: Commuting ,Table 3,T11_3_D1,Under 15 mins,,,,S110300,,"Theme 12: Disability, Carers, General Health and Smoking",Table 1: Overall prevalence of persons with disability (to some and/or to a great extent) by sex,T12_1_F,Females,,,,T12_1_F,Females,,W120101,,,,,T12_3BF,Bad (Females),,10,,L120310
,"Population aged 5 years and over by journey time to work, school or college ",T11_3_D2,1/4 hour - under 1/2 hour,,,,S110301,,"Theme 12: Disability, Carers, General Health and Smoking",Table 1: Overall prevalence of persons with disability (to some and/or to a great extent) by sex,T12_1_T,Total Perons,,,,T12_1_T,Total Perons,,W120102,,,,,T12_3VBF,Very Bad (Females),,11,,L120311
,,T11_3_D3,1/2 hour - under 3/4 hour,,,,S110302,,"Theme 12: Disability, Carers, General Health and Smoking",Table 2: Carers by sex,T12_2_M,Males,,,Table 2: Carers by sex,T12_2_M,Males,,W120200,,,,,T12_3NSF,Not Stated (Females),,12,,L120312
,,T11_3_D4,3/4 hour - under 1 hour,,,,S110303,,"Theme 12: Disability, Carers, General Health and Smoking",Table 2: Carers by sex,T12_2_F,Females,,,,T12_2_F,Females,,W120201,,,,,T12_3TF,Total (Females),,13,,L120313
,,T11_3_D5,1 hour - under 1 1/2 hours,,,,S110304,,"Theme 12: Disability, Carers, General Health and Smoking",Table 2: Carers by sex,T12_2_T,Total,,,,T12_2_T,Total,,W120202,,,,,T12_3VGT,Very Good (Total),,14,,L120314
,,T11_3_D6,1 1/2 hours and over,,,,S110305,,"Theme 12: Disability, Carers, General Health and Smoking",Table 3: Population by general health and sex,T12_3_VGM,Very good - Males,,,Table 3: Population by general health and sex,T12_3_VGM,Very good - Males,,W120300,,,,,T12_3GT,Good (Total),,15,,L120315
,,T11_3_NS,Not stated,,,,S110306,,"Theme 12: Disability, Carers, General Health and Smoking",Table 3: Population by general health and sex,T12_3_VGF,Very good - Females,,,,T12_3_VGF,Very good - Females,,W120301,,,,,T12_3FT,Fair (Total),,16,,L120316
,,T11_3_T,Total,,,,S110307,,"Theme 12: Disability, Carers, General Health and Smoking",Table 3: Population by general health and sex,T12_3_VGT,Very good - Total,,,,T12_3_VGT,Very good - Total,,W120302,,,,,T12_3BT,Bad (Total),,17,,L120317
"Theme 12: Disability, Carers and General Health ",Table 1,T12_1_M,Males,,Further breakdowns have been removed,,S120100,,"Theme 12: Disability, Carers, General Health and Smoking",Table 3: Population by general health and sex,T12_3_GM,Good - Males,,,,T12_3_GM,Good - Males,,W120303,,,,,T12_3VBT,Very Bad (Total),,18,,L120318
,Persons with disability by sex,T12_1_F,Females,,,,S120101,,"Theme 12: Disability, Carers, General Health and Smoking",Table 3: Population by general health and sex,T12_3_GF,Good - Females,,,,T12_3_GF,Good - Females,,W120304,,,,,T12_3NST,Not Stated (Total),,19,,L120319
,,T12_1_T,Total,,,,S120102,,"Theme 12: Disability, Carers, General Health and Smoking",Table 3: Population by general health and sex,T12_3_GT,Good - Total,,,,T12_3_GT,Good - Total,,W120305,,,,,T12_3TT,Total (Total),,20,,L120320
"Theme 12: Disability, Carers and General Health ",Table 2,T12_2_M,Males,,Further breakdowns have been removed,,S120200,,"Theme 12: Disability, Carers, General Health and Smoking",Table 3: Population by general health and sex,T12_3_FM,Fair - Males,,,,T12_3_FM,Fair - Males,,W120306,,,Theme 13 Occupation,Table 1,T13_1_MDSOM,"Managers, Directors and Senior Officials (Males)",,0,,L130100
,Carers by sex,T12_2_F,Females,,,,S120201,,"Theme 12: Disability, Carers, General Health and Smoking",Table 3: Population by general health and sex,T12_3_FF,Fair - Females,,,,T12_3_FF,Fair - Females,,W120307,,,,Persons at work or unemployed by occupation and sex,T13_1_POM,Professional Occupations (Males),,1,,L130101
,,T12_2_T,Total,,,,S120202,,"Theme 12: Disability, Carers, General Health and Smoking",Table 3: Population by general health and sex,T12_3_FT,Fair - Total,,,,T12_3_FT,Fair - Total,,W120308,,,,,T13_1_APTOM,Associate Professional and Technical Occupations (Males),,2,,L130102
"Theme 12: Disability, Carers and General Health ",Table 3,T12_3_VGM,Very good - Males,,,,S120300,,"Theme 12: Disability, Carers, General Health and Smoking",Table 3: Population by general health and sex,T12_3_BM,Bad - Males,,,,T12_3_BM,Bad - Males,,W120309,,,,,T13_1_ASOM,Administrative and Secretarial Occupations (Males),,3,,L130103
,Population by general health and sex,T12_3_VGF,Very good - Females,,,,S120301,,"Theme 12: Disability, Carers, General Health and Smoking",Table 3: Population by general health and sex,T12_3_BF,Bad - Females,,,,T12_3_BF,Bad - Females,,W120310,,,,,T13_1_STOM,Skilled Trades Occupations (Males),,4,,L130104
,,T12_3_VGT,Very good - Total,,,,S120302,,"Theme 12: Disability, Carers, General Health and Smoking",Table 3: Population by general health and sex,T12_3_BT,Bad - Total,,,,T12_3_BT,Bad - Total,,W120311,,,,,T13_1_CLOSOM,"Caring, Leisure and Other Service Occupations (Males)",,5,,L130105
,,T12_3_GM,Good - Males,,,,S120303,,"Theme 12: Disability, Carers, General Health and Smoking",Table 3: Population by general health and sex,T12_3_VBM,Very bad - Males,,,,T12_3_VBM,Very bad - Males,,W120312,,,,,T13_1_SCSOM,Sales and Customer Service Occupations (Males),,6,,L130106
,,T12_3_GF,Good - Females,,,,S120304,,"Theme 12: Disability, Carers, General Health and Smoking",Table 3: Population by general health and sex,T12_3_VBF,Very bad - Females,,,,T12_3_VBF,Very bad - Females,,W120313,,,,,T13_1_PPMOM,"Process, Plant and Machine Operatives (Males)",,7,,L130107
,,T12_3_GT,Good - Total,,,,S120305,,"Theme 12: Disability, Carers, General Health and Smoking",Table 3: Population by general health and sex,T12_3_VBT,Very bad - Total,,,,T12_3_VBT,Very bad - Total,,W120314,,,,,T13_1_EOM,Elementary Occupations (Males),,8,,L130108
,,T12_3_FM,Fair - Males,,,,S120306,,"Theme 12: Disability, Carers, General Health and Smoking",Table 3: Population by general health and sex,T12_3_NSM,Not stated - Males,,,,T12_3_NSM,Not stated - Males,,W120315,,,,,T13_1_NSM,Not stated (Males),,9,,L130109
,,T12_3_FF,Fair - Females,,,,S120307,,"Theme 12: Disability, Carers, General Health and Smoking",Table 3: Population by general health and sex,T12_3_NSF,Not stated - Females,,,,T12_3_NSF,Not stated - Females,,W120316,,,,,T13_1_TM,Total (Males),,10,,L130110
,,T12_3_FT,Fair - Total,,,,S120308,,"Theme 12: Disability, Carers, General Health and Smoking",Table 3: Population by general health and sex,T12_3_NST,Not stated - Total,,,,T12_3_NST,Not stated - Total,,W120317,,,,,T13_1_MDSOF,"Managers, Directors and Senior Officials (Females)",,11,,L130111
,,T12_3_BM,Bad - Males,,,,S120309,,"Theme 12: Disability, Carers, General Health and Smoking",Table 3: Population by general health and sex,T12_3_TM,Total - Males,,,,T12_3_TM,Total - Males,,W120318,,,,,T13_1_POF,Professional Occupations (Females),,12,,L130112
,,T12_3_BF,Bad - Females,,,,S120310,,"Theme 12: Disability, Carers, General Health and Smoking",Table 3: Population by general health and sex,T12_3_TF,Total - Females,,,,T12_3_TF,Total - Females,,W120319,,,,,T13_1_APTOF,Associate Professional and Technical Occupations (Females),,13,,L130113
,,T12_3_BT,Bad - Total,,,,S120311,,"Theme 12: Disability, Carers, General Health and Smoking",Table 3: Population by general health and sex,T12_3_TT,Total,,,,T12_3_TT,Total,,W120320,,,,,T13_1_ASOF,Administrative and Secretarial Occupations (Females),,14,,L130114
,,T12_3_VBM,Very bad - Males,,,,S120312,,"Theme 12: Disability, Carers, General Health and Smoking",Table 4: Persons by smoking tobacco products ,T12_4_YES,Persons who smoke,,,Table 4: Persons by smoking tobacco products ,T12_4_YES,Persons who smoke,,W120400,,,,,T13_1_STOF,Skilled Trades Occupations (Females),,15,,L130115
,,T12_3_VBF,Very bad - Females,,,,S120313,,"Theme 12: Disability, Carers, General Health and Smoking",Table 4: Persons by smoking tobacco products ,T12_4_NO,Persons who don?t smoke,,,,T12_4_NO,Persons who don?t smoke,,W120401,,,,,T13_1_CLOSOF,"Caring, Leisure and Other Service Occupations (Females)",,16,,L130116
,,T12_3_VBT,Very bad - Total,,,,S120314,,"Theme 12: Disability, Carers, General Health and Smoking",Table 4: Persons by smoking tobacco products ,T12_4_NS,Non stated,,,,T12_4_NS,Non stated,,W120402,,,,,T13_1_SCSOF,Sales and Customer Service Occupations (Females),,17,,L130117
,,T12_3_NSM,Not stated - Males,,,,S120315,,"Theme 12: Disability, Carers, General Health and Smoking",Table 4: Persons by smoking tobacco products ,T12_4_T,Total persons,,,,T12_4_T,Total persons,,W120403,,,,,T13_1_PPMOF,"Process, Plant and Machine Operatives (Females)",,18,,L130118
,,T12_3_NSF,Not stated - Females,,,,S120316,,Theme 13: Occupations,Table 1: Persons at work or unemployed by occupation and sex,T13_1_MDSOM,"Managers, directors and senior officials - Males",,Theme 13: Occupations,Table 1: Persons at work or unemployed by occupation and sex,T13_1_MDSOM,"Managers, directors and senior officials - Males",,W130100,,,,,T13_1_EOF,Elementary Occupations (Females),,19,,L130119
,,T12_3_NST,Not stated - Total,,,,S120317,,Theme 13: Occupations,Table 1: Persons at work or unemployed by occupation and sex,T13_1_POM,Professional occupations - Males,,,,T13_1_POM,Professional occupations - Males,,W130101,,,,,T13_1_NSF,Not stated (Females),,20,,L130120
,,T12_3_TM,Total - Males,,,,S120318,,Theme 13: Occupations,Table 1: Persons at work or unemployed by occupation and sex,T13_1_APTOM,Associate professional and technical occupations - Males,,,,T13_1_APTOM,Associate professional and technical occupations - Males,,W130102,,,,,T13_1_TF,Total (Females),,21,,L130121
,,T12_3_TF,Total - Females,,,,S120319,,Theme 13: Occupations,Table 1: Persons at work or unemployed by occupation and sex,T13_1_ASOM,Administrative and secretarial occupations - Males,,,,T13_1_ASOM,Administrative and secretarial occupations - Males,,W130103,,,,,T13_1_MDSOT,"Managers, Directors and Senior Officials (Total)",,22,,L130122
,,T12_3_TT,Total,,,,S120320,,Theme 13: Occupations,Table 1: Persons at work or unemployed by occupation and sex,T13_1_STOM,Skilled trades occupations - Males,,,,T13_1_STOM,Skilled trades occupations - Males,,W130104,,,,,T13_1_POT,Professional Occupations (Total),,23,,L130123
Theme 13: Occupations,Table 1,T13_1_MDSOM,"Managers, directors and senior officials - Males",,,,S130100,,Theme 13: Occupations,Table 1: Persons at work or unemployed by occupation and sex,T13_1_CLOSOM,"Caring, leisure and other service occupations - Males",,,,T13_1_CLOSOM,"Caring, leisure and other service occupations - Males",,W130105,,,,,T13_1_APTOT,Associate Professional and Technical Occupations (Total),,24,,L130124
,Persons at work or unemployed by occupation and sex,T13_1_POM,Professional occupations - Males,,,,S130101,,Theme 13: Occupations,Table 1: Persons at work or unemployed by occupation and sex,T13_1_SCSOM,Sales and customer service occupations - Males,,,,T13_1_SCSOM,Sales and customer service occupations - Males,,W130106,,,,,T13_1_ASOT,Administrative and Secretarial Occupations (Total),,25,,L130125
,,T13_1_APTOM,Associate professional and technical occupations - Males,,,,S130102,,Theme 13: Occupations,Table 1: Persons at work or unemployed by occupation and sex,T13_1_PPMOM,"Process, plant and machine operatives - Males",,,,T13_1_PPMOM,"Process, plant and machine operatives - Males",,W130107,,,,,T13_1_STOT,Skilled Trades Occupations (Total),,26,,L130126
,,T13_1_ASOM,Administrative and secretarial occupations - Males,,,,S130103,,Theme 13: Occupations,Table 1: Persons at work or unemployed by occupation and sex,T13_1_EOM,Elementary occupations - Males,,,,T13_1_EOM,Elementary occupations - Males,,W130108,,,,,T13_1_CLOSOT,"Caring, Leisure and Other Service Occupations (Total)",,27,,L130127
,,T13_1_STOM,Skilled trades occupations - Males,,,,S130104,,Theme 13: Occupations,Table 1: Persons at work or unemployed by occupation and sex,T13_1_NSM,Not stated - Males,,,,T13_1_NSM,Not stated - Males,,W130109,,,,,T13_1_SCSOT,Sales and Customer Service Occupations (Total),,28,,L130128
,,T13_1_CLOSOM,"Caring, leisure and other service occupations - Males",,,,S130105,,Theme 13: Occupations,Table 1: Persons at work or unemployed by occupation and sex,T13_1_TM,Total - Males,,,,T13_1_TM,Total - Males,,W130110,,,,,T13_1_PPMOT,"Process, Plant and Machine Operatives (Total)",,29,,L130129
,,T13_1_SCSOM,Sales and customer service occupations - Males,,,,S130106,,Theme 13: Occupations,Table 1: Persons at work or unemployed by occupation and sex,T13_1_MDSOF,"Managers, directors and senior officials - Females",,,,T13_1_MDSOF,"Managers, directors and senior officials - Females",,W130111,,,,,T13_1_EOT,Elementary Occupations (Total),,30,,L130130
,,T13_1_PPMOM,"Process, plant and machine operatives - Males",,,,S130107,,Theme 13: Occupations,Table 1: Persons at work or unemployed by occupation and sex,T13_1_POF,Professional occupations - Females,,,,T13_1_POF,Professional occupations - Females,,W130112,,,,,T13_1_NST,Not stated (Total),,31,,L130131
,,T13_1_EOM,Elementary occupations - Males,,,,S130108,,Theme 13: Occupations,Table 1: Persons at work or unemployed by occupation and sex,T13_1_APTOF,Associate professional and technical occupations - Females,,,,T13_1_APTOF,Associate professional and technical occupations - Females,,W130113,,,,,T13_1_TT,Total (Total),,32,,L130132
,,T13_1_NSM,Not stated - Males,,,,S130109,,Theme 13: Occupations,Table 1: Persons at work or unemployed by occupation and sex,T13_1_ASOF,Administrative and secretarial occupations - Females,,,,T13_1_ASOF,Administrative and secretarial occupations - Females,,W130114,,,Theme 14 Industries,Table 1,T14_1_AFFM,"Agriculture, forestry and fishing (Males)",,0,,L140100
,,T13_1_TM,Total - Males,,,,S130110,,Theme 13: Occupations,Table 1: Persons at work or unemployed by occupation and sex,T13_1_STOF,Skilled trades occupations - Females,,,,T13_1_STOF,Skilled trades occupations - Females,,W130115,,,,Persons at work by industry and sex,T14_1_BCM,Building and construction (Males),,1,,L140101
,,T13_1_MDSOF,"Managers, directors and senior officials - Females",,,,S130111,,Theme 13: Occupations,Table 1: Persons at work or unemployed by occupation and sex,T13_1_CLOSOF,"Caring, leisure and other service occupations - Females",,,,T13_1_CLOSOF,"Caring, leisure and other service occupations - Females",,W130116,,,,,T14_1_MIM,Manufacturing industries (Males),,2,,L140102
,,T13_1_POF,Professional occupations - Females,,,,S130112,,Theme 13: Occupations,Table 1: Persons at work or unemployed by occupation and sex,T13_1_SCSOF,Sales and customer service occupations - Females,,,,T13_1_SCSOF,Sales and customer service occupations - Females,,W130117,,,,,T14_1_CTM,Commerce and trade (Males),,3,,L140103
,,T13_1_APTOF,Associate professional and technical occupations - Females,,,,S130113,,Theme 13: Occupations,Table 1: Persons at work or unemployed by occupation and sex,T13_1_PPMOF,"Process, plant and machine operatives - Females",,,,T13_1_PPMOF,"Process, plant and machine operatives - Females",,W130118,,,,,T14_1_TCM,Transport and communications (Males),,4,,L140104
,,T13_1_ASOF,Administrative and secretarial occupations - Females,,,,S130114,,Theme 13: Occupations,Table 1: Persons at work or unemployed by occupation and sex,T13_1_EOF,Elementary occupations - Females,,,,T13_1_EOF,Elementary occupations - Females,,W130119,,,,,T14_1_PAM,Public administration (Males),,5,,L140105
,,T13_1_STOF,Skilled trades occupations - Females,,,,S130115,,Theme 13: Occupations,Table 1: Persons at work or unemployed by occupation and sex,T13_1_NSF,Not stated - Females,,,,T13_1_NSF,Not stated - Females,,W130120,,,,,T14_1_PSM,Professional services (Males),,6,,L140106
,,T13_1_CLOSOF,"Caring, leisure and other service occupations - Females",,,,S130116,,Theme 13: Occupations,Table 1: Persons at work or unemployed by occupation and sex,T13_1_TF,Total - Females,,,,T13_1_TF,Total - Females,,W130121,,,,,T14_1_OTHM,Other (Males),,7,,L140107
,,T13_1_SCSOF,Sales and customer service occupations - Females,,,,S130117,,Theme 13: Occupations,Table 1: Persons at work or unemployed by occupation and sex,T13_1_MDSOT,"Managers, directors and senior officials - Total",,,,T13_1_MDSOT,"Managers, directors and senior officials - Total",,W130122,,,,,T14_1_TM,Total (Males),,8,,L140108
,,T13_1_PPMOF,"Process, plant and machine operatives - Females",,,,S130118,,Theme 13: Occupations,Table 1: Persons at work or unemployed by occupation and sex,T13_1_POT,Professional occupations - Total,,,,T13_1_POT,Professional occupations - Total,,W130123,,,,,T14_1_AFFF,"Agriculture, forestry and fishing (Females)",,9,,L140109
,,T13_1_EOF,Elementary occupations - Females,,,,S130119,,Theme 13: Occupations,Table 1: Persons at work or unemployed by occupation and sex,T13_1_APTOT,Associate professional and technical occupations - Total,,,,T13_1_APTOT,Associate professional and technical occupations - Total,,W130124,,,,,T14_1_BCF,Building and construction (Females),,10,,L140110
,,T13_1_NSF,Not stated - Females,,,,S130120,,Theme 13: Occupations,Table 1: Persons at work or unemployed by occupation and sex,T13_1_ASOT,Administrative and secretarial occupations - Total,,,,T13_1_ASOT,Administrative and secretarial occupations - Total,,W130125,,,,,T14_1_MIF,Manufacturing industries (Females),,11,,L140111
,,T13_1_TF,Total - Females,,,,S130121,,Theme 13: Occupations,Table 1: Persons at work or unemployed by occupation and sex,T13_1_STOT,Skilled trades occupations - Total,,,,T13_1_STOT,Skilled trades occupations - Total,,W130126,,,,,T14_1_CTF,Commerce and trade (Females),,12,,L140112
,,T13_1_MDSOT,"Managers, directors and senior officials - Total",,,,S130122,,Theme 13: Occupations,Table 1: Persons at work or unemployed by occupation and sex,T13_1_CLOSOT,"Caring, leisure and other service occupations - Total",,,,T13_1_CLOSOT,"Caring, leisure and other service occupations - Total",,W130127,,,,,T14_1_TCF,Transport and communications (Females),,13,,L140113
,,T13_1_POT,Professional occupations - Total,,,,S130123,,Theme 13: Occupations,Table 1: Persons at work or unemployed by occupation and sex,T13_1_SCSOT,Sales and customer service occupations - Total,,,,T13_1_SCSOT,Sales and customer service occupations - Total,,W130128,,,,,T14_1_PAF,Public administration (Females),,14,,L140114
,,T13_1_APTOT,Associate professional and technical occupations - Total,,,,S130124,,Theme 13: Occupations,Table 1: Persons at work or unemployed by occupation and sex,T13_1_PPMOT,"Process, plant and machine operatives - Total",,,,T13_1_PPMOT,"Process, plant and machine operatives - Total",,W130129,,,,,T14_1_PSF,Professional services (Females),,15,,L140115
,,T13_1_ASOT,Administrative and secretarial occupations - Total,,,,S130125,,Theme 13: Occupations,Table 1: Persons at work or unemployed by occupation and sex,T13_1_EOT,Elementary occupations - Total,,,,T13_1_EOT,Elementary occupations - Total,,W130130,,,,,T14_1_OTHF,Other (Females),,16,,L140116
,,T13_1_STOT,Skilled trades occupations - Total,,,,S130126,,Theme 13: Occupations,Table 1: Persons at work or unemployed by occupation and sex,T13_1_NST,Not stated - Total,,,,T13_1_NST,Not stated - Total,,W130131,,,,,T14_1_TF,Total (Females),,17,,L140117
,,T13_1_CLOSOT,"Caring, leisure and other service occupations - Total",,,,S130127,,Theme 13: Occupations,Table 1: Persons at work or unemployed by occupation and sex,T13_1_TT,Total,,,,T13_1_TT,Total,,W130132,,,Theme 15 PC and Internet Access,Table 1,T15_1_NC,No motor car,,0,,L150100
,,T13_1_SCSOT,Sales and customer service occupations - Total,,,,S130128,,Theme 14: Industries ,Table 1: Persons at work by industry and sex,T14_1_AFFM,"Agriculture, forestry and fishing - Males",,Theme 14: Industries ,Table 1: Persons at work by industry and sex,T14_1_AFFM,"Agriculture, forestry and fishing - Males",,W140100,,,,Number of households with cars,T15_1_1C,One motor car,,1,,L150101
,,T13_1_PPMOT,"Process, plant and machine operatives - Total",,,,S130129,,Theme 14: Industries ,Table 1: Persons at work by industry and sex,T14_1_BCM,Building and construction - Males,,,,T14_1_BCM,Building and construction - Males,,W140101,,,,,T15_1_2C,Two motor cars,,2,,L150102
,,T13_1_EOT,Elementary occupations - Total,,,,S130130,,Theme 14: Industries ,Table 1: Persons at work by industry and sex,T14_1_MIM,Manufacturing industries - Males,,,,T14_1_MIM,Manufacturing industries - Males,,W140102,,,,,T15_1_3C,Three motor cars,,3,,L150103
,,T13_1_NST,Not stated - Total,,,,S130131,,Theme 14: Industries ,Table 1: Persons at work by industry and sex,T14_1_CTM,Commerce and trade - Males,,,,T14_1_CTM,Commerce and trade - Males,,W140103,,,,,T15_1_GE4C,Four or more motor cars,,4,,L150104
,,T13_1_TT,Total,,,,S130132,,Theme 14: Industries ,Table 1: Persons at work by industry and sex,T14_1_TCM,Transport and communications - Males,,,,T14_1_TCM,Transport and communications - Males,,W140104,,,Theme 15 PC and Internet Access,Table 2,T15_2_Y,Yes,,0,,L150200
Theme 14: Industries ,Table 1,T14_1_AFFM,"Agriculture, forestry and fishing - Males",,Overall totals have been added to this table,,S140100,,Theme 14: Industries ,Table 1: Persons at work by industry and sex,T14_1_PAM,Public administration - Males,,,,T14_1_PAM,Public administration - Males,,W140105,,,,Number of households with a personal computer,T15_2_N,No,,1,,L150201
,Persons at work by industry and sex,T14_1_BCM,Building and construction - Males,,,,S140101,,Theme 14: Industries ,Table 1: Persons at work by industry and sex,T14_1_PSM,Professional services - Males,,,,T14_1_PSM,Professional services - Males,,W140106,,,,,T15_2_NS,Not Stated,,2,,L150202
,,T14_1_MIM,Manufacturing industries - Males,,,,S140102,,Theme 14: Industries ,Table 1: Persons at work by industry and sex,T14_1_OTHM,Other - Males,,,,T14_1_OTHM,Other - Males,,W140107,,,,,T15_2_T,Total,,3,,L150203
,,T14_1_CTM,Commerce and trade - Males,,,,S140103,,Theme 14: Industries ,Table 1: Persons at work by industry and sex,T14_1_TM,Total - Males,,,,T14_1_TM,Total - Males,,W140108,,,Theme 15 PC and Internet Access,Table 3,T15_3_B,Broadband,,0,,L150300
,,T14_1_TCM,Transport and communications - Males,,,,S140104,,Theme 14: Industries ,Table 1: Persons at work by industry and sex,T14_1_AFFF,"Agriculture, forestry and fishing - Females",,,,T14_1_AFFF,"Agriculture, forestry and fishing - Females",,W140109,,,,Number of households with internet,T15_3_OTH,Other,,1,,L150301
,,T14_1_PAM,Public administration - Males,,,,S140105,,Theme 14: Industries ,Table 1: Persons at work by industry and sex,T14_1_BCF,Building and construction - Females,,,,T14_1_BCF,Building and construction - Females,,W140110,,,,,T15_3_N,No,,2,,L150302
,,T14_1_PSM,Professional services - Males,,,,S140106,,Theme 14: Industries ,Table 1: Persons at work by industry and sex,T14_1_MIF,Manufacturing industries - Females,,,,T14_1_MIF,Manufacturing industries - Females,,W140111,,,,,T15_3_NS,Not Stated,,3,,L150303
,,T14_1_OTHM,Other - Males,,,,S140107,,Theme 14: Industries ,Table 1: Persons at work by industry and sex,T14_1_CTF,Commerce and trade - Females,,,,T14_1_CTF,Commerce and trade - Females,,W140112,,,,,T15_3_T,Total,,4,,L150304
,,T14_1_TM,Total - Males,,,,S140108,,Theme 14: Industries ,Table 1: Persons at work by industry and sex,T14_1_TCF,Transport and communications - Females,,,,T14_1_TCF,Transport and communications - Females,,W140113,,,,,,,,,,
,,T14_1_AFFF,"Agriculture, forestry and fishing - Females",,,,S140109,,Theme 14: Industries ,Table 1: Persons at work by industry and sex,T14_1_PAF,Public administration - Females,,,,T14_1_PAF,Public administration - Females,,W140114,,,,,,,,,,
,,T14_1_BCF,Building and construction - Females,,,,S140110,,Theme 14: Industries ,Table 1: Persons at work by industry and sex,T14_1_PSF,Professional services - Females,,,,T14_1_PSF,Professional services - Females,,W140115,,,,,,,,,,
,,T14_1_MIF,Manufacturing industries - Females,,,,S140111,,Theme 14: Industries ,Table 1: Persons at work by industry and sex,T14_1_OTHF,Other - Females,,,,T14_1_OTHF,Other - Females,,W140116,,,,,,,,,,
,,T14_1_CTF,Commerce and trade - Females,,,,S140112,,Theme 14: Industries ,Table 1: Persons at work by industry and sex,T14_1_TF,Total - Females,,,,T14_1_TF,Total - Females,,W140117,,,,,,,,,,
,,T14_1_TCF,Transport and communications - Females,,,,S140113,,Theme 14: Industries ,Table 1: Persons at work by industry and sex,T14_1_AFFT,"Agriculture, forestry and fishing - Total",,,,T14_1_AFFT,"Agriculture, forestry and fishing - Total",,W140118,,,,,,,,,,
,,T14_1_PAF,Public administration - Females,,,,S140114,,Theme 14: Industries ,Table 1: Persons at work by industry and sex,T14_1_BCT,Building and construction - Total,,,,T14_1_BCT,Building and construction - Total,,W140119,,,,,,,,,,
,,T14_1_PSF,Professional services - Females,,,,S140115,,Theme 14: Industries ,Table 1: Persons at work by industry and sex,T14_1_MIT,Manufacturing industries - Total,,,,T14_1_MIT,Manufacturing industries - Total,,W140120,,,,,,,,,,
,,T14_1_OTHF,Other - Females,,,,S140116,,Theme 14: Industries ,Table 1: Persons at work by industry and sex,T14_1_CTT,Commerce and trade - Total,,,,T14_1_CTT,Commerce and trade - Total,,W140121,,,,,,,,,,
,,T14_1_TF,Total - Females,,,,S140117,,Theme 14: Industries ,Table 1: Persons at work by industry and sex,T14_1_TCT,Transport and communications - Total,,,,T14_1_TCT,Transport and communications - Total,,W140122,,,,,,,,,,
,,T14_1_AFFT,"Agriculture, forestry and fishing - Total",/* NEW FOR SAPS 2016 */,,,S140118,,Theme 14: Industries ,Table 1: Persons at work by industry and sex,T14_1_PAT,Public administration - Total,,,,T14_1_PAT,Public administration - Total,,W140123,,,,,,,,,,
,,T14_1_BCT,Building and construction - Total,/* NEW FOR SAPS 2016 */,,,S140119,,Theme 14: Industries ,Table 1: Persons at work by industry and sex,T14_1_PST,Professional services - Total,,,,T14_1_PST,Professional services - Total,,W140124,,,,,,,,,,
,,T14_1_MIT,Manufacturing industries - Total,/* NEW FOR SAPS 2016 */,,,S140120,,Theme 14: Industries ,Table 1: Persons at work by industry and sex,T14_1_OTHT,Other - Total,,,,T14_1_OTHT,Other - Total,,W140125,,,,,,,,,,
,,T14_1_CTT,Commerce and trade - Total,/* NEW FOR SAPS 2016 */,,,S140121,,Theme 14: Industries ,Table 1: Persons at work by industry and sex,T14_1_TT,Total,,,,T14_1_TT,Total,,W140126,,,,,,,,,,
,,T14_1_TCT,Transport and communications - Total,/* NEW FOR SAPS 2016 */,,,S140122,,"Theme 15: Motor Car Availability, PC Ownership and Internet Access",Table 1: Number of households with cars,T15_1_NC,No motor car,,"Theme 15: Motor Car Availability, PC Ownership and Internet Access",Table 1: Number of households with cars,T15_1_NC,No motor car,,W150100,,,,,,,,,,
,,T14_1_PAT,Public administration - Total,/* NEW FOR SAPS 2016 */,,,S140123,,"Theme 15: Motor Car Availability, PC Ownership and Internet Access",Table 1: Number of households with cars,T15_1_1C,1 motor car,,,,T15_1_1C,1 motor car,,W150101,,,,,,,,,,
,,T14_1_PST,Professional services - Total,/* NEW FOR SAPS 2016 */,,,S140124,,"Theme 15: Motor Car Availability, PC Ownership and Internet Access",Table 1: Number of households with cars,T15_1_2C,2 motor cars,,,,T15_1_2C,2 motor cars,,W150102,,,,,,,,,,
,,T14_1_OTHT,Other - Total,/* NEW FOR SAPS 2016 */,,,S140125,,"Theme 15: Motor Car Availability, PC Ownership and Internet Access",Table 1: Number of households with cars,T15_1_3C,3 motor cars,,,,T15_1_3C,3 motor cars,,W150103,,,,,,,,,,
,,T14_1_TT,Total,/* NEW FOR SAPS 2016 */,,,S140126,,"Theme 15: Motor Car Availability, PC Ownership and Internet Access",Table 1: Number of households with cars,T15_1_GE4C,4 or more motor cars,,,,T15_1_GE4C,4 or more motor cars,,W150104,,,,,,,,,,
"Theme 15: Motor Car Availability, PC Ownership and Internet Access",Table 1,T15_1_NC,No motor car,,Previously not stated was included in no motor car,,S150100,,"Theme 15: Motor Car Availability, PC Ownership and Internet Access",Table 1: Number of households with cars,T15_1_NSC,Not stated,,,,T15_1_NSC,Not stated,,W150105,,,,,,,,,,
,Number of households with cars,T15_1_1C,1 motor car,,,,S150101,,"Theme 15: Motor Car Availability, PC Ownership and Internet Access",Table 1: Number of households with cars,T15_1_TC,Total,,,,T15_1_TC,Total,,W150106,,,,,,,,,,
,,T15_1_2C,2 motor cars,,,,S150102,,"Theme 15: Motor Car Availability, PC Ownership and Internet Access",Table 2: Number of households by type of  internet connection ,T15_2_BB,Broadband,,,Table 2: Number of households by type of  internet connection ,T15_2_BB,Broadband,,W150200,,,,,,,,,,
,,T15_1_3C,3 motor cars,,,,S150103,,"Theme 15: Motor Car Availability, PC Ownership and Internet Access",Table 2: Number of households by type of  internet connection ,T15_2_OIC,Other internet connection,,,,T15_2_OIC,Other internet connection,,W150201,,,,,,,,,,
,,T15_1_GE4C,4 or more motor cars,,,,S150104,,"Theme 15: Motor Car Availability, PC Ownership and Internet Access",Table 2: Number of households by type of  internet connection ,T15_2_NO,No internet connection,,,,T15_2_NO,No internet connection,,W150202,,,,,,,,,,
,,T15_1_NSC,Not stated,/* NEW FOR SAPS 2016 */,,,S150105,,"Theme 15: Motor Car Availability, PC Ownership and Internet Access",Table 2: Number of households by type of  internet connection ,T15_2_NS,Type of internet connection not stated,,,,T15_2_NS,Type of internet connection not stated,,W150203,,,,,,,,,,
,,T15_1_TC,Total,,,,S150106,,"Theme 15: Motor Car Availability, PC Ownership and Internet Access",Table 2: Number of households by type of  internet connection ,T15_2_T,All internet connections,,,,T15_2_T,All internet connections,,W150204,,,,,,,,,,
"Theme 15: Motor Car Availability, PC Ownership and Internet Access",Table 2,T15_2_Y,Yes,,,,S150200,,,,,,,,,,,,,,,,,,,,,,
,Number of households with a personal computer,T15_2_N,No,,,,S150201,,,,,,,,,,,,,,,,,,,,,,
,,T15_2_NS,Not stated,,,,S150202,,,,,,,,,,,,,,,,,,,,,,
,,T15_2_T,Total,,,,S150203,,,,,,,,,,,,,,,,,,,,,,
"Theme 15: Motor Car Availability, PC Ownership and Internet Access",Table 3,T15_3_B,Broadband,,,,S150300,,,,,,,,,,,,,,,,,,,,,,
,Number of households with internet,T15_3_OTH,Other,,,,S150301,,,,,,,,,,,,,,,,,,,,,,
,,T15_3_N,No,,,,S150302,,,,,,,,,,,,,,,,,,,,,,
,,T15_3_NS,Not stated,,,,S150303,,,,,,,,,,,,,,,,,,,,,,
,,T15_3_T,Total,,,,S150304,,,,,,,,,,,,,,,,,,,,,,
